pair,threshold,leakage_method,classifier,subset,f1_macro,auc,mcc,support_buggy,support_clean,total
1,0.9,embedding_0.9,RandomForest,baseline,0.7965403455555328,0.9732144453383391,0.6040536968416668,113,990,1103
1,0.9,embedding_0.9,RandomForest,cleaned,0.48344370860927155,0.7054794520547946,0.0,5,73,78
1,0.9,embedding_0.9,RandomForest,leaked-only,0.8047502480602964,0.9754382244840261,0.6179758718186474,108,917,1025
1,0.9,embedding_0.9,LogisticRegression,baseline,0.6919379263981227,0.8969518190757129,0.46930293252633765,113,990,1103
1,0.9,embedding_0.9,LogisticRegression,cleaned,0.4209968186638388,0.6109589041095891,0.07268945823537179,5,73,78
1,0.9,embedding_0.9,LogisticRegression,leaked-only,0.7187533461826747,0.9149501191485924,0.5095287051506986,108,917,1025
1,0.91,embedding_0.91,RandomForest,baseline,0.7965403455555328,0.9732144453383391,0.6040536968416668,113,990,1103
1,0.91,embedding_0.91,RandomForest,cleaned,0.484472049689441,0.6833333333333333,0.0,5,78,83
1,0.91,embedding_0.91,RandomForest,leaked-only,0.8046529975217172,0.9755573830409356,0.6177913535498822,108,912,1020
1,0.91,embedding_0.91,LogisticRegression,baseline,0.6919379263981227,0.8969518190757129,0.46930293252633765,113,990,1103
1,0.91,embedding_0.91,LogisticRegression,cleaned,0.4055096418732782,0.5974358974358974,0.05982732058692429,5,78,83
1,0.91,embedding_0.91,LogisticRegression,leaked-only,0.7228336186516671,0.9172453703703703,0.5152139122428867,108,912,1020
1,0.92,embedding_0.92,RandomForest,baseline,0.7965403455555328,0.9732144453383391,0.6040536968416668,113,990,1103
1,0.92,embedding_0.92,RandomForest,cleaned,0.48484848484848486,0.67375,0.0,5,80,85
1,0.92,embedding_0.92,RandomForest,leaked-only,0.8046138024481284,0.9755901505901505,0.6177169877478063,108,910,1018
1,0.92,embedding_0.92,LogisticRegression,baseline,0.6919379263981227,0.8969518190757129,0.46930293252633765,113,990,1103
1,0.92,embedding_0.92,LogisticRegression,cleaned,0.39716312056737585,0.595,0.052944840600188815,5,80,85
1,0.92,embedding_0.92,LogisticRegression,leaked-only,0.7249307384478572,0.9174196174196175,0.5181496741466078,108,910,1018
1,0.93,embedding_0.93,RandomForest,baseline,0.7965403455555328,0.9732144453383391,0.6040536968416668,113,990,1103
1,0.93,embedding_0.93,RandomForest,cleaned,0.48554913294797686,0.655952380952381,0.0,5,84,89
1,0.93,embedding_0.93,RandomForest,leaked-only,0.8045349007828616,0.9760342572152727,0.6175672872891926,108,906,1014
1,0.93,embedding_0.93,LogisticRegression,baseline,0.6919379263981227,0.8969518190757129,0.46930293252633765,113,990,1103
1,0.93,embedding_0.93,LogisticRegression,cleaned,0.388125,0.580952380952381,0.04605661864718383,5,84,89
1,0.93,embedding_0.93,LogisticRegression,leaked-only,0.7280584128522116,0.9189661515820456,0.5225431423358623,108,906,1014
1,0.94,embedding_0.94,RandomForest,baseline,0.7965403455555328,0.9732144453383391,0.6040536968416668,113,990,1103
1,0.94,embedding_0.94,RandomForest,cleaned,0.4810810810810811,0.6645264847512038,0.0,7,89,96
1,0.94,embedding_0.94,RandomForest,leaked-only,0.8084144838708733,0.9765773878080958,0.6243206458854952,106,901,1007
1,0.94,embedding_0.94,LogisticRegression,baseline,0.6919379263981227,0.8969518190757129,0.46930293252633765,113,990,1103
1,0.94,embedding_0.94,LogisticRegression,cleaned,0.39495798319327735,0.609951845906902,0.03422889383572643,7,89,96
1,0.94,embedding_0.94,LogisticRegression,leaked-only,0.7309435210891286,0.9204971415408457,0.5286085733843761,106,901,1007
1,0.95,embedding_0.95,RandomForest,baseline,0.7965403455555328,0.9732144453383391,0.6040536968416668,113,990,1103
1,0.95,embedding_0.95,RandomForest,cleaned,0.4807692307692308,0.68875,0.0,8,100,108
1,0.95,embedding_0.95,RandomForest,leaked-only,0.810218630045538,0.9770037453183521,0.6274542086714636,105,890,995
1,0.95,embedding_0.95,LogisticRegression,baseline,0.6919379263981227,0.8969518190757129,0.46930293252633765,113,990,1103
1,0.95,embedding_0.95,LogisticRegression,cleaned,0.41181399245915373,0.665,0.07071067811865475,8,100,108
1,0.95,embedding_0.95,LogisticRegression,leaked-only,0.733641821866993,0.9211449973247725,0.5320919665355677,105,890,995
1,0.96,embedding_0.96,RandomForest,baseline,0.7965403455555328,0.9732144453383391,0.6040536968416668,113,990,1103
1,0.96,embedding_0.96,RandomForest,cleaned,0.4792626728110599,0.717948717948718,0.0,9,104,113
1,0.96,embedding_0.96,RandomForest,leaked-only,0.8121809832116239,0.9771498958152457,0.6309011330130582,104,886,990
1,0.96,embedding_0.96,LogisticRegression,baseline,0.6919379263981227,0.8969518190757129,0.46930293252633765,113,990,1103
1,0.96,embedding_0.96,LogisticRegression,cleaned,0.4221590909090909,0.6698717948717948,0.09545849401404435,9,104,113
1,0.96,embedding_0.96,LogisticRegression,leaked-only,0.7344278126508932,0.9215575620767494,0.5328800852040684,104,886,990
1,0.97,embedding_0.97,RandomForest,baseline,0.7965403455555328,0.9732144453383391,0.6040536968416668,113,990,1103
1,0.97,embedding_0.97,RandomForest,cleaned,0.4787234042553192,0.7753086419753087,0.0,12,135,147
1,0.97,embedding_0.97,RandomForest,leaked-only,0.8178237947024074,0.977140871981935,0.6408416634674675,101,855,956
1,0.97,embedding_0.97,LogisticRegression,baseline,0.6919379263981227,0.8969518190757129,0.46930293252633765,113,990,1103
1,0.97,embedding_0.97,LogisticRegression,cleaned,0.44990342829550944,0.6462962962962964,0.08897212572837915,12,135,147
1,0.97,embedding_0.97,LogisticRegression,leaked-only,0.7409649634603404,0.9291529152915291,0.5466519115659655,101,855,956
1,0.98,embedding_0.98,RandomForest,baseline,0.7965403455555328,0.9732144453383391,0.6040536968416668,113,990,1103
1,0.98,embedding_0.98,RandomForest,cleaned,0.5851301115241636,0.8970838654746701,0.3235631944369196,18,261,279
1,0.98,embedding_0.98,RandomForest,leaked-only,0.8200845303264243,0.9739585589488124,0.6439331628552217,95,729,824
1,0.98,embedding_0.98,LogisticRegression,baseline,0.6919379263981227,0.8969518190757129,0.46930293252633765,113,990,1103
1,0.98,embedding_0.98,LogisticRegression,cleaned,0.5420141969831411,0.7667092379736058,0.22062276971186653,18,261,279
1,0.98,embedding_0.98,LogisticRegression,leaked-only,0.7419419494657196,0.9248285322359395,0.5490069043925581,95,729,824
1,0.99,embedding_0.99,RandomForest,baseline,0.7965403455555328,0.9732144453383391,0.6040536968416668,113,990,1103
1,0.99,embedding_0.99,RandomForest,cleaned,0.6904867786405774,0.9738812339958541,0.43649723592682815,59,695,754
1,0.99,embedding_0.99,RandomForest,leaked-only,0.8723793271574841,0.9550847457627119,0.7454953897473103,54,295,349
1,0.99,embedding_0.99,LogisticRegression,baseline,0.6919379263981227,0.8969518190757129,0.46930293252633765,113,990,1103
1,0.99,embedding_0.99,LogisticRegression,cleaned,0.6496598753154719,0.8744299475673698,0.39959099151203453,59,695,754
1,0.99,embedding_0.99,LogisticRegression,leaked-only,0.7545710267229254,0.9219083490269931,0.5700637164404858,54,295,349
1,1.0,embedding_1.0,RandomForest,baseline,0.7965403455555328,0.9732144453383391,0.6040536968416668,113,990,1103
1,1.0,embedding_1.0,RandomForest,cleaned,0.7965403455555328,0.9732144453383391,0.6040536968416668,113,990,1103
1,1.0,embedding_1.0,LogisticRegression,baseline,0.6919379263981227,0.8969518190757129,0.46930293252633765,113,990,1103
1,1.0,embedding_1.0,LogisticRegression,cleaned,0.6919379263981227,0.8969518190757129,0.46930293252633765,113,990,1103
2,0.9,embedding_0.9,RandomForest,baseline,0.7003137509466624,0.9902612097113115,0.5115926884654022,126,982,1108
2,0.9,embedding_0.9,RandomForest,cleaned,0.38235294117647056,0.7355769230769231,0.0,8,13,21
2,0.9,embedding_0.9,RandomForest,leaked-only,0.7134692040632634,0.990615871683196,0.530360018688693,118,969,1087
2,0.9,embedding_0.9,LogisticRegression,baseline,0.8087441126427144,0.9373807907412794,0.6407069056077302,126,982,1108
2,0.9,embedding_0.9,LogisticRegression,cleaned,0.6100795755968169,0.7019230769230769,0.25215418055077093,8,13,21
2,0.9,embedding_0.9,LogisticRegression,leaked-only,0.8146497125596803,0.9535603715170279,0.6569986183029384,118,969,1087
2,0.91,embedding_0.91,RandomForest,baseline,0.7003137509466624,0.9902612097113115,0.5115926884654022,126,982,1108
2,0.91,embedding_0.91,RandomForest,cleaned,0.3888888888888889,0.7544642857142857,0.0,8,14,22
2,0.91,embedding_0.91,RandomForest,leaked-only,0.713449088077433,0.9906061773357614,0.5303386464356031,118,968,1086
2,0.91,embedding_0.91,LogisticRegression,baseline,0.8087441126427144,0.9373807907412794,0.6407069056077302,126,982,1108
2,0.91,embedding_0.91,LogisticRegression,cleaned,0.6178660049627791,0.7142857142857143,0.26647402004950604,8,14,22
2,0.91,embedding_0.91,LogisticRegression,leaked-only,0.8146215372610222,0.9535211514217677,0.6569516315141809,118,968,1086
2,0.92,embedding_0.92,RandomForest,baseline,0.7003137509466624,0.9902612097113115,0.5115926884654022,126,982,1108
2,0.92,embedding_0.92,RandomForest,cleaned,0.3888888888888889,0.7544642857142857,0.0,8,14,22
2,0.92,embedding_0.92,RandomForest,leaked-only,0.713449088077433,0.9906061773357614,0.5303386464356031,118,968,1086
2,0.92,embedding_0.92,LogisticRegression,baseline,0.8087441126427144,0.9373807907412794,0.6407069056077302,126,982,1108
2,0.92,embedding_0.92,LogisticRegression,cleaned,0.6178660049627791,0.7142857142857143,0.26647402004950604,8,14,22
2,0.92,embedding_0.92,LogisticRegression,leaked-only,0.8146215372610222,0.9535211514217677,0.6569516315141809,118,968,1086
2,0.93,embedding_0.93,RandomForest,baseline,0.7003137509466624,0.9902612097113115,0.5115926884654022,126,982,1108
2,0.93,embedding_0.93,RandomForest,cleaned,0.39473684210526316,0.7708333333333333,0.0,8,15,23
2,0.93,embedding_0.93,RandomForest,leaked-only,0.7134289321789322,0.9906139905000613,0.5303172325708668,118,967,1085
2,0.93,embedding_0.93,LogisticRegression,baseline,0.8087441126427144,0.9373807907412794,0.6407069056077302,126,982,1108
2,0.93,embedding_0.93,LogisticRegression,cleaned,0.6247086247086246,0.7,0.2790526301083191,8,15,23
2,0.93,embedding_0.93,LogisticRegression,leaked-only,0.8145933014354066,0.9534906139905001,0.656904544769137,118,967,1085
2,0.94,embedding_0.94,RandomForest,baseline,0.7003137509466624,0.9902612097113115,0.5115926884654022,126,982,1108
2,0.94,embedding_0.94,RandomForest,cleaned,0.375,0.7566666666666666,0.0,10,15,25
2,0.94,embedding_0.94,RandomForest,leaked-only,0.7169811320754716,0.9916512142067538,0.5353800106049535,116,967,1083
2,0.94,embedding_0.94,LogisticRegression,baseline,0.8087441126427144,0.9373807907412794,0.6407069056077302,126,982,1108
2,0.94,embedding_0.94,LogisticRegression,cleaned,0.6323529411764706,0.7266666666666667,0.305887645160749,10,15,25
2,0.94,embedding_0.94,LogisticRegression,leaked-only,0.8149223491688762,0.9547034910672897,0.6588760149914833,116,967,1083
2,0.95,embedding_0.95,RandomForest,baseline,0.7003137509466624,0.9902612097113115,0.5115926884654022,126,982,1108
2,0.95,embedding_0.95,RandomForest,cleaned,0.37777777777777777,0.7807486631016043,0.0,11,17,28
2,0.95,embedding_0.95,RandomForest,leaked-only,0.7187490728806464,0.9916287452128858,0.5379175795034316,115,965,1080
2,0.95,embedding_0.95,LogisticRegression,baseline,0.8087441126427144,0.9373807907412794,0.6407069056077302,126,982,1108
2,0.95,embedding_0.95,LogisticRegression,cleaned,0.6199095022624435,0.6844919786096256,0.2927858357513112,11,17,28
2,0.95,embedding_0.95,LogisticRegression,leaked-only,0.8162431941923776,0.9561072313584141,0.6626343688998606,115,965,1080
2,0.96,embedding_0.96,RandomForest,baseline,0.7003137509466624,0.9902612097113115,0.5115926884654022,126,982,1108
2,0.96,embedding_0.96,RandomForest,cleaned,0.39285714285714285,0.8238636363636364,0.0,12,22,34
2,0.96,embedding_0.96,RandomForest,leaked-only,0.7204804804804805,0.9916346856725147,0.5404254146881773,114,960,1074
2,0.96,embedding_0.96,LogisticRegression,baseline,0.8087441126427144,0.9373807907412794,0.6407069056077302,126,982,1108
2,0.96,embedding_0.96,LogisticRegression,cleaned,0.59828141783029,0.625,0.2327933007184432,12,22,34
2,0.96,embedding_0.96,LogisticRegression,leaked-only,0.8189104058892325,0.9594663742690057,0.6685451574384843,114,960,1074
2,0.97,embedding_0.97,RandomForest,baseline,0.7003137509466624,0.9902612097113115,0.5115926884654022,126,982,1108
2,0.97,embedding_0.97,RandomForest,cleaned,0.4392523364485981,0.9198036006546645,0.0,13,47,60
2,0.97,embedding_0.97,RandomForest,leaked-only,0.7218367269555985,0.9914627798021864,0.5425347716536253,113,935,1048
2,0.97,embedding_0.97,LogisticRegression,baseline,0.8087441126427144,0.9373807907412794,0.6407069056077302,126,982,1108
2,0.97,embedding_0.97,LogisticRegression,cleaned,0.6660482374768089,0.6972176759410802,0.34556053828503813,13,47,60
2,0.97,embedding_0.97,LogisticRegression,leaked-only,0.818605144583224,0.9590554162131464,0.6678740405951741,113,935,1048
2,0.98,embedding_0.98,RandomForest,baseline,0.7003137509466624,0.9902612097113115,0.5115926884654022,126,982,1108
2,0.98,embedding_0.98,RandomForest,cleaned,0.4782608695652174,0.978295061340044,0.0,17,187,204
2,0.98,embedding_0.98,RandomForest,leaked-only,0.7263275758392602,0.9901448271882753,0.5499987508777704,109,795,904
2,0.98,embedding_0.98,LogisticRegression,baseline,0.8087441126427144,0.9373807907412794,0.6407069056077302,126,982,1108
2,0.98,embedding_0.98,LogisticRegression,cleaned,0.7527272727272727,0.7967914438502673,0.5057694217035739,17,187,204
2,0.98,embedding_0.98,LogisticRegression,leaked-only,0.8141447368421053,0.9553055218971785,0.6599524338819177,109,795,904
2,0.99,embedding_0.99,RandomForest,baseline,0.7003137509466624,0.9902612097113115,0.5115926884654022,126,982,1108
2,0.99,embedding_0.99,RandomForest,cleaned,0.5327737006132502,0.9888154269972451,0.22485950669875843,55,660,715
2,0.99,embedding_0.99,RandomForest,leaked-only,0.7894484547710354,0.9901146006473625,0.6447694933311566,71,322,393
2,0.99,embedding_0.99,LogisticRegression,baseline,0.8087441126427144,0.9373807907412794,0.6407069056077302,126,982,1108
2,0.99,embedding_0.99,LogisticRegression,cleaned,0.7732591199370134,0.9067768595041322,0.5668688781900094,55,660,715
2,0.99,embedding_0.99,LogisticRegression,leaked-only,0.830000092036115,0.9503542997113114,0.6887270325662886,71,322,393
2,1.0,embedding_1.0,RandomForest,baseline,0.7003137509466624,0.9902612097113115,0.5115926884654022,126,982,1108
2,1.0,embedding_1.0,RandomForest,cleaned,0.7003137509466624,0.9902612097113115,0.5115926884654022,126,982,1108
2,1.0,embedding_1.0,LogisticRegression,baseline,0.8087441126427144,0.9373807907412794,0.6407069056077302,126,982,1108
2,1.0,embedding_1.0,LogisticRegression,cleaned,0.8087441126427144,0.9373807907412794,0.6407069056077302,126,982,1108
3,0.9,embedding_0.9,RandomForest,baseline,0.7663602488999025,0.9846843398376299,0.5980791908347552,112,1003,1115
3,0.9,embedding_0.9,RandomForest,cleaned,0.48717948717948717,0.9473684210526315,0.0,1,19,20
3,0.9,embedding_0.9,RandomForest,leaked-only,0.7680778431177115,0.9850399179667473,0.6006703149371557,111,984,1095
3,0.9,embedding_0.9,LogisticRegression,baseline,0.7990107633396171,0.9554194559179604,0.6353006786753316,112,1003,1115
3,0.9,embedding_0.9,LogisticRegression,cleaned,0.6078431372549019,0.8421052631578947,0.3973597071195132,1,19,20
3,0.9,embedding_0.9,LogisticRegression,leaked-only,0.8027410054200969,0.9567952098439904,0.6408493753115792,111,984,1095
3,0.91,embedding_0.91,RandomForest,baseline,0.7663602488999025,0.9846843398376299,0.5980791908347552,112,1003,1115
3,0.91,embedding_0.91,RandomForest,cleaned,0.4878048780487805,0.95,0.0,1,20,21
3,0.91,embedding_0.91,RandomForest,leaked-only,0.768061358109372,0.9850705232190481,0.6006485786249985,111,983,1094
3,0.91,embedding_0.91,LogisticRegression,baseline,0.7990107633396171,0.9554194559179604,0.6353006786753316,112,1003,1115
3,0.91,embedding_0.91,LogisticRegression,cleaned,0.5714285714285714,0.8,0.35355339059327373,1,20,21
3,0.91,embedding_0.91,LogisticRegression,leaked-only,0.8040844704444741,0.9572278280314902,0.6429317217482798,111,983,1094
3,0.92,embedding_0.92,RandomForest,baseline,0.7663602488999025,0.9846843398376299,0.5980791908347552,112,1003,1115
3,0.92,embedding_0.92,RandomForest,cleaned,0.46153846153846156,0.921875,0.0,4,24,28
3,0.92,embedding_0.92,RandomForest,leaked-only,0.7742255028838934,0.9853119207051791,0.6098061735370769,108,979,1087
3,0.92,embedding_0.92,LogisticRegression,baseline,0.7990107633396171,0.9554194559179604,0.6353006786753316,112,1003,1115
3,0.92,embedding_0.92,LogisticRegression,cleaned,0.5757575757575758,0.78125,0.19364916731037085,4,24,28
3,0.92,embedding_0.92,LogisticRegression,leaked-only,0.8069614633280057,0.9607214466765028,0.6509523081762358,108,979,1087
3,0.93,embedding_0.93,RandomForest,baseline,0.7663602488999025,0.9846843398376299,0.5980791908347552,112,1003,1115
3,0.93,embedding_0.93,RandomForest,cleaned,0.45614035087719296,0.9346153846153846,0.0,5,26,31
3,0.93,embedding_0.93,RandomForest,leaked-only,0.7763190136576432,0.9853403992768249,0.6129294744173881,107,977,1084
3,0.93,embedding_0.93,LogisticRegression,baseline,0.7990107633396171,0.9554194559179604,0.6353006786753316,112,1003,1115
3,0.93,embedding_0.93,LogisticRegression,cleaned,0.6309523809523809,0.823076923076923,0.2991830368027063,5,26,31
3,0.93,embedding_0.93,LogisticRegression,leaked-only,0.8057751997611011,0.9604453840193612,0.6489507652908355,107,977,1084
3,0.94,embedding_0.94,RandomForest,baseline,0.7663602488999025,0.9846843398376299,0.5980791908347552,112,1003,1115
3,0.94,embedding_0.94,RandomForest,cleaned,0.45161290322580644,0.9494047619047619,0.0,6,28,34
3,0.94,embedding_0.94,RandomForest,leaked-only,0.7784382045501128,0.9853168843734882,0.6160970553825537,106,975,1081
3,0.94,embedding_0.94,LogisticRegression,baseline,0.7990107633396171,0.9554194559179604,0.6353006786753316,112,1003,1115
3,0.94,embedding_0.94,LogisticRegression,cleaned,0.6470588235294117,0.8511904761904763,0.3395338973610448,6,28,34
3,0.94,embedding_0.94,LogisticRegression,leaked-only,0.805988572265768,0.9602031930333816,0.6491058400227718,106,975,1081
3,0.95,embedding_0.95,RandomForest,baseline,0.7663602488999025,0.9846843398376299,0.5980791908347552,112,1003,1115
3,0.95,embedding_0.95,RandomForest,cleaned,0.4444444444444444,0.908203125,0.0,8,32,40
3,0.95,embedding_0.95,RandomForest,leaked-only,0.7827556162187055,0.9857304127386516,0.6225692662546709,104,971,1075
3,0.95,embedding_0.95,LogisticRegression,baseline,0.7990107633396171,0.9554194559179604,0.6353006786753316,112,1003,1115
3,0.95,embedding_0.95,LogisticRegression,cleaned,0.6238244514106583,0.83203125,0.28827833009852755,8,32,40
3,0.95,embedding_0.95,LogisticRegression,leaked-only,0.8089982625154064,0.9610433335974016,0.6555604594477942,104,971,1075
3,0.96,embedding_0.96,RandomForest,baseline,0.7663602488999025,0.9846843398376299,0.5980791908347552,112,1003,1115
3,0.96,embedding_0.96,RandomForest,cleaned,0.4418604651162791,0.9197368421052632,0.0,10,38,48
3,0.96,embedding_0.96,RandomForest,leaked-only,0.7871519618616132,0.9858224118663009,0.6291903504877385,102,965,1067
3,0.96,embedding_0.96,LogisticRegression,baseline,0.7990107633396171,0.9554194559179604,0.6353006786753316,112,1003,1115
3,0.96,embedding_0.96,LogisticRegression,cleaned,0.629439011837365,0.8184210526315789,0.31906947522752727,10,38,48
3,0.96,embedding_0.96,LogisticRegression,leaked-only,0.8109030667283095,0.9618002641471096,0.6581738885032494,102,965,1067
3,0.97,embedding_0.97,RandomForest,baseline,0.7663602488999025,0.9846843398376299,0.5980791908347552,112,1003,1115
3,0.97,embedding_0.97,RandomForest,cleaned,0.4596774193548387,0.9210526315789473,0.0,10,57,67
3,0.97,embedding_0.97,RandomForest,leaked-only,0.7868619076672768,0.9859003855241886,0.6287903095943744,102,946,1048
3,0.97,embedding_0.97,LogisticRegression,baseline,0.7990107633396171,0.9554194559179604,0.6353006786753316,112,1003,1115
3,0.97,embedding_0.97,LogisticRegression,cleaned,0.643282179768243,0.8473684210526315,0.3490388531771294,10,57,67
3,0.97,embedding_0.97,LogisticRegression,leaked-only,0.8133770211553529,0.9622248476557642,0.6620018865675954,102,946,1048
3,0.98,embedding_0.98,RandomForest,baseline,0.7663602488999025,0.9846843398376299,0.5980791908347552,112,1003,1115
3,0.98,embedding_0.98,RandomForest,cleaned,0.48564593301435405,0.9674688057040998,-0.01587356125314189,11,204,215
3,0.98,embedding_0.98,RandomForest,leaked-only,0.788881069669247,0.9849688348058835,0.6367891960308688,101,799,900
3,0.98,embedding_0.98,LogisticRegression,baseline,0.7990107633396171,0.9554194559179604,0.6353006786753316,112,1003,1115
3,0.98,embedding_0.98,LogisticRegression,cleaned,0.6629882751269672,0.9255793226381461,0.3938736089690476,11,204,215
3,0.98,embedding_0.98,LogisticRegression,leaked-only,0.8202525232843615,0.9602721223311317,0.6724293431738595,101,799,900
3,0.99,embedding_0.99,RandomForest,baseline,0.7663602488999025,0.9846843398376299,0.5980791908347552,112,1003,1115
3,0.99,embedding_0.99,RandomForest,cleaned,0.545790175366629,0.9756410256410255,0.21230173131914828,45,676,721
3,0.99,embedding_0.99,RandomForest,leaked-only,0.8626441405202467,0.9874937240403487,0.7515781240111129,67,327,394
3,0.99,embedding_0.99,LogisticRegression,baseline,0.7990107633396171,0.9554194559179604,0.6353006786753316,112,1003,1115
3,0.99,embedding_0.99,LogisticRegression,cleaned,0.7578439869989166,0.9512820512820513,0.5703808468244471,45,676,721
3,0.99,embedding_0.99,LogisticRegression,leaked-only,0.8290375770198732,0.9580081245150395,0.6829892204996953,67,327,394
3,1.0,embedding_1.0,RandomForest,baseline,0.7663602488999025,0.9846843398376299,0.5980791908347552,112,1003,1115
3,1.0,embedding_1.0,RandomForest,cleaned,0.7663602488999025,0.9846843398376299,0.5980791908347552,112,1003,1115
3,1.0,embedding_1.0,LogisticRegression,baseline,0.7990107633396171,0.9554194559179604,0.6353006786753316,112,1003,1115
3,1.0,embedding_1.0,LogisticRegression,cleaned,0.7990107633396171,0.9554194559179604,0.6353006786753316,112,1003,1115
4,0.9,embedding_0.9,RandomForest,baseline,0.692118100899116,0.9451745862080134,0.48661840515474303,123,1004,1127
4,0.9,embedding_0.9,RandomForest,cleaned,0.45,0.8958333333333334,0.0,8,36,44
4,0.9,embedding_0.9,RandomForest,leaked-only,0.704570029415148,0.9440846209126841,0.5045421291823481,115,968,1083
4,0.9,embedding_0.9,LogisticRegression,baseline,0.7960105082778908,0.9117594662002397,0.6086386936581335,123,1004,1127
4,0.9,embedding_0.9,LogisticRegression,cleaned,0.7187214611872146,0.7430555555555556,0.4393747751637468,8,36,44
4,0.9,embedding_0.9,LogisticRegression,leaked-only,0.7997648207312744,0.9269673014732303,0.6187150394775573,115,968,1083
4,0.91,embedding_0.91,RandomForest,baseline,0.692118100899116,0.9451745862080134,0.48661840515474303,123,1004,1127
4,0.91,embedding_0.91,RandomForest,cleaned,0.4457831325301205,0.9039039039039038,0.0,9,37,46
4,0.91,embedding_0.91,RandomForest,leaked-only,0.7062889330682571,0.9437353725575574,0.5070001960793095,114,967,1081
4,0.91,embedding_0.91,LogisticRegression,baseline,0.7960105082778908,0.9117594662002397,0.6086386936581335,123,1004,1127
4,0.91,embedding_0.91,LogisticRegression,cleaned,0.7474509803921568,0.7717717717717718,0.4965902385497702,9,37,46
4,0.91,embedding_0.91,LogisticRegression,leaked-only,0.7985223731492388,0.9263774741922023,0.6164117098073258,114,967,1081
4,0.92,embedding_0.92,RandomForest,baseline,0.692118100899116,0.9451745862080134,0.48661840515474303,123,1004,1127
4,0.92,embedding_0.92,RandomForest,cleaned,0.43820224719101125,0.8321678321678321,0.0,11,39,50
4,0.92,embedding_0.92,RandomForest,leaked-only,0.7097895502681146,0.9455542190969651,0.5120139221619907,112,965,1077
4,0.92,embedding_0.92,LogisticRegression,baseline,0.7960105082778908,0.9117594662002397,0.6086386936581335,123,1004,1127
4,0.92,embedding_0.92,LogisticRegression,cleaned,0.7076023391812865,0.7925407925407926,0.42669419033768446,11,39,50
4,0.92,embedding_0.92,LogisticRegression,leaked-only,0.8012615801762446,0.9281365655070318,0.6236935250403146,112,965,1077
4,0.93,embedding_0.93,RandomForest,baseline,0.692118100899116,0.9451745862080134,0.48661840515474303,123,1004,1127
4,0.93,embedding_0.93,RandomForest,cleaned,0.4375,0.8293650793650794,0.0,12,42,54
4,0.93,embedding_0.93,RandomForest,leaked-only,0.7115326370668328,0.9452295330673709,0.5145251239856781,111,962,1073
4,0.93,embedding_0.93,LogisticRegression,baseline,0.7960105082778908,0.9117594662002397,0.6086386936581335,123,1004,1127
4,0.93,embedding_0.93,LogisticRegression,cleaned,0.6748768472906403,0.7956349206349207,0.3585685828003181,12,42,54
4,0.93,embedding_0.93,LogisticRegression,leaked-only,0.8040361610811797,0.9286677529920774,0.6296569606729185,111,962,1073
4,0.94,embedding_0.94,RandomForest,baseline,0.692118100899116,0.9451745862080134,0.48661840515474303,123,1004,1127
4,0.94,embedding_0.94,RandomForest,cleaned,0.4351851851851852,0.8541033434650456,0.0,14,47,61
4,0.94,embedding_0.94,RandomForest,leaked-only,0.7151068149870712,0.9445371142618849,0.5196755346183578,109,957,1066
4,0.94,embedding_0.94,LogisticRegression,baseline,0.7960105082778908,0.9117594662002397,0.6086386936581335,123,1004,1127
4,0.94,embedding_0.94,LogisticRegression,cleaned,0.6729896907216495,0.7720364741641338,0.3524046005472613,14,47,61
4,0.94,embedding_0.94,LogisticRegression,leaked-only,0.8055846584868027,0.9348978554926041,0.6334063908689999,109,957,1066
4,0.95,embedding_0.95,RandomForest,baseline,0.692118100899116,0.9451745862080134,0.48661840515474303,123,1004,1127
4,0.95,embedding_0.95,RandomForest,cleaned,0.4369747899159664,0.8134615384615385,0.0,15,52,67
4,0.95,embedding_0.95,RandomForest,leaked-only,0.7168803418803419,0.9487385231870527,0.5222475515352806,108,952,1060
4,0.95,embedding_0.95,LogisticRegression,baseline,0.7960105082778908,0.9117594662002397,0.6086386936581335,123,1004,1127
4,0.95,embedding_0.95,LogisticRegression,cleaned,0.6521287642782969,0.7474358974358974,0.3094095437026236,15,52,67
4,0.95,embedding_0.95,LogisticRegression,leaked-only,0.8083875632682573,0.939416044195456,0.6394723777487625,108,952,1060
4,0.96,embedding_0.96,RandomForest,baseline,0.692118100899116,0.9451745862080134,0.48661840515474303,123,1004,1127
4,0.96,embedding_0.96,RandomForest,cleaned,0.4420289855072464,0.7832991803278688,0.0,16,61,77
4,0.96,embedding_0.96,RandomForest,leaked-only,0.7186002551357686,0.949648665523632,0.5247642026087986,107,943,1050
4,0.96,embedding_0.96,LogisticRegression,baseline,0.7960105082778908,0.9117594662002397,0.6086386936581335,123,1004,1127
4,0.96,embedding_0.96,LogisticRegression,cleaned,0.6274193548387097,0.7243852459016393,0.25651794712046916,16,61,77
4,0.96,embedding_0.96,LogisticRegression,leaked-only,0.8126394678118816,0.9434891626445724,0.6478995624037911,107,943,1050
4,0.97,embedding_0.97,RandomForest,baseline,0.692118100899116,0.9451745862080134,0.48661840515474303,123,1004,1127
4,0.97,embedding_0.97,RandomForest,cleaned,0.44502617801047123,0.857983193277311,0.0,21,85,106
4,0.97,embedding_0.97,RandomForest,leaked-only,0.7279944586530265,0.947097228445241,0.5384216162402401,102,919,1021
4,0.97,embedding_0.97,LogisticRegression,baseline,0.7960105082778908,0.9117594662002397,0.6086386936581335,123,1004,1127
4,0.97,embedding_0.97,LogisticRegression,cleaned,0.6936837759735792,0.7630252100840337,0.387616776433652,21,85,106
4,0.97,embedding_0.97,LogisticRegression,leaked-only,0.8104851938185271,0.9422539418378886,0.643144166268887,102,919,1021
4,0.98,embedding_0.98,RandomForest,baseline,0.692118100899116,0.9451745862080134,0.48661840515474303,123,1004,1127
4,0.98,embedding_0.98,RandomForest,cleaned,0.4685466377440347,0.9224936143039592,0.0,29,216,245
4,0.98,embedding_0.98,RandomForest,leaked-only,0.7425666133132474,0.9473012744356841,0.5601230844794173,94,788,882
4,0.98,embedding_0.98,LogisticRegression,baseline,0.7960105082778908,0.9117594662002397,0.6086386936581335,123,1004,1127
4,0.98,embedding_0.98,LogisticRegression,cleaned,0.739863934877502,0.8154533844189017,0.4798374135986742,29,216,245
4,0.98,embedding_0.98,LogisticRegression,leaked-only,0.8097497842968076,0.9417458688843288,0.6456153278787472,94,788,882
4,0.99,embedding_0.99,RandomForest,baseline,0.692118100899116,0.9451745862080134,0.48661840515474303,123,1004,1127
4,0.99,embedding_0.99,RandomForest,cleaned,0.5091533555034617,0.9158259847148736,0.17063090819748378,63,675,738
4,0.99,embedding_0.99,RandomForest,leaked-only,0.8184957073534901,0.9946555217831814,0.674279683575875,60,329,389
4,0.99,embedding_0.99,LogisticRegression,baseline,0.7960105082778908,0.9117594662002397,0.6086386936581335,123,1004,1127
4,0.99,embedding_0.99,LogisticRegression,cleaned,0.7476923076923077,0.8572839506172839,0.5048663659609719,63,675,738
4,0.99,embedding_0.99,LogisticRegression,leaked-only,0.8413490196078431,0.967983789260385,0.7118098758211866,60,329,389
4,1.0,embedding_1.0,RandomForest,baseline,0.692118100899116,0.9451745862080134,0.48661840515474303,123,1004,1127
4,1.0,embedding_1.0,RandomForest,cleaned,0.692118100899116,0.9451745862080134,0.48661840515474303,123,1004,1127
4,1.0,embedding_1.0,LogisticRegression,baseline,0.7960105082778908,0.9117594662002397,0.6086386936581335,123,1004,1127
4,1.0,embedding_1.0,LogisticRegression,cleaned,0.7960105082778908,0.9117594662002397,0.6086386936581335,123,1004,1127
5,0.9,embedding_0.9,RandomForest,baseline,0.7034402208536844,0.9783385662193831,0.49377986524691825,103,1073,1176
5,0.9,embedding_0.9,RandomForest,cleaned,0.4639175257731959,0.8293650793650794,0.0,14,90,104
5,0.9,embedding_0.9,RandomForest,leaked-only,0.7305702842502959,0.9848777532661995,0.5335661775538791,89,983,1072
5,0.9,embedding_0.9,LogisticRegression,baseline,0.7502336250106193,0.8942896696495626,0.5412512735709629,103,1073,1176
5,0.9,embedding_0.9,LogisticRegression,cleaned,0.5890627469574838,0.6666666666666667,0.19711298871182675,14,90,104
5,0.9,embedding_0.9,LogisticRegression,leaked-only,0.7709695338204504,0.9310411832615131,0.5869678703499427,89,983,1072
5,0.91,embedding_0.91,RandomForest,baseline,0.7034402208536844,0.9783385662193831,0.49377986524691825,103,1073,1176
5,0.91,embedding_0.91,RandomForest,cleaned,0.4626865671641791,0.8344086021505377,0.0,15,93,108
5,0.91,embedding_0.91,RandomForest,leaked-only,0.7327974078707217,0.9850185528756957,0.5368443783590238,88,980,1068
5,0.91,embedding_0.91,LogisticRegression,baseline,0.7502336250106193,0.8942896696495626,0.5412512735709629,103,1073,1176
5,0.91,embedding_0.91,LogisticRegression,cleaned,0.6011363636363636,0.6752688172043011,0.22393852912585216,15,93,108
5,0.91,embedding_0.91,LogisticRegression,leaked-only,0.7707605815191817,0.9313775510204081,0.5863314084114123,88,980,1068
5,0.92,embedding_0.92,RandomForest,baseline,0.7034402208536844,0.9783385662193831,0.49377986524691825,103,1073,1176
5,0.92,embedding_0.92,RandomForest,cleaned,0.460093896713615,0.8376350540216086,0.0,17,98,115
5,0.92,embedding_0.92,RandomForest,leaked-only,0.7373729321983411,0.9855038759689922,0.5435920733811914,86,975,1061
5,0.92,embedding_0.92,LogisticRegression,baseline,0.7502336250106193,0.8942896696495626,0.5412512735709629,103,1073,1176
5,0.92,embedding_0.92,LogisticRegression,cleaned,0.5993993993993995,0.680672268907563,0.22039758406719345,17,98,115
5,0.92,embedding_0.92,LogisticRegression,leaked-only,0.773375460234278,0.9356469886702444,0.5923312628194257,86,975,1061
5,0.93,embedding_0.93,RandomForest,baseline,0.7034402208536844,0.9783385662193831,0.49377986524691825,103,1073,1176
5,0.93,embedding_0.93,RandomForest,cleaned,0.46120689655172414,0.8110072689511941,0.0,18,107,125
5,0.93,embedding_0.93,RandomForest,leaked-only,0.7396203526517222,0.986268420411643,0.5469292526620786,85,966,1051
5,0.93,embedding_0.93,LogisticRegression,baseline,0.7502336250106193,0.8942896696495626,0.5412512735709629,103,1073,1176
5,0.93,embedding_0.93,LogisticRegression,cleaned,0.575,0.6318795430944963,0.17710109718567676,18,107,125
5,0.93,embedding_0.93,LogisticRegression,leaked-only,0.7805616452656854,0.9473389355742297,0.6055971002885615,85,966,1051
5,0.94,embedding_0.94,RandomForest,baseline,0.7034402208536844,0.9783385662193831,0.49377986524691825,103,1073,1176
5,0.94,embedding_0.94,RandomForest,cleaned,0.4596774193548387,0.8192982456140351,0.0,20,114,134
5,0.94,embedding_0.94,RandomForest,leaked-only,0.7443930473787497,0.986802266417076,0.5540052059690699,83,959,1042
5,0.94,embedding_0.94,LogisticRegression,baseline,0.7502336250106193,0.8942896696495626,0.5412512735709629,103,1073,1176
5,0.94,embedding_0.94,LogisticRegression,cleaned,0.5877608713727447,0.6543859649122807,0.20974764710123475,20,114,134
5,0.94,embedding_0.94,LogisticRegression,leaked-only,0.7818233396298206,0.948050805934897,0.6069266828934693,83,959,1042
5,0.95,embedding_0.95,RandomForest,baseline,0.7034402208536844,0.9783385662193831,0.49377986524691825,103,1073,1176
5,0.95,embedding_0.95,RandomForest,cleaned,0.4601449275362319,0.8146027201145312,0.0,22,127,149
5,0.95,embedding_0.95,RandomForest,leaked-only,0.7492403689636462,0.9877130477905672,0.5612282851968181,81,946,1027
5,0.95,embedding_0.95,LogisticRegression,baseline,0.7502336250106193,0.8942896696495626,0.5412512735709629,103,1073,1176
5,0.95,embedding_0.95,LogisticRegression,cleaned,0.5913009404388715,0.6635647816750179,0.22823364369326085,22,127,149
5,0.95,embedding_0.95,LogisticRegression,leaked-only,0.7861955410878534,0.9509565943674471,0.6129824696329574,81,946,1027
5,0.96,embedding_0.96,RandomForest,baseline,0.7034402208536844,0.9783385662193831,0.49377986524691825,103,1073,1176
5,0.96,embedding_0.96,RandomForest,cleaned,0.4620253164556962,0.8198757763975155,-0.030427193637062543,23,147,170
5,0.96,embedding_0.96,RandomForest,leaked-only,0.754172932330827,0.9887284017278619,0.5748025945722325,80,926,1006
5,0.96,embedding_0.96,LogisticRegression,baseline,0.7502336250106193,0.8942896696495626,0.5412512735709629,103,1073,1176
5,0.96,embedding_0.96,LogisticRegression,cleaned,0.5854501117659012,0.6716947648624668,0.22892730847897685,23,147,170
5,0.96,embedding_0.96,LogisticRegression,leaked-only,0.7940336369447107,0.9533612311015118,0.6247193477176414,80,926,1006
5,0.97,embedding_0.97,RandomForest,baseline,0.7034402208536844,0.9783385662193831,0.49377986524691825,103,1073,1176
5,0.97,embedding_0.97,RandomForest,cleaned,0.45879120879120877,0.8440065681444991,-0.029676748922814876,29,168,197
5,0.97,embedding_0.97,RandomForest,leaked-only,0.7705998614450467,0.9890846647752726,0.5993849096786641,74,905,979
5,0.97,embedding_0.97,LogisticRegression,baseline,0.7502336250106193,0.8942896696495626,0.5412512735709629,103,1073,1176
5,0.97,embedding_0.97,LogisticRegression,cleaned,0.6090830806095324,0.7066912972085387,0.26598709304028595,29,168,197
5,0.97,embedding_0.97,LogisticRegression,leaked-only,0.7954977659738971,0.9571599223532925,0.6309344349298206,74,905,979
5,0.98,embedding_0.98,RandomForest,baseline,0.7034402208536844,0.9783385662193831,0.49377986524691825,103,1073,1176
5,0.98,embedding_0.98,RandomForest,cleaned,0.49540498442367603,0.915059927045336,0.09484575859246423,38,303,341
5,0.98,embedding_0.98,RandomForest,leaked-only,0.7900121770436256,0.9883016983016983,0.6285532296728893,65,770,835
5,0.98,embedding_0.98,LogisticRegression,baseline,0.7502336250106193,0.8942896696495626,0.5412512735709629,103,1073,1176
5,0.98,embedding_0.98,LogisticRegression,cleaned,0.663986013986014,0.7742747959006427,0.3648224857554665,38,303,341
5,0.98,embedding_0.98,LogisticRegression,leaked-only,0.7962069658598214,0.9576223776223777,0.6359735857781869,65,770,835
5,0.99,embedding_0.99,RandomForest,baseline,0.7034402208536844,0.9783385662193831,0.49377986524691825,103,1073,1176
5,0.99,embedding_0.99,RandomForest,cleaned,0.5783910533910535,0.9704556940700808,0.2946313707636101,64,742,806
5,0.99,embedding_0.99,RandomForest,leaked-only,0.8460613905325444,0.977457587729491,0.7140973219761572,39,331,370
5,0.99,embedding_0.99,LogisticRegression,baseline,0.7502336250106193,0.8942896696495626,0.5412512735709629,103,1073,1176
5,0.99,embedding_0.99,LogisticRegression,cleaned,0.7417175332321793,0.8717781334231804,0.5172933786072239,64,742,806
5,0.99,embedding_0.99,LogisticRegression,leaked-only,0.761424592885267,0.9338446045394686,0.5778311768068035,39,331,370
5,1.0,embedding_1.0,RandomForest,baseline,0.7034402208536844,0.9783385662193831,0.49377986524691825,103,1073,1176
5,1.0,embedding_1.0,RandomForest,cleaned,0.7034402208536844,0.9783385662193831,0.49377986524691825,103,1073,1176
5,1.0,embedding_1.0,LogisticRegression,baseline,0.7502336250106193,0.8942896696495626,0.5412512735709629,103,1073,1176
5,1.0,embedding_1.0,LogisticRegression,cleaned,0.7502336250106193,0.8942896696495626,0.5412512735709629,103,1073,1176
6,0.9,embedding_0.9,RandomForest,baseline,0.6285083591674048,0.977121736286811,0.3818347789827556,107,1086,1193
6,0.9,embedding_0.9,RandomForest,cleaned,0.4661016949152542,0.8909090909090909,0.0,8,55,63
6,0.9,embedding_0.9,RandomForest,leaked-only,0.6391744548286604,0.9777405480606256,0.3977203894238359,99,1031,1130
6,0.9,embedding_0.9,LogisticRegression,baseline,0.8015505360842411,0.9346741019948022,0.6304562021208556,107,1086,1193
6,0.9,embedding_0.9,LogisticRegression,cleaned,0.7622641509433963,0.8113636363636364,0.5434343158238844,8,55,63
6,0.9,embedding_0.9,LogisticRegression,leaked-only,0.8042120214542345,0.9451155590825814,0.6365422646354267,99,1031,1130
6,0.91,embedding_0.91,RandomForest,baseline,0.6285083591674048,0.977121736286811,0.3818347789827556,107,1086,1193
6,0.91,embedding_0.91,RandomForest,cleaned,0.4634146341463415,0.9025341130604289,0.0,9,57,66
6,0.91,embedding_0.91,RandomForest,leaked-only,0.6406943105110896,0.9775738283651653,0.39993115701717163,98,1029,1127
6,0.91,embedding_0.91,LogisticRegression,baseline,0.8015505360842411,0.9346741019948022,0.6304562021208556,107,1086,1193
6,0.91,embedding_0.91,LogisticRegression,cleaned,0.7451737451737452,0.797270955165692,0.4995124328435701,9,57,66
6,0.91,embedding_0.91,LogisticRegression,leaked-only,0.8056539133633771,0.9476210309196565,0.6406550169295055,98,1029,1127
6,0.92,embedding_0.92,RandomForest,baseline,0.6285083591674048,0.977121736286811,0.3818347789827556,107,1086,1193
6,0.92,embedding_0.92,RandomForest,cleaned,0.456,0.919457735247209,0.0,11,57,68
6,0.92,embedding_0.92,RandomForest,leaked-only,0.6438746438746439,0.9771977243278263,0.40452506082804046,96,1029,1125
6,0.92,embedding_0.92,LogisticRegression,baseline,0.8015505360842411,0.9346741019948022,0.6304562021208556,107,1086,1193
6,0.92,embedding_0.92,LogisticRegression,cleaned,0.7794594594594595,0.8325358851674641,0.5664609010840023,11,57,68
6,0.92,embedding_0.92,LogisticRegression,leaked-only,0.8029910339030542,0.9466614026563007,0.6359561590735794,96,1029,1125
6,0.93,embedding_0.93,RandomForest,baseline,0.6285083591674048,0.977121736286811,0.3818347789827556,107,1086,1193
6,0.93,embedding_0.93,RandomForest,cleaned,0.4580152671755725,0.921969696969697,0.0,11,60,71
6,0.93,embedding_0.93,RandomForest,leaked-only,0.6438224054585127,0.9771919671864847,0.40447315953595,96,1026,1122
6,0.93,embedding_0.93,LogisticRegression,baseline,0.8015505360842411,0.9346741019948022,0.6304562021208556,107,1086,1193
6,0.93,embedding_0.93,LogisticRegression,cleaned,0.7645888594164456,0.8303030303030303,0.5412444241703804,11,60,71
6,0.93,embedding_0.93,LogisticRegression,leaked-only,0.8044526778143536,0.9471958252111761,0.638260834470869,96,1026,1122
6,0.94,embedding_0.94,RandomForest,baseline,0.6285083591674048,0.977121736286811,0.3818347789827556,107,1086,1193
6,0.94,embedding_0.94,RandomForest,cleaned,0.45454545454545453,0.9295857988165681,0.0,13,65,78
6,0.94,embedding_0.94,RandomForest,leaked-only,0.6470140816116764,0.9768374768166379,0.40912391427338135,94,1021,1115
6,0.94,embedding_0.94,LogisticRegression,baseline,0.8015505360842411,0.9346741019948022,0.6304562021208556,107,1086,1193
6,0.94,embedding_0.94,LogisticRegression,cleaned,0.7670377409720337,0.7952662721893491,0.5395637425347116,13,65,78
6,0.94,embedding_0.94,LogisticRegression,leaked-only,0.8045044470655742,0.9546543855627566,0.6400166107392048,94,1021,1115
6,0.95,embedding_0.95,RandomForest,baseline,0.6285083591674048,0.977121736286811,0.3818347789827556,107,1086,1193
6,0.95,embedding_0.95,RandomForest,cleaned,0.44654088050314467,0.940347970173985,0.0,17,71,88
6,0.95,embedding_0.95,RandomForest,leaked-only,0.6537819382030912,0.9761576354679804,0.4189560610099396,90,1015,1105
6,0.95,embedding_0.95,LogisticRegression,baseline,0.8015505360842411,0.9346741019948022,0.6304562021208556,107,1086,1193
6,0.95,embedding_0.95,LogisticRegression,cleaned,0.7650648360030511,0.7746478873239436,0.5363848365631323,17,71,88
6,0.95,embedding_0.95,LogisticRegression,leaked-only,0.8049021135171626,0.9640503557744936,0.6419227603266295,90,1015,1105
6,0.96,embedding_0.96,RandomForest,baseline,0.6285083591674048,0.977121736286811,0.3818347789827556,107,1086,1193
6,0.96,embedding_0.96,RandomForest,cleaned,0.45054945054945056,0.9478319783197833,0.0,18,82,100
6,0.96,embedding_0.96,RandomForest,leaked-only,0.6553862322648449,0.9759277496754555,0.4213538290091268,89,1004,1093
6,0.96,embedding_0.96,LogisticRegression,baseline,0.8015505360842411,0.9346741019948022,0.6304562021208556,107,1086,1193
6,0.96,embedding_0.96,LogisticRegression,cleaned,0.7588908981314044,0.7804878048780488,0.5290103017864463,18,82,100
6,0.96,embedding_0.96,LogisticRegression,leaked-only,0.8064640689500688,0.9646917946192757,0.6441192004985691,89,1004,1093
6,0.97,embedding_0.97,RandomForest,baseline,0.6285083591674048,0.977121736286811,0.3818347789827556,107,1086,1193
6,0.97,embedding_0.97,RandomForest,cleaned,0.45454545454545453,0.9674858223062381,0.0,23,115,138
6,0.97,embedding_0.97,RandomForest,leaked-only,0.6642441515259471,0.9745905056152224,0.4343909552372905,84,971,1055
6,0.97,embedding_0.97,LogisticRegression,baseline,0.8015505360842411,0.9346741019948022,0.6304562021208556,107,1086,1193
6,0.97,embedding_0.97,LogisticRegression,cleaned,0.7867445054945055,0.8200378071833648,0.5806649473508249,23,115,138
6,0.97,embedding_0.97,LogisticRegression,leaked-only,0.8031213065805934,0.9639914668235987,0.6399942241731381,84,971,1055
6,0.98,embedding_0.98,RandomForest,baseline,0.6285083591674048,0.977121736286811,0.3818347789827556,107,1086,1193
6,0.98,embedding_0.98,RandomForest,cleaned,0.4747292418772563,0.9603476371537208,0.0,28,263,291
6,0.98,embedding_0.98,RandomForest,leaked-only,0.6718075117370892,0.982350769798668,0.4463050854027773,79,823,902
6,0.98,embedding_0.98,LogisticRegression,baseline,0.8015505360842411,0.9346741019948022,0.6304562021208556,107,1086,1193
6,0.98,embedding_0.98,LogisticRegression,cleaned,0.7668802929732204,0.839082020640956,0.5466056438856581,28,263,291
6,0.98,embedding_0.98,LogisticRegression,leaked-only,0.8125426259019128,0.9655936139778827,0.6585700621452207,79,823,902
6,0.99,embedding_0.99,RandomForest,baseline,0.6285083591674048,0.977121736286811,0.3818347789827556,107,1086,1193
6,0.99,embedding_0.99,RandomForest,cleaned,0.4984505862646566,0.9734382250900493,0.12552918289216958,59,767,826
6,0.99,embedding_0.99,RandomForest,leaked-only,0.7406818583289172,0.9779584639498433,0.5477030739250919,48,319,367
6,0.99,embedding_0.99,LogisticRegression,baseline,0.8015505360842411,0.9346741019948022,0.6304562021208556,107,1086,1193
6,0.99,embedding_0.99,LogisticRegression,cleaned,0.7807883329752683,0.9060614765871875,0.5887840577551898,59,767,826
6,0.99,embedding_0.99,LogisticRegression,leaked-only,0.8253305129561079,0.9600966562173459,0.6792673845331597,48,319,367
6,1.0,embedding_1.0,RandomForest,baseline,0.6285083591674048,0.977121736286811,0.3818347789827556,107,1086,1193
6,1.0,embedding_1.0,RandomForest,cleaned,0.6285083591674048,0.977121736286811,0.3818347789827556,107,1086,1193
6,1.0,embedding_1.0,LogisticRegression,baseline,0.8015505360842411,0.9346741019948022,0.6304562021208556,107,1086,1193
6,1.0,embedding_1.0,LogisticRegression,cleaned,0.8015505360842411,0.9346741019948022,0.6304562021208556,107,1086,1193
7,0.9,embedding_0.9,RandomForest,baseline,0.6948606201010004,0.9600686721530248,0.5025356820666622,128,1124,1252
7,0.9,embedding_0.9,RandomForest,cleaned,0.5305555555555556,0.9303405572755419,0.23069739598748437,17,152,169
7,0.9,embedding_0.9,RandomForest,leaked-only,0.7154327833609173,0.9630371111852594,0.5327498762354741,111,972,1083
7,0.9,embedding_0.9,LogisticRegression,baseline,0.7917926143311323,0.8904998887900356,0.6064834025043689,128,1124,1252
7,0.9,embedding_0.9,LogisticRegression,cleaned,0.7731543624161074,0.7457430340557275,0.5557277439024677,17,152,169
7,0.9,embedding_0.9,LogisticRegression,leaked-only,0.7943619078519245,0.9128294961628295,0.6141111054774813,111,972,1083
7,0.91,embedding_0.91,RandomForest,baseline,0.6948606201010004,0.9600686721530248,0.5025356820666622,128,1124,1252
7,0.91,embedding_0.91,RandomForest,cleaned,0.531015678254942,0.9294117647058824,0.23091031471853407,17,155,172
7,0.91,embedding_0.91,RandomForest,leaked-only,0.7153760588688286,0.9631504569585064,0.5326893516167025,111,969,1080
7,0.91,embedding_0.91,LogisticRegression,baseline,0.7917926143311323,0.8904998887900356,0.6064834025043689,128,1124,1252
7,0.91,embedding_0.91,LogisticRegression,cleaned,0.7646301215487402,0.7426944971537002,0.5412944125032432,17,155,172
7,0.91,embedding_0.91,LogisticRegression,leaked-only,0.7956730769230769,0.9135544212943594,0.6161973813499876,111,969,1080
7,0.92,embedding_0.92,RandomForest,baseline,0.6948606201010004,0.9600686721530248,0.5025356820666622,128,1124,1252
7,0.92,embedding_0.92,RandomForest,cleaned,0.5311653116531165,0.9298642533936651,0.23097959474251076,17,156,173
7,0.92,embedding_0.92,RandomForest,leaked-only,0.7153570755605804,0.9631496165587075,0.532669097983818,111,968,1079
7,0.92,embedding_0.92,LogisticRegression,baseline,0.7917926143311323,0.8904998887900356,0.6064834025043689,128,1124,1252
7,0.92,embedding_0.92,LogisticRegression,cleaned,0.7648140743702518,0.7435897435897436,0.5416397530049729,17,156,173
7,0.92,embedding_0.92,LogisticRegression,leaked-only,0.7956439393939394,0.9135023453205271,0.6161471794217042,111,968,1079
7,0.93,embedding_0.93,RandomForest,baseline,0.6948606201010004,0.9600686721530248,0.5025356820666622,128,1124,1252
7,0.93,embedding_0.93,RandomForest,cleaned,0.5316034597471723,0.929337772844987,0.23118256454858463,17,159,176
7,0.93,embedding_0.93,RandomForest,leaked-only,0.7152998986306548,0.9632077673528451,0.5326080991857148,111,965,1076
7,0.93,embedding_0.93,LogisticRegression,baseline,0.7917926143311323,0.8904998887900356,0.6064834025043689,128,1124,1252
7,0.93,embedding_0.93,LogisticRegression,cleaned,0.7653517371186573,0.7439881613022569,0.5426491820881694,17,159,176
7,0.93,embedding_0.93,LogisticRegression,leaked-only,0.7955561516452074,0.9134014843859404,0.6159959317596561,111,965,1076
7,0.94,embedding_0.94,RandomForest,baseline,0.6948606201010004,0.9600686721530248,0.5025356820666622,128,1124,1252
7,0.94,embedding_0.94,RandomForest,cleaned,0.533083645443196,0.9261245674740485,0.23186944788008415,17,170,187
7,0.94,embedding_0.94,RandomForest,leaked-only,0.7150872926257275,0.9633029255670765,0.5323813385510945,111,954,1065
7,0.94,embedding_0.94,LogisticRegression,baseline,0.7917926143311323,0.8904998887900356,0.6064834025043689,128,1124,1252
7,0.94,embedding_0.94,LogisticRegression,cleaned,0.7586058519793459,0.7387543252595156,0.5316872746499499,17,170,187
7,0.94,embedding_0.94,LogisticRegression,leaked-only,0.7966408351782146,0.9141877726783387,0.6176940246499171,111,954,1065
7,0.95,embedding_0.95,RandomForest,baseline,0.6948606201010004,0.9600686721530248,0.5025356820666622,128,1124,1252
7,0.95,embedding_0.95,RandomForest,cleaned,0.5261904761904762,0.9263157894736842,0.21873931962990353,19,180,199
7,0.95,embedding_0.95,RandomForest,leaked-only,0.7186588246190895,0.9634679676566631,0.5375577341668893,109,944,1053
7,0.95,embedding_0.95,LogisticRegression,baseline,0.7917926143311323,0.8904998887900356,0.6064834025043689,128,1124,1252
7,0.95,embedding_0.95,LogisticRegression,cleaned,0.754199604743083,0.7122807017543861,0.5204147455847257,19,180,199
7,0.95,embedding_0.95,LogisticRegression,leaked-only,0.7979352947903603,0.9216101694915254,0.6210476124894438,109,944,1053
7,0.96,embedding_0.96,RandomForest,baseline,0.6948606201010004,0.9600686721530248,0.5025356820666622,128,1124,1252
7,0.96,embedding_0.96,RandomForest,cleaned,0.5240458466264918,0.9298177083333332,0.21330173541664765,20,192,212
7,0.96,embedding_0.96,RandomForest,leaked-only,0.7203447724530879,0.9633206167540931,0.5400532035194474,108,932,1040
7,0.96,embedding_0.96,LogisticRegression,baseline,0.7917926143311323,0.8904998887900356,0.6064834025043689,128,1124,1252
7,0.96,embedding_0.96,LogisticRegression,cleaned,0.7577142857142857,0.7260416666666667,0.5289859856169011,20,192,212
7,0.96,embedding_0.96,LogisticRegression,leaked-only,0.7977777777777778,0.9210578604355428,0.6204906478048717,108,932,1040
7,0.97,embedding_0.97,RandomForest,baseline,0.6948606201010004,0.9600686721530248,0.5025356820666622,128,1124,1252
7,0.97,embedding_0.97,RandomForest,cleaned,0.5271889400921659,0.9323991031390135,0.214649435511229,20,223,243
7,0.97,embedding_0.97,RandomForest,leaked-only,0.7197138052193759,0.9632147408229539,0.5393710945052991,108,901,1009
7,0.97,embedding_0.97,LogisticRegression,baseline,0.7917926143311323,0.8904998887900356,0.6064834025043689,128,1124,1252
7,0.97,embedding_0.97,LogisticRegression,cleaned,0.7415809996455158,0.7280269058295965,0.5033151790140712,20,223,243
7,0.97,embedding_0.97,LogisticRegression,leaked-only,0.8012366850040539,0.9208081555473343,0.6259300150713366,108,901,1009
7,0.98,embedding_0.98,RandomForest,baseline,0.6948606201010004,0.9600686721530248,0.5025356820666622,128,1124,1252
7,0.98,embedding_0.98,RandomForest,cleaned,0.522289031722994,0.9499721448467966,0.19363231286346916,25,359,384
7,0.98,embedding_0.98,RandomForest,leaked-only,0.7265991974911327,0.959045624722381,0.550260753367197,103,765,868
7,0.98,embedding_0.98,LogisticRegression,baseline,0.7917926143311323,0.8904998887900356,0.6064834025043689,128,1124,1252
7,0.98,embedding_0.98,LogisticRegression,cleaned,0.737264415002799,0.7357103064066852,0.5015827361837162,25,359,384
7,0.98,embedding_0.98,LogisticRegression,leaked-only,0.8054825932874713,0.9261501364299766,0.6327762605833911,103,765,868
7,0.99,embedding_0.99,RandomForest,baseline,0.6948606201010004,0.9600686721530248,0.5025356820666622,128,1124,1252
7,0.99,embedding_0.99,RandomForest,cleaned,0.5484255450036526,0.9579900628503483,0.25429338768592713,58,812,870
7,0.99,embedding_0.99,RandomForest,leaked-only,0.7775189283634245,0.9494734432234432,0.6274159654095468,70,312,382
7,0.99,embedding_0.99,LogisticRegression,baseline,0.7917926143311323,0.8904998887900356,0.6064834025043689,128,1124,1252
7,0.99,embedding_0.99,LogisticRegression,cleaned,0.7315664556962025,0.8407932733140818,0.48986075934945045,58,812,870
7,0.99,embedding_0.99,LogisticRegression,leaked-only,0.844244443339466,0.9270604395604395,0.708186086279318,70,312,382
7,1.0,embedding_1.0,RandomForest,baseline,0.6948606201010004,0.9600686721530248,0.5025356820666622,128,1124,1252
7,1.0,embedding_1.0,RandomForest,cleaned,0.6948606201010004,0.9600686721530248,0.5025356820666622,128,1124,1252
7,1.0,embedding_1.0,LogisticRegression,baseline,0.7917926143311323,0.8904998887900356,0.6064834025043689,128,1124,1252
7,1.0,embedding_1.0,LogisticRegression,cleaned,0.7917926143311323,0.8904998887900356,0.6064834025043689,128,1124,1252
8,0.9,embedding_0.9,RandomForest,baseline,0.8135933205684289,0.9850412541254124,0.6602720547064534,101,1200,1301
8,0.9,embedding_0.9,RandomForest,cleaned,0.4819277108433735,0.7895833333333333,0.0,6,80,86
8,0.9,embedding_0.9,RandomForest,leaked-only,0.8269980152791541,0.9881437969924811,0.6816399496051591,95,1120,1215
8,0.9,embedding_0.9,LogisticRegression,baseline,0.70985727029438,0.9301155115511552,0.5027787521617023,101,1200,1301
8,0.9,embedding_0.9,LogisticRegression,cleaned,0.5307539682539683,0.7125,0.15326697963179983,6,80,86
8,0.9,embedding_0.9,LogisticRegression,leaked-only,0.7243932833335247,0.9459868421052632,0.529732611549868,95,1120,1215
8,0.91,embedding_0.91,RandomForest,baseline,0.8135933205684289,0.9850412541254124,0.6602720547064534,101,1200,1301
8,0.91,embedding_0.91,RandomForest,cleaned,0.4827586206896552,0.7876984126984127,0.0,6,84,90
8,0.91,embedding_0.91,RandomForest,leaked-only,0.8269601453395972,0.988139030371628,0.6815783616502662,95,1116,1211
8,0.91,embedding_0.91,LogisticRegression,baseline,0.70985727029438,0.9301155115511552,0.5027787521617023,101,1200,1301
8,0.91,embedding_0.91,LogisticRegression,cleaned,0.527289335464718,0.7103174603174603,0.14978121308085277,6,84,90
8,0.91,embedding_0.91,LogisticRegression,leaked-only,0.7252980331473832,0.9462837200528202,0.5310019460537527,95,1116,1211
8,0.92,embedding_0.92,RandomForest,baseline,0.8135933205684289,0.9850412541254124,0.6602720547064534,101,1200,1301
8,0.92,embedding_0.92,RandomForest,cleaned,0.4835164835164835,0.787878787878788,0.0,6,88,94
8,0.92,embedding_0.92,RandomForest,leaked-only,0.8269220076496944,0.9881720939038242,0.6815163406282367,95,1112,1207
8,0.92,embedding_0.92,LogisticRegression,baseline,0.70985727029438,0.9301155115511552,0.5027787521617023,101,1200,1301
8,0.92,embedding_0.92,LogisticRegression,cleaned,0.5240506329113924,0.7083333333333334,0.14652356753831736,6,88,94
8,0.92,embedding_0.92,LogisticRegression,leaked-only,0.7262083406037341,0.9469045815978796,0.5322800860792047,95,1112,1207
8,0.93,embedding_0.93,RandomForest,baseline,0.8135933205684289,0.9850412541254124,0.6602720547064534,101,1200,1301
8,0.93,embedding_0.93,RandomForest,cleaned,0.484375,0.7939068100358423,0.0,6,93,99
8,0.93,embedding_0.93,RandomForest,leaked-only,0.8268739546682422,0.9881567061284647,0.6814381983597587,95,1107,1202
8,0.93,embedding_0.93,LogisticRegression,baseline,0.70985727029438,0.9301155115511552,0.5027787521617023,101,1200,1301
8,0.93,embedding_0.93,LogisticRegression,cleaned,0.5154367469879518,0.7060931899641578,0.13701051827140578,6,93,99
8,0.93,embedding_0.93,LogisticRegression,leaked-only,0.728153343672165,0.9470641373080396,0.5350042757906772,95,1107,1202
8,0.94,embedding_0.94,RandomForest,baseline,0.8135933205684289,0.9850412541254124,0.6602720547064534,101,1200,1301
8,0.94,embedding_0.94,RandomForest,cleaned,0.4824120603015075,0.8199404761904762,0.0,7,96,103
8,0.94,embedding_0.94,RandomForest,leaked-only,0.8293143365983972,0.9882680003083566,0.6853670373836444,94,1104,1198
8,0.94,embedding_0.94,LogisticRegression,baseline,0.70985727029438,0.9301155115511552,0.5027787521617023,101,1200,1301
8,0.94,embedding_0.94,LogisticRegression,cleaned,0.5420656634746922,0.7202380952380952,0.18990287875714912,7,96,103
8,0.94,embedding_0.94,LogisticRegression,leaked-only,0.7266056133487448,0.9476083102065987,0.5325764592538897,94,1104,1198
8,0.95,embedding_0.95,RandomForest,baseline,0.8135933205684289,0.9850412541254124,0.6602720547064534,101,1200,1301
8,0.95,embedding_0.95,RandomForest,cleaned,0.4830917874396135,0.8214285714285714,0.0,7,100,107
8,0.95,embedding_0.95,RandomForest,leaked-only,0.8292761394101877,0.9882640232108317,0.6853045985297102,94,1100,1194
8,0.95,embedding_0.95,LogisticRegression,baseline,0.70985727029438,0.9301155115511552,0.5027787521617023,101,1200,1301
8,0.95,embedding_0.95,LogisticRegression,cleaned,0.5454248366013071,0.7257142857142856,0.19436676452891619,7,100,107
8,0.95,embedding_0.95,LogisticRegression,leaked-only,0.7264612949486173,0.9474468085106383,0.5323875192283917,94,1100,1194
8,0.96,embedding_0.96,RandomForest,baseline,0.8135933205684289,0.9850412541254124,0.6602720547064534,101,1200,1301
8,0.96,embedding_0.96,RandomForest,cleaned,0.4818181818181818,0.8449292452830188,0.0,8,106,114
8,0.96,embedding_0.96,RandomForest,leaked-only,0.831720081441822,0.9883578070020247,0.68925094422898,93,1094,1187
8,0.96,embedding_0.96,LogisticRegression,baseline,0.70985727029438,0.9301155115511552,0.5027787521617023,101,1200,1301
8,0.96,embedding_0.96,LogisticRegression,cleaned,0.5514855514855515,0.7429245283018869,0.21799074341526728,8,106,114
8,0.96,embedding_0.96,LogisticRegression,leaked-only,0.7280220572280061,0.9481040278351124,0.5342966045187232,93,1094,1187
8,0.97,embedding_0.97,RandomForest,baseline,0.8135933205684289,0.9850412541254124,0.6602720547064534,101,1200,1301
8,0.97,embedding_0.97,RandomForest,cleaned,0.4797047970479705,0.8877622377622377,0.0,11,130,141
8,0.97,embedding_0.97,RandomForest,leaked-only,0.8391954732769593,0.9883644859813085,0.7014005371895461,90,1070,1160
8,0.97,embedding_0.97,LogisticRegression,baseline,0.70985727029438,0.9301155115511552,0.5027787521617023,101,1200,1301
8,0.97,embedding_0.97,LogisticRegression,cleaned,0.5867241379310345,0.7902097902097902,0.293073646267463,11,130,141
8,0.97,embedding_0.97,LogisticRegression,leaked-only,0.728197721072059,0.9479854620976117,0.5337303516946239,90,1070,1160
8,0.98,embedding_0.98,RandomForest,baseline,0.8135933205684289,0.9850412541254124,0.6602720547064534,101,1200,1301
8,0.98,embedding_0.98,RandomForest,cleaned,0.48440366972477067,0.9564393939393939,0.0,17,264,281
8,0.98,embedding_0.98,RandomForest,leaked-only,0.8542857142857143,0.9872494403744404,0.7262696991798948,84,936,1020
8,0.98,embedding_0.98,LogisticRegression,baseline,0.70985727029438,0.9301155115511552,0.5027787521617023,101,1200,1301
8,0.98,embedding_0.98,LogisticRegression,cleaned,0.6473393574297188,0.8687611408199643,0.36623218193050777,17,264,281
8,0.98,embedding_0.98,LogisticRegression,leaked-only,0.7233758988346144,0.9444953194953195,0.5321080750791759,84,936,1020
8,0.99,embedding_0.99,RandomForest,baseline,0.8135933205684289,0.9850412541254124,0.6602720547064534,101,1200,1301
8,0.99,embedding_0.99,RandomForest,cleaned,0.5423285486443381,0.9650689905591866,0.16133927842403692,34,810,844
8,0.99,embedding_0.99,RandomForest,leaked-only,0.8985571587125416,0.9939915805587448,0.8060642750623602,67,390,457
8,0.99,embedding_0.99,LogisticRegression,baseline,0.70985727029438,0.9301155115511552,0.5027787521617023,101,1200,1301
8,0.99,embedding_0.99,LogisticRegression,cleaned,0.6256611099953137,0.8809368191721132,0.3441838288995977,34,810,844
8,0.99,embedding_0.99,LogisticRegression,leaked-only,0.7665147749240542,0.9511672407194796,0.6064560696031029,67,390,457
8,1.0,embedding_1.0,RandomForest,baseline,0.8135933205684289,0.9850412541254124,0.6602720547064534,101,1200,1301
8,1.0,embedding_1.0,RandomForest,cleaned,0.8135933205684289,0.9850412541254124,0.6602720547064534,101,1200,1301
8,1.0,embedding_1.0,LogisticRegression,baseline,0.70985727029438,0.9301155115511552,0.5027787521617023,101,1200,1301
8,1.0,embedding_1.0,LogisticRegression,cleaned,0.70985727029438,0.9301155115511552,0.5027787521617023,101,1200,1301
9,0.9,embedding_0.9,RandomForest,baseline,0.643935034999347,0.9730555555555556,0.37729934292591605,90,1220,1310
9,0.9,embedding_0.9,RandomForest,cleaned,0.4642857142857143,0.8942307692307692,0.0,4,26,30
9,0.9,embedding_0.9,RandomForest,leaked-only,0.650245733813946,0.9739832885357018,0.3865597774395194,86,1194,1280
9,0.9,embedding_0.9,LogisticRegression,baseline,0.7659304986093081,0.9356648451730419,0.5772883788090789,90,1220,1310
9,0.9,embedding_0.9,LogisticRegression,cleaned,0.5738636363636364,0.8173076923076923,0.28022426915890253,4,26,30
9,0.9,embedding_0.9,LogisticRegression,leaked-only,0.7741193240712663,0.941032682793814,0.590928790832438,86,1194,1280
9,0.91,embedding_0.91,RandomForest,baseline,0.643935034999347,0.9730555555555556,0.37729934292591605,90,1220,1310
9,0.91,embedding_0.91,RandomForest,cleaned,0.4603174603174603,0.7862068965517242,0.0,5,29,34
9,0.91,embedding_0.91,RandomForest,leaked-only,0.651936715766503,0.974490047908332,0.38903015248927825,85,1191,1276
9,0.91,embedding_0.91,LogisticRegression,baseline,0.7659304986093081,0.9356648451730419,0.5772883788090789,90,1220,1310
9,0.91,embedding_0.91,LogisticRegression,cleaned,0.575,0.7655172413793103,0.3000705704454019,5,29,34
9,0.91,embedding_0.91,LogisticRegression,leaked-only,0.7752608349158684,0.9417987850051859,0.5923384044055066,85,1191,1276
9,0.92,embedding_0.92,RandomForest,baseline,0.643935034999347,0.9730555555555556,0.37729934292591605,90,1220,1310
9,0.92,embedding_0.92,RandomForest,cleaned,0.46153846153846156,0.7933333333333333,0.0,5,30,35
9,0.92,embedding_0.92,RandomForest,leaked-only,0.6519246519246519,0.9745180425111222,0.3890154527054078,85,1190,1275
9,0.92,embedding_0.92,LogisticRegression,baseline,0.7659304986093081,0.9356648451730419,0.5772883788090789,90,1220,1310
9,0.92,embedding_0.92,LogisticRegression,cleaned,0.5800000000000001,0.7666666666666667,0.30641293851417056,5,30,35
9,0.92,embedding_0.92,LogisticRegression,leaked-only,0.7752417754459822,0.9417993079584774,0.5923087727455698,85,1190,1275
9,0.93,embedding_0.93,RandomForest,baseline,0.643935034999347,0.9730555555555556,0.37729934292591605,90,1220,1310
9,0.93,embedding_0.93,RandomForest,cleaned,0.4533333333333333,0.7941176470588235,0.0,7,34,41
9,0.93,embedding_0.93,RandomForest,leaked-only,0.6554198733862959,0.9746236209593856,0.39411879253915455,83,1186,1269
9,0.93,embedding_0.93,LogisticRegression,baseline,0.7659304986093081,0.9356648451730419,0.5772883788090789,90,1220,1310
9,0.93,embedding_0.93,LogisticRegression,cleaned,0.5876436781609196,0.7184873949579832,0.27598144941610797,7,34,41
9,0.93,embedding_0.93,LogisticRegression,leaked-only,0.7763717436385806,0.9446555192100612,0.5960231367226221,83,1186,1269
9,0.94,embedding_0.94,RandomForest,baseline,0.643935034999347,0.9730555555555556,0.37729934292591605,90,1220,1310
9,0.94,embedding_0.94,RandomForest,cleaned,0.4457831325301205,0.8198198198198198,0.0,9,37,46
9,0.94,embedding_0.94,RandomForest,leaked-only,0.659050520436659,0.9744737693455642,0.39942289894489535,81,1183,1264
9,0.94,embedding_0.94,LogisticRegression,baseline,0.7659304986093081,0.9356648451730419,0.5772883788090789,90,1220,1310
9,0.94,embedding_0.94,LogisticRegression,cleaned,0.571975916803503,0.7027027027027026,0.23069992029138894,9,37,46
9,0.94,embedding_0.94,LogisticRegression,leaked-only,0.779020979020979,0.9456915354351252,0.6021402835404501,81,1183,1264
9,0.95,embedding_0.95,RandomForest,baseline,0.643935034999347,0.9730555555555556,0.37729934292591605,90,1220,1310
9,0.95,embedding_0.95,RandomForest,cleaned,0.4536082474226804,0.8207070707070707,0.0,9,44,53
9,0.95,embedding_0.95,RandomForest,leaked-only,0.6589690392594957,0.9747942386831274,0.39932126275611446,81,1176,1257
9,0.95,embedding_0.95,LogisticRegression,baseline,0.7659304986093081,0.9356648451730419,0.5772883788090789,90,1220,1310
9,0.95,embedding_0.95,LogisticRegression,cleaned,0.5668817204301075,0.7146464646464646,0.2309093218185282,9,44,53
9,0.95,embedding_0.95,LogisticRegression,leaked-only,0.7818707447829747,0.9466280339296212,0.6064774859576357,81,1176,1257
9,0.96,embedding_0.96,RandomForest,baseline,0.643935034999347,0.9730555555555556,0.37729934292591605,90,1220,1310
9,0.96,embedding_0.96,RandomForest,cleaned,0.44715447154471544,0.8167832167832167,0.0,13,55,68
9,0.96,embedding_0.96,RandomForest,leaked-only,0.6665771812080536,0.9782453597904242,0.4104656087908385,77,1165,1242
9,0.96,embedding_0.96,LogisticRegression,baseline,0.7659304986093081,0.9356648451730419,0.5772883788090789,90,1220,1310
9,0.96,embedding_0.96,LogisticRegression,cleaned,0.5984595635430039,0.7482517482517483,0.27713389688595796,13,55,68
9,0.96,embedding_0.96,LogisticRegression,leaked-only,0.7826847704367301,0.9518532969176746,0.6093110212007521,77,1165,1242
9,0.97,embedding_0.97,RandomForest,baseline,0.643935034999347,0.9730555555555556,0.37729934292591605,90,1220,1310
9,0.97,embedding_0.97,RandomForest,cleaned,0.4444444444444444,0.8531855955678671,0.0,19,76,95
9,0.97,embedding_0.97,RandomForest,leaked-only,0.6790749781404839,0.9786639416921107,0.42884652905207843,71,1144,1215
9,0.97,embedding_0.97,LogisticRegression,baseline,0.7659304986093081,0.9356648451730419,0.5772883788090789,90,1220,1310
9,0.97,embedding_0.97,LogisticRegression,cleaned,0.6467428728825231,0.778393351800554,0.3403512281955706,19,76,95
9,0.97,embedding_0.97,LogisticRegression,leaked-only,0.7815040650406504,0.9577464788732395,0.61180385609453,71,1144,1215
9,0.98,embedding_0.98,RandomForest,baseline,0.643935034999347,0.9730555555555556,0.37729934292591605,90,1220,1310
9,0.98,embedding_0.98,RandomForest,cleaned,0.47685185185185186,0.929368932038835,0.0,20,206,226
9,0.98,embedding_0.98,RandomForest,leaked-only,0.679813447337738,0.9772189349112426,0.43014209433455275,70,1014,1084
9,0.98,embedding_0.98,LogisticRegression,baseline,0.7659304986093081,0.9356648451730419,0.5772883788090789,90,1220,1310
9,0.98,embedding_0.98,LogisticRegression,cleaned,0.6978479320308794,0.8766990291262136,0.4349151499618309,20,206,226
9,0.98,embedding_0.98,LogisticRegression,leaked-only,0.7838221703390242,0.9563961679346296,0.6151107659930842,70,1014,1084
9,0.99,embedding_0.99,RandomForest,baseline,0.643935034999347,0.9730555555555556,0.37729934292591605,90,1220,1310
9,0.99,embedding_0.99,RandomForest,cleaned,0.48867924528301887,0.9764228514228513,0.0,36,777,813
9,0.99,embedding_0.99,RandomForest,leaked-only,0.7114107266779023,0.9629420617005268,0.4770505954281468,54,443,497
9,0.99,embedding_0.99,LogisticRegression,baseline,0.7659304986093081,0.9356648451730419,0.5772883788090789,90,1220,1310
9,0.99,embedding_0.99,LogisticRegression,cleaned,0.726984888462461,0.9067639067639067,0.493133880621991,36,777,813
9,0.99,embedding_0.99,LogisticRegression,leaked-only,0.786622980454186,0.9535155923417774,0.6270792923186427,54,443,497
9,1.0,embedding_1.0,RandomForest,baseline,0.643935034999347,0.9730555555555556,0.37729934292591605,90,1220,1310
9,1.0,embedding_1.0,RandomForest,cleaned,0.643935034999347,0.9730555555555556,0.37729934292591605,90,1220,1310
9,1.0,embedding_1.0,LogisticRegression,baseline,0.7659304986093081,0.9356648451730419,0.5772883788090789,90,1220,1310
9,1.0,embedding_1.0,LogisticRegression,cleaned,0.7659304986093081,0.9356648451730419,0.5772883788090789,90,1220,1310
10,0.9,embedding_0.9,RandomForest,baseline,0.7318841360292138,0.9870853724850462,0.5542097296616327,84,1226,1310
10,0.9,embedding_0.9,RandomForest,cleaned,1.0,nan,nan,0,3,3
10,0.9,embedding_0.9,RandomForest,leaked-only,0.7318569068469188,0.9871315656270685,0.5541795335061941,84,1223,1307
10,0.9,embedding_0.9,LogisticRegression,baseline,0.8505245854083063,0.9798221082886662,0.7229414182762683,84,1226,1310
10,0.9,embedding_0.9,LogisticRegression,cleaned,1.0,nan,nan,0,3,3
10,0.9,embedding_0.9,LogisticRegression,leaked-only,0.8504939073451148,0.9798115484951135,0.7228901726320212,84,1223,1307
10,0.91,embedding_0.91,RandomForest,baseline,0.7318841360292138,0.9870853724850462,0.5542097296616327,84,1226,1310
10,0.91,embedding_0.91,RandomForest,cleaned,1.0,nan,nan,0,3,3
10,0.91,embedding_0.91,RandomForest,leaked-only,0.7318569068469188,0.9871315656270685,0.5541795335061941,84,1223,1307
10,0.91,embedding_0.91,LogisticRegression,baseline,0.8505245854083063,0.9798221082886662,0.7229414182762683,84,1226,1310
10,0.91,embedding_0.91,LogisticRegression,cleaned,1.0,nan,nan,0,3,3
10,0.91,embedding_0.91,LogisticRegression,leaked-only,0.8504939073451148,0.9798115484951135,0.7228901726320212,84,1223,1307
10,0.92,embedding_0.92,RandomForest,baseline,0.7318841360292138,0.9870853724850462,0.5542097296616327,84,1226,1310
10,0.92,embedding_0.92,RandomForest,cleaned,1.0,nan,nan,0,3,3
10,0.92,embedding_0.92,RandomForest,leaked-only,0.7318569068469188,0.9871315656270685,0.5541795335061941,84,1223,1307
10,0.92,embedding_0.92,LogisticRegression,baseline,0.8505245854083063,0.9798221082886662,0.7229414182762683,84,1226,1310
10,0.92,embedding_0.92,LogisticRegression,cleaned,1.0,nan,nan,0,3,3
10,0.92,embedding_0.92,LogisticRegression,leaked-only,0.8504939073451148,0.9798115484951135,0.7228901726320212,84,1223,1307
10,0.93,embedding_0.93,RandomForest,baseline,0.7318841360292138,0.9870853724850462,0.5542097296616327,84,1226,1310
10,0.93,embedding_0.93,RandomForest,cleaned,1.0,nan,nan,0,4,4
10,0.93,embedding_0.93,RandomForest,leaked-only,0.7318478014199725,0.9871502610864312,0.5541694362750607,84,1222,1306
10,0.93,embedding_0.93,LogisticRegression,baseline,0.8505245854083063,0.9798221082886662,0.7229414182762683,84,1226,1310
10,0.93,embedding_0.93,LogisticRegression,cleaned,0.42857142857142855,nan,nan,0,4,4
10,0.93,embedding_0.93,LogisticRegression,leaked-only,0.8523925701324312,0.9798729639155173,0.7260099455514626,84,1222,1306
10,0.94,embedding_0.94,RandomForest,baseline,0.7318841360292138,0.9870853724850462,0.5542097296616327,84,1226,1310
10,0.94,embedding_0.94,RandomForest,cleaned,1.0,nan,nan,0,4,4
10,0.94,embedding_0.94,RandomForest,leaked-only,0.7318478014199725,0.9871502610864312,0.5541694362750607,84,1222,1306
10,0.94,embedding_0.94,LogisticRegression,baseline,0.8505245854083063,0.9798221082886662,0.7229414182762683,84,1226,1310
10,0.94,embedding_0.94,LogisticRegression,cleaned,0.42857142857142855,nan,nan,0,4,4
10,0.94,embedding_0.94,LogisticRegression,leaked-only,0.8523925701324312,0.9798729639155173,0.7260099455514626,84,1222,1306
10,0.95,embedding_0.95,RandomForest,baseline,0.7318841360292138,0.9870853724850462,0.5542097296616327,84,1226,1310
10,0.95,embedding_0.95,RandomForest,cleaned,1.0,nan,nan,0,5,5
10,0.95,embedding_0.95,RandomForest,leaked-only,0.7318386814185134,0.9872079872079872,0.5541593230579018,84,1221,1305
10,0.95,embedding_0.95,LogisticRegression,baseline,0.8505245854083063,0.9798221082886662,0.7229414182762683,84,1226,1310
10,0.95,embedding_0.95,LogisticRegression,cleaned,0.375,nan,nan,0,5,5
10,0.95,embedding_0.95,LogisticRegression,leaked-only,0.8543073207706817,0.9802757302757302,0.7291649966723223,84,1221,1305
10,0.96,embedding_0.96,RandomForest,baseline,0.7318841360292138,0.9870853724850462,0.5542097296616327,84,1226,1310
10,0.96,embedding_0.96,RandomForest,cleaned,1.0,nan,nan,0,6,6
10,0.96,embedding_0.96,RandomForest,leaked-only,0.7318295468075204,0.9872170179547228,0.5541491938167185,84,1220,1304
10,0.96,embedding_0.96,LogisticRegression,baseline,0.8505245854083063,0.9798221082886662,0.7229414182762683,84,1226,1310
10,0.96,embedding_0.96,LogisticRegression,cleaned,0.4,nan,nan,0,6,6
10,0.96,embedding_0.96,LogisticRegression,leaked-only,0.8542973918668588,0.9802693208430914,0.7291482806438053,84,1220,1304
10,0.97,embedding_0.97,RandomForest,baseline,0.7318841360292138,0.9870853724850462,0.5542097296616327,84,1226,1310
10,0.97,embedding_0.97,RandomForest,cleaned,0.4918032786885246,1.0,0.0,1,30,31
10,0.97,embedding_0.97,RandomForest,leaked-only,0.7340166369578134,0.9870350969093766,0.557450438321819,83,1196,1279
10,0.97,embedding_0.97,LogisticRegression,baseline,0.8505245854083063,0.9798221082886662,0.7229414182762683,84,1226,1310
10,0.97,embedding_0.97,LogisticRegression,cleaned,0.5974025974025974,0.9333333333333333,0.37267799624996495,1,30,31
10,0.97,embedding_0.97,LogisticRegression,leaked-only,0.85870294599018,0.9804468710964258,0.7362966019632795,83,1196,1279
10,0.98,embedding_0.98,RandomForest,baseline,0.7318841360292138,0.9870853724850462,0.5542097296616327,84,1226,1310
10,0.98,embedding_0.98,RandomForest,cleaned,0.4968152866242038,0.9935897435897436,0.0,2,156,158
10,0.98,embedding_0.98,RandomForest,leaked-only,0.7351779482142484,0.9856336904490539,0.5596165934881819,82,1070,1152
10,0.98,embedding_0.98,LogisticRegression,baseline,0.8505245854083063,0.9798221082886662,0.7229414182762683,84,1226,1310
10,0.98,embedding_0.98,LogisticRegression,cleaned,0.6901960784313725,0.9903846153846153,0.49029033784546006,2,156,158
10,0.98,embedding_0.98,LogisticRegression,leaked-only,0.8581066477649055,0.979416457715979,0.7351095644788525,82,1070,1152
10,0.99,embedding_0.99,RandomForest,baseline,0.7318841360292138,0.9870853724850462,0.5542097296616327,84,1226,1310
10,0.99,embedding_0.99,RandomForest,cleaned,0.49581589958158995,0.9880450070323488,0.0,12,711,723
10,0.99,embedding_0.99,RandomForest,leaked-only,0.7517970401691332,0.9811758360302051,0.5872529875859053,72,515,587
10,0.99,embedding_0.99,LogisticRegression,baseline,0.8505245854083063,0.9798221082886662,0.7229414182762683,84,1226,1310
10,0.99,embedding_0.99,LogisticRegression,cleaned,0.7243614182234083,0.9522972339428035,0.506918525850452,12,711,723
10,0.99,embedding_0.99,LogisticRegression,leaked-only,0.8773847653530149,0.978640776699029,0.7698849964718522,72,515,587
10,1.0,embedding_1.0,RandomForest,baseline,0.7318841360292138,0.9870853724850462,0.5542097296616327,84,1226,1310
10,1.0,embedding_1.0,RandomForest,cleaned,0.7318841360292138,0.9870853724850462,0.5542097296616327,84,1226,1310
10,1.0,embedding_1.0,LogisticRegression,baseline,0.8505245854083063,0.9798221082886662,0.7229414182762683,84,1226,1310
10,1.0,embedding_1.0,LogisticRegression,cleaned,0.8505245854083063,0.9798221082886662,0.7229414182762683,84,1226,1310
11,0.9,embedding_0.9,RandomForest,baseline,0.6503947913018562,0.9462729816147082,0.4082719096940513,80,1251,1331
11,0.9,embedding_0.9,RandomForest,cleaned,0.46987951807228917,0.917948717948718,0.0,5,39,44
11,0.9,embedding_0.9,RandomForest,leaked-only,0.6597495806841674,0.9457205720572057,0.4222806730700067,75,1212,1287
11,0.9,embedding_0.9,LogisticRegression,baseline,0.8272047631838124,0.9107913669064749,0.659409206118117,80,1251,1331
11,0.9,embedding_0.9,LogisticRegression,cleaned,0.7105263157894737,0.8923076923076924,0.4316229677605054,5,39,44
11,0.9,embedding_0.9,LogisticRegression,leaked-only,0.8344317776986105,0.9094389438943895,0.6735611270814114,75,1212,1287
11,0.91,embedding_0.91,RandomForest,baseline,0.6503947913018562,0.9462729816147082,0.4082719096940513,80,1251,1331
11,0.91,embedding_0.91,RandomForest,cleaned,0.4659090909090909,0.9349593495934959,0.0,6,41,47
11,0.91,embedding_0.91,RandomForest,leaked-only,0.6617967268385194,0.9453037748492295,0.4253152231670333,74,1210,1284
11,0.91,embedding_0.91,LogisticRegression,baseline,0.8272047631838124,0.9107913669064749,0.659409206118117,80,1251,1331
11,0.91,embedding_0.91,LogisticRegression,cleaned,0.7482142857142857,0.9065040650406504,0.5053394287949117,6,41,47
11,0.91,embedding_0.91,LogisticRegression,leaked-only,0.832549180903464,0.9083984811257537,0.6698794601808891,74,1210,1284
11,0.92,embedding_0.92,RandomForest,baseline,0.6503947913018562,0.9462729816147082,0.4082719096940513,80,1251,1331
11,0.92,embedding_0.92,RandomForest,cleaned,0.4659090909090909,0.9349593495934959,0.0,6,41,47
11,0.92,embedding_0.92,RandomForest,leaked-only,0.6617967268385194,0.9453037748492295,0.4253152231670333,74,1210,1284
11,0.92,embedding_0.92,LogisticRegression,baseline,0.8272047631838124,0.9107913669064749,0.659409206118117,80,1251,1331
11,0.92,embedding_0.92,LogisticRegression,cleaned,0.7482142857142857,0.9065040650406504,0.5053394287949117,6,41,47
11,0.92,embedding_0.92,LogisticRegression,leaked-only,0.832549180903464,0.9083984811257537,0.6698794601808891,74,1210,1284
11,0.93,embedding_0.93,RandomForest,baseline,0.6503947913018562,0.9462729816147082,0.4082719096940513,80,1251,1331
11,0.93,embedding_0.93,RandomForest,cleaned,0.4673913043478261,0.9379844961240311,0.0,6,43,49
11,0.93,embedding_0.93,RandomForest,leaked-only,0.6617771211481638,0.94535864506891,0.4252942257449389,74,1208,1282
11,0.93,embedding_0.93,LogisticRegression,baseline,0.8272047631838124,0.9107913669064749,0.659409206118117,80,1251,1331
11,0.93,embedding_0.93,LogisticRegression,cleaned,0.75,0.9069767441860466,0.5087623217366899,6,43,49
11,0.93,embedding_0.93,LogisticRegression,leaked-only,0.8325311253353698,0.9084258099158761,0.6698445601408267,74,1208,1282
11,0.94,embedding_0.94,RandomForest,baseline,0.6503947913018562,0.9462729816147082,0.4082719096940513,80,1251,1331
11,0.94,embedding_0.94,RandomForest,cleaned,0.45454545454545453,0.945679012345679,0.0,9,45,54
11,0.94,embedding_0.94,RandomForest,leaked-only,0.6682134147731158,0.943802116179665,0.43481802313013973,71,1206,1277
11,0.94,embedding_0.94,LogisticRegression,baseline,0.8272047631838124,0.9107913669064749,0.659409206118117,80,1251,1331
11,0.94,embedding_0.94,LogisticRegression,cleaned,0.7545454545454545,0.9061728395061728,0.5140725757204155,9,45,54
11,0.94,embedding_0.94,LogisticRegression,leaked-only,0.8333072263993316,0.9057646042090018,0.6717435980879083,71,1206,1277
11,0.95,embedding_0.95,RandomForest,baseline,0.6503947913018562,0.9462729816147082,0.4082719096940513,80,1251,1331
11,0.95,embedding_0.95,RandomForest,cleaned,0.4528301886792453,0.9541666666666667,0.0,10,48,58
11,0.95,embedding_0.95,RandomForest,leaked-only,0.6704268067164731,0.9431658947868424,0.43810204809122316,70,1203,1273
11,0.95,embedding_0.95,LogisticRegression,baseline,0.8272047631838124,0.9107913669064749,0.659409206118117,80,1251,1331
11,0.95,embedding_0.95,LogisticRegression,cleaned,0.7756286266924565,0.9208333333333333,0.5556174482431869,10,48,58
11,0.95,embedding_0.95,LogisticRegression,leaked-only,0.831303140173441,0.9042631516446978,0.6678317975474082,70,1203,1273
11,0.96,embedding_0.96,RandomForest,baseline,0.6503947913018562,0.9462729816147082,0.4082719096940513,80,1251,1331
11,0.96,embedding_0.96,RandomForest,cleaned,0.4580152671755725,0.943939393939394,0.0,11,60,71
11,0.96,embedding_0.96,RandomForest,leaked-only,0.6726051277690378,0.943318852748269,0.4413648512880664,69,1191,1260
11,0.96,embedding_0.96,LogisticRegression,baseline,0.8272047631838124,0.9107913669064749,0.659409206118117,80,1251,1331
11,0.96,embedding_0.96,LogisticRegression,cleaned,0.7484702093397746,0.9030303030303031,0.5143666034598484,11,60,71
11,0.96,embedding_0.96,LogisticRegression,leaked-only,0.8364770496284699,0.9044403071344261,0.6768496002465714,69,1191,1260
11,0.97,embedding_0.97,RandomForest,baseline,0.6503947913018562,0.9462729816147082,0.4082719096940513,80,1251,1331
11,0.97,embedding_0.97,RandomForest,cleaned,0.46511627906976744,0.9526041666666667,0.0,12,80,92
11,0.97,embedding_0.97,RandomForest,leaked-only,0.6747588862098468,0.9424448686391722,0.4446168892356056,68,1171,1239
11,0.97,embedding_0.97,LogisticRegression,baseline,0.8272047631838124,0.9107913669064749,0.659409206118117,80,1251,1331
11,0.97,embedding_0.97,LogisticRegression,cleaned,0.761038961038961,0.9208333333333334,0.5412073589719613,12,80,92
11,0.97,embedding_0.97,LogisticRegression,leaked-only,0.8367869415807561,0.9030994122670417,0.6771029668504903,68,1171,1239
11,0.98,embedding_0.98,RandomForest,baseline,0.6503947913018562,0.9462729816147082,0.4082719096940513,80,1251,1331
11,0.98,embedding_0.98,RandomForest,cleaned,0.521465682253213,0.9740829346092503,0.20401232701196464,22,228,250
11,0.98,embedding_0.98,RandomForest,leaked-only,0.6892189746046957,0.927571038527657,0.46486226974009814,58,1023,1081
11,0.98,embedding_0.98,LogisticRegression,baseline,0.8272047631838124,0.9107913669064749,0.659409206118117,80,1251,1331
11,0.98,embedding_0.98,LogisticRegression,cleaned,0.8068337912087913,0.9529505582137161,0.6239412762085733,22,228,250
11,0.98,embedding_0.98,LogisticRegression,leaked-only,0.8339171583087512,0.892894461859979,0.6713558518825106,58,1023,1081
11,0.99,embedding_0.99,RandomForest,baseline,0.6503947913018562,0.9462729816147082,0.4082719096940513,80,1251,1331
11,0.99,embedding_0.99,RandomForest,cleaned,0.5562693361183912,0.9644249303919469,0.2583165762797693,29,805,834
11,0.99,embedding_0.99,RandomForest,leaked-only,0.6879196251750954,0.8978062076848677,0.4642209811989531,51,446,497
11,0.99,embedding_0.99,LogisticRegression,baseline,0.8272047631838124,0.9107913669064749,0.659409206118117,80,1251,1331
11,0.99,embedding_0.99,LogisticRegression,cleaned,0.7878870087151142,0.940544013707432,0.5919763360501201,29,805,834
11,0.99,embedding_0.99,LogisticRegression,leaked-only,0.852158762536121,0.8845071660951376,0.7049967882346285,51,446,497
11,1.0,embedding_1.0,RandomForest,baseline,0.6503947913018562,0.9462729816147082,0.4082719096940513,80,1251,1331
11,1.0,embedding_1.0,RandomForest,cleaned,0.6503947913018562,0.9462729816147082,0.4082719096940513,80,1251,1331
11,1.0,embedding_1.0,LogisticRegression,baseline,0.8272047631838124,0.9107913669064749,0.659409206118117,80,1251,1331
11,1.0,embedding_1.0,LogisticRegression,cleaned,0.8272047631838124,0.9107913669064749,0.659409206118117,80,1251,1331
12,0.9,embedding_0.9,RandomForest,baseline,0.5955473687553594,0.9568040054047051,0.3245715503003623,81,1334,1415
12,0.9,embedding_0.9,RandomForest,cleaned,0.4858490566037736,0.9118122977346278,0.0,6,103,109
12,0.9,embedding_0.9,RandomForest,leaked-only,0.6032149367508148,0.9584944489574873,0.33737514851060285,75,1231,1306
12,0.9,embedding_0.9,LogisticRegression,baseline,0.7797603745306563,0.9123678901290094,0.5855174188153162,81,1334,1415
12,0.9,embedding_0.9,LogisticRegression,cleaned,0.7129060579455663,0.8996763754045307,0.4533129293023083,6,103,109
12,0.9,embedding_0.9,LogisticRegression,leaked-only,0.785382687646358,0.913934470620092,0.596559178645218,75,1231,1306
12,0.91,embedding_0.91,RandomForest,baseline,0.5955473687553594,0.9568040054047051,0.3245715503003623,81,1334,1415
12,0.91,embedding_0.91,RandomForest,cleaned,0.4838709677419355,0.9231292517006803,0.0,7,105,112
12,0.91,embedding_0.91,RandomForest,leaked-only,0.6047553491844972,0.9581729817694016,0.33978924097664887,74,1229,1303
12,0.91,embedding_0.91,LogisticRegression,baseline,0.7797603745306563,0.9123678901290094,0.5855174188153162,81,1334,1415
12,0.91,embedding_0.91,LogisticRegression,cleaned,0.7412066752246469,0.9142857142857144,0.5068420748999524,7,105,112
12,0.91,embedding_0.91,LogisticRegression,leaked-only,0.7833748960931006,0.9127394277923163,0.5928932208836827,74,1229,1303
12,0.92,embedding_0.92,RandomForest,baseline,0.5955473687553594,0.9568040054047051,0.3245715503003623,81,1334,1415
12,0.92,embedding_0.92,RandomForest,cleaned,0.4840182648401826,0.9238544474393532,0.0,7,106,113
12,0.92,embedding_0.92,RandomForest,leaked-only,0.6047451136071738,0.9581664319042169,0.33978081885538564,74,1228,1302
12,0.92,embedding_0.92,LogisticRegression,baseline,0.7797603745306563,0.9123678901290094,0.5855174188153162,81,1334,1415
12,0.92,embedding_0.92,LogisticRegression,cleaned,0.7414187643020596,0.9137466307277629,0.5072146791213739,7,106,113
12,0.92,embedding_0.92,LogisticRegression,leaked-only,0.783361064891847,0.9127343956334184,0.5928696397347105,74,1228,1302
12,0.93,embedding_0.93,RandomForest,baseline,0.5955473687553594,0.9568040054047051,0.3245715503003623,81,1334,1415
12,0.93,embedding_0.93,RandomForest,cleaned,0.48497854077253216,0.915929203539823,0.0,7,113,120
12,0.93,embedding_0.93,RandomForest,leaked-only,0.6046730069273218,0.9587622020054453,0.33972149100619625,74,1221,1295
12,0.93,embedding_0.93,LogisticRegression,baseline,0.7797603745306563,0.9123678901290094,0.5855174188153162,81,1334,1415
12,0.93,embedding_0.93,LogisticRegression,cleaned,0.7129810828440966,0.911504424778761,0.46333864569810457,7,113,120
12,0.93,embedding_0.93,LogisticRegression,leaked-only,0.7867259552042161,0.9132080483431835,0.5982458911045998,74,1221,1295
12,0.94,embedding_0.94,RandomForest,baseline,0.5955473687553594,0.9568040054047051,0.3245715503003623,81,1334,1415
12,0.94,embedding_0.94,RandomForest,cleaned,0.48360655737704916,0.9226694915254238,0.0,8,118,126
12,0.94,embedding_0.94,RandomForest,leaked-only,0.6062168251422462,0.9586281092285507,0.34215944680223725,73,1216,1289
12,0.94,embedding_0.94,LogisticRegression,baseline,0.7797603745306563,0.9123678901290094,0.5855174188153162,81,1334,1415
12,0.94,embedding_0.94,LogisticRegression,cleaned,0.7236842105263157,0.9194915254237288,0.487211255407748,8,118,126
12,0.94,embedding_0.94,LogisticRegression,leaked-only,0.7864079968150468,0.9125135183850035,0.5972691967861341,73,1216,1289
12,0.95,embedding_0.95,RandomForest,baseline,0.5955473687553594,0.9568040054047051,0.3245715503003623,81,1334,1415
12,0.95,embedding_0.95,RandomForest,cleaned,0.47843137254901963,0.9243666169895678,0.0,11,122,133
12,0.95,embedding_0.95,RandomForest,leaked-only,0.6111732621331225,0.9582861857614332,0.34987877647739923,70,1212,1282
12,0.95,embedding_0.95,LogisticRegression,baseline,0.7797603745306563,0.9123678901290094,0.5855174188153162,81,1334,1415
12,0.95,embedding_0.95,LogisticRegression,cleaned,0.7484359086279645,0.9262295081967213,0.5195848283445152,11,122,133
12,0.95,embedding_0.95,LogisticRegression,leaked-only,0.7839932603201347,0.9114804337576616,0.5946147872862548,70,1212,1282
12,0.96,embedding_0.96,RandomForest,baseline,0.5955473687553594,0.9568040054047051,0.3245715503003623,81,1334,1415
12,0.96,embedding_0.96,RandomForest,cleaned,0.47440273037542663,0.9083932853717027,0.0,15,139,154
12,0.96,embedding_0.96,RandomForest,leaked-only,0.6182136881523385,0.9593254722961836,0.3608738173561586,66,1195,1261
12,0.96,embedding_0.96,LogisticRegression,baseline,0.7797603745306563,0.9123678901290094,0.5855174188153162,81,1334,1415
12,0.96,embedding_0.96,LogisticRegression,cleaned,0.7504527690401297,0.9223021582733812,0.5230286789026797,15,139,154
12,0.96,embedding_0.96,LogisticRegression,leaked-only,0.7846285226302305,0.9104095346773171,0.5964410397607252,66,1195,1261
12,0.97,embedding_0.97,RandomForest,baseline,0.5955473687553594,0.9568040054047051,0.3245715503003623,81,1334,1415
12,0.97,embedding_0.97,RandomForest,cleaned,0.4746268656716418,0.9171291157972623,0.0,17,159,176
12,0.97,embedding_0.97,RandomForest,leaked-only,0.6218893050353724,0.9585505319148936,0.36665822839113843,64,1175,1239
12,0.97,embedding_0.97,LogisticRegression,baseline,0.7797603745306563,0.9123678901290094,0.5855174188153162,81,1334,1415
12,0.97,embedding_0.97,LogisticRegression,cleaned,0.7483254308722811,0.8849426563078062,0.5143528431385908,17,159,176
12,0.97,embedding_0.97,LogisticRegression,leaked-only,0.7859321933496564,0.9207446808510638,0.6004385292903759,64,1175,1239
12,0.98,embedding_0.98,RandomForest,baseline,0.5955473687553594,0.9568040054047051,0.3245715503003623,81,1334,1415
12,0.98,embedding_0.98,RandomForest,cleaned,0.48392036753445633,0.9367088607594937,0.0,21,316,337
12,0.98,embedding_0.98,RandomForest,leaked-only,0.6286148545951971,0.9612557301899147,0.3779657488881998,60,1018,1078
12,0.98,embedding_0.98,LogisticRegression,baseline,0.7797603745306563,0.9123678901290094,0.5855174188153162,81,1334,1415
12,0.98,embedding_0.98,LogisticRegression,cleaned,0.7358934169278997,0.8797468354430379,0.49845516688490876,21,316,337
12,0.98,embedding_0.98,LogisticRegression,leaked-only,0.7952707856598016,0.9255730189914866,0.6162170180373013,60,1018,1078
12,0.99,embedding_0.99,RandomForest,baseline,0.5955473687553594,0.9568040054047051,0.3245715503003623,81,1334,1415
12,0.99,embedding_0.99,RandomForest,cleaned,0.48875479978058145,0.957187046617941,0.0,41,891,932
12,0.99,embedding_0.99,RandomForest,leaked-only,0.6791385406621665,0.9517494356659142,0.45768356708924685,40,443,483
12,0.99,embedding_0.99,LogisticRegression,baseline,0.7797603745306563,0.9123678901290094,0.5855174188153162,81,1334,1415
12,0.99,embedding_0.99,LogisticRegression,cleaned,0.7570726817042607,0.9108975938244231,0.5411207692143539,41,891,932
12,0.99,embedding_0.99,LogisticRegression,leaked-only,0.8023228803716609,0.9160270880361174,0.6299327831896928,40,443,483
12,1.0,embedding_1.0,RandomForest,baseline,0.5955473687553594,0.9568040054047051,0.3245715503003623,81,1334,1415
12,1.0,embedding_1.0,RandomForest,cleaned,0.5955473687553594,0.9568040054047051,0.3245715503003623,81,1334,1415
12,1.0,embedding_1.0,LogisticRegression,baseline,0.7797603745306563,0.9123678901290094,0.5855174188153162,81,1334,1415
12,1.0,embedding_1.0,LogisticRegression,cleaned,0.7797603745306563,0.9123678901290094,0.5855174188153162,81,1334,1415
13,0.9,embedding_0.9,RandomForest,baseline,0.6012598847339499,0.9730105302164715,0.29329313650562217,53,1222,1275
13,0.9,embedding_0.9,RandomForest,cleaned,0.4714285714285714,0.9772727272727273,0.0,4,33,37
13,0.9,embedding_0.9,RandomForest,leaked-only,0.6093350069774128,0.9733440895281578,0.30566994024764893,49,1189,1238
13,0.9,embedding_0.9,LogisticRegression,baseline,0.7570040022870211,0.944199116820554,0.5600413716974728,53,1222,1275
13,0.9,embedding_0.9,LogisticRegression,cleaned,0.7330447330447329,0.9545454545454545,0.4985187293582093,4,33,37
13,0.9,embedding_0.9,LogisticRegression,leaked-only,0.7576540599796413,0.9431180377954378,0.562756206242564,49,1189,1238
13,0.91,embedding_0.91,RandomForest,baseline,0.6012598847339499,0.9730105302164715,0.29329313650562217,53,1222,1275
13,0.91,embedding_0.91,RandomForest,cleaned,0.475,0.9802631578947368,0.0,4,38,42
13,0.91,embedding_0.91,RandomForest,leaked-only,0.6092963320259412,0.9733780336458907,0.3056262375420308,49,1184,1233
13,0.91,embedding_0.91,LogisticRegression,baseline,0.7570040022870211,0.944199116820554,0.5600413716974728,53,1222,1275
13,0.91,embedding_0.91,LogisticRegression,cleaned,0.7384806973848069,0.9605263157894737,0.5078333750770081,4,38,42
13,0.91,embedding_0.91,LogisticRegression,leaked-only,0.7575888644227744,0.943119139547711,0.5626583427653764,49,1184,1233
13,0.92,embedding_0.92,RandomForest,baseline,0.6012598847339499,0.9730105302164715,0.29329313650562217,53,1222,1275
13,0.92,embedding_0.92,RandomForest,cleaned,0.47126436781609193,0.9707317073170733,0.0,5,41,46
13,0.92,embedding_0.92,RandomForest,leaked-only,0.6115229885057472,0.9734423511148743,0.3090075088978576,48,1181,1229
13,0.92,embedding_0.92,LogisticRegression,baseline,0.7570040022870211,0.944199116820554,0.5600413716974728,53,1222,1275
13,0.92,embedding_0.92,LogisticRegression,cleaned,0.7472527472527473,0.9658536585365853,0.5320050477526025,5,41,46
13,0.92,embedding_0.92,LogisticRegression,leaked-only,0.7565686924620432,0.9419806661021733,0.560470466354715,48,1181,1229
13,0.93,embedding_0.93,RandomForest,baseline,0.6012598847339499,0.9730105302164715,0.29329313650562217,53,1222,1275
13,0.93,embedding_0.93,RandomForest,cleaned,0.46153846153846156,0.9795918367346939,0.0,7,42,49
13,0.93,embedding_0.93,RandomForest,leaked-only,0.6162353923205341,0.9731853352984525,0.31613769188440105,46,1180,1226
13,0.93,embedding_0.93,LogisticRegression,baseline,0.7570040022870211,0.944199116820554,0.5600413716974728,53,1222,1275
13,0.93,embedding_0.93,LogisticRegression,cleaned,0.7958333333333334,0.9693877551020409,0.6190103744689256,7,42,49
13,0.93,embedding_0.93,LogisticRegression,leaked-only,0.750338660409934,0.9398857774502579,0.5496738296306543,46,1180,1226
13,0.94,embedding_0.94,RandomForest,baseline,0.6012598847339499,0.9730105302164715,0.29329313650562217,53,1222,1275
13,0.94,embedding_0.94,RandomForest,cleaned,0.45544554455445546,0.9444444444444444,0.0,9,46,55
13,0.94,embedding_0.94,RandomForest,leaked-only,0.6212473999565366,0.9733688930117501,0.32371463536772566,44,1176,1220
13,0.94,embedding_0.94,LogisticRegression,baseline,0.7570040022870211,0.944199116820554,0.5600413716974728,53,1222,1275
13,0.94,embedding_0.94,LogisticRegression,cleaned,0.7152941176470589,0.9299516908212561,0.47415963200259353,9,46,55
13,0.94,embedding_0.94,LogisticRegression,leaked-only,0.7575155279503105,0.943085188620903,0.5639031675384311,44,1176,1220
13,0.95,embedding_0.95,RandomForest,baseline,0.6012598847339499,0.9730105302164715,0.29329313650562217,53,1222,1275
13,0.95,embedding_0.95,RandomForest,cleaned,0.4608695652173913,0.9392033542976939,0.0,9,53,62
13,0.95,embedding_0.95,RandomForest,leaked-only,0.6211979264255824,0.9735399331207715,0.3236558186679525,44,1169,1213
13,0.95,embedding_0.95,LogisticRegression,baseline,0.7570040022870211,0.944199116820554,0.5600413716974728,53,1222,1275
13,0.95,embedding_0.95,LogisticRegression,cleaned,0.7080062794348508,0.928721174004193,0.4651750498131462,9,53,62
13,0.95,embedding_0.95,LogisticRegression,leaked-only,0.7596077925591316,0.9435998133602924,0.5670780154274156,44,1169,1213
13,0.96,embedding_0.96,RandomForest,baseline,0.6012598847339499,0.9730105302164715,0.29329313650562217,53,1222,1275
13,0.96,embedding_0.96,RandomForest,cleaned,0.4645669291338583,0.9340866290018832,0.0,9,59,68
13,0.96,embedding_0.96,RandomForest,leaked-only,0.6211550533584432,0.9738919721722817,0.32360485067965544,44,1163,1207
13,0.96,embedding_0.96,LogisticRegression,baseline,0.7570040022870211,0.944199116820554,0.5600413716974728,53,1222,1275
13,0.96,embedding_0.96,LogisticRegression,cleaned,0.6851851851851851,0.9171374764595103,0.4337882042435647,9,59,68
13,0.96,embedding_0.96,LogisticRegression,leaked-only,0.7639774450310788,0.944774486047057,0.5737276717965114,44,1163,1207
13,0.97,embedding_0.97,RandomForest,baseline,0.6012598847339499,0.9730105302164715,0.29329313650562217,53,1222,1275
13,0.97,embedding_0.97,RandomForest,cleaned,0.463855421686747,0.9031385281385281,0.0,12,77,89
13,0.97,embedding_0.97,RandomForest,leaked-only,0.6292841996772858,0.9779848759186281,0.3358835572354621,41,1145,1186
13,0.97,embedding_0.97,LogisticRegression,baseline,0.7570040022870211,0.944199116820554,0.5600413716974728,53,1222,1275
13,0.97,embedding_0.97,LogisticRegression,cleaned,0.6977022977022977,0.8560606060606061,0.4432894872758488,12,77,89
13,0.97,embedding_0.97,LogisticRegression,leaked-only,0.7639881973512661,0.963595697092342,0.5767594030113099,41,1145,1186
13,0.98,embedding_0.98,RandomForest,baseline,0.6012598847339499,0.9730105302164715,0.29329313650562217,53,1222,1275
13,0.98,embedding_0.98,RandomForest,cleaned,0.4823529411764706,0.9515447154471545,0.0,15,205,220
13,0.98,embedding_0.98,RandomForest,leaked-only,0.6375889104429356,0.9762329865962842,0.3485761907649811,38,1017,1055
13,0.98,embedding_0.98,LogisticRegression,baseline,0.7570040022870211,0.944199116820554,0.5600413716974728,53,1222,1275
13,0.98,embedding_0.98,LogisticRegression,cleaned,0.696969696969697,0.8891056910569105,0.42766771584768126,15,205,220
13,0.98,embedding_0.98,LogisticRegression,leaked-only,0.7764356855265946,0.9691300522693165,0.6048107021055229,38,1017,1055
13,0.99,embedding_0.99,RandomForest,baseline,0.6012598847339499,0.9730105302164715,0.29329313650562217,53,1222,1275
13,0.99,embedding_0.99,RandomForest,cleaned,0.4921334172435494,0.9759738186462324,-0.006166762444939674,24,783,807
13,0.99,embedding_0.99,RandomForest,leaked-only,0.6708474973625601,0.9666561935433196,0.4157463642161187,29,439,468
13,0.99,embedding_0.99,LogisticRegression,baseline,0.7570040022870211,0.944199116820554,0.5600413716974728,53,1222,1275
13,0.99,embedding_0.99,LogisticRegression,cleaned,0.7345701510316197,0.9350255427841636,0.5053149194386227,24,783,807
13,0.99,embedding_0.99,LogisticRegression,leaked-only,0.7709664125283331,0.9556986882413008,0.5997309632767364,29,439,468
13,1.0,embedding_1.0,RandomForest,baseline,0.6012598847339499,0.9730105302164715,0.29329313650562217,53,1222,1275
13,1.0,embedding_1.0,RandomForest,cleaned,0.6012598847339499,0.9730105302164715,0.29329313650562217,53,1222,1275
13,1.0,embedding_1.0,LogisticRegression,baseline,0.7570040022870211,0.944199116820554,0.5600413716974728,53,1222,1275
13,1.0,embedding_1.0,LogisticRegression,cleaned,0.7570040022870211,0.944199116820554,0.5600413716974728,53,1222,1275
14,0.9,embedding_0.9,RandomForest,baseline,0.6055564466972506,0.9734871833421032,0.3319993700676979,53,1255,1308
14,0.9,embedding_0.9,RandomForest,cleaned,0.4852941176470588,0.9981060606060606,0.0,4,66,70
14,0.9,embedding_0.9,RandomForest,leaked-only,0.6139190473082251,0.9731724481213848,0.34556440387544146,49,1189,1238
14,0.9,embedding_0.9,LogisticRegression,baseline,0.8792132237510388,0.9376982635495753,0.7622238469644788,53,1255,1308
14,0.9,embedding_0.9,LogisticRegression,cleaned,0.788007268322229,0.962121212121212,0.640916851685467,4,66,70
14,0.9,embedding_0.9,LogisticRegression,leaked-only,0.8895933324685432,0.9342270129245979,0.7806353085420149,49,1189,1238
14,0.91,embedding_0.91,RandomForest,baseline,0.6055564466972506,0.9734871833421032,0.3319993700676979,53,1255,1308
14,0.91,embedding_0.91,RandomForest,cleaned,0.4859154929577465,0.9981884057971014,0.0,4,69,73
14,0.91,embedding_0.91,RandomForest,leaked-only,0.6138969470921398,0.9731734177650825,0.3455446599142913,49,1186,1235
14,0.91,embedding_0.91,LogisticRegression,baseline,0.8792132237510388,0.9376982635495753,0.7622238469644788,53,1255,1308
14,0.91,embedding_0.91,LogisticRegression,cleaned,0.7888953152111047,0.963768115942029,0.6420578831241025,4,69,73
14,0.91,embedding_0.91,LogisticRegression,leaked-only,0.88958157227388,0.9342499225659909,0.7806121322136373,49,1186,1235
14,0.92,embedding_0.92,RandomForest,baseline,0.6055564466972506,0.9734871833421032,0.3319993700676979,53,1255,1308
14,0.92,embedding_0.92,RandomForest,cleaned,0.4866666666666667,0.9982876712328768,0.0,4,73,77
14,0.92,embedding_0.92,RandomForest,leaked-only,0.6138673086041507,0.973298456438413,0.3455181823074783,49,1182,1231
14,0.92,embedding_0.92,LogisticRegression,baseline,0.8792132237510388,0.9376982635495753,0.7622238469644788,53,1255,1308
14,0.92,embedding_0.92,LogisticRegression,cleaned,0.789961811238407,0.9657534246575342,0.6434306832441475,4,73,77
14,0.92,embedding_0.92,LogisticRegression,leaked-only,0.8895657989169439,0.9341482786007804,0.78058104702064,49,1182,1231
14,0.93,embedding_0.93,RandomForest,baseline,0.6055564466972506,0.9734871833421032,0.3319993700676979,53,1255,1308
14,0.93,embedding_0.93,RandomForest,cleaned,0.484472049689441,0.9961538461538461,0.0,5,78,83
14,0.93,embedding_0.93,RandomForest,leaked-only,0.6162280701754386,0.9731042905692439,0.34925110850131785,48,1177,1225
14,0.93,embedding_0.93,LogisticRegression,baseline,0.8792132237510388,0.9376982635495753,0.7622238469644788,53,1255,1308
14,0.93,embedding_0.93,LogisticRegression,cleaned,0.8167770419426048,0.9666666666666667,0.6840677729207231,5,78,83
14,0.93,embedding_0.93,LogisticRegression,leaked-only,0.8874720245849618,0.9329864061172473,0.7764413837415954,48,1177,1225
14,0.94,embedding_0.94,RandomForest,baseline,0.6055564466972506,0.9734871833421032,0.3319993700676979,53,1255,1308
14,0.94,embedding_0.94,RandomForest,cleaned,0.4853801169590643,0.9963855421686747,0.0,5,83,88
14,0.94,embedding_0.94,RandomForest,leaked-only,0.6161912751677852,0.9732650739476678,0.349217894176758,48,1172,1220
14,0.94,embedding_0.94,LogisticRegression,baseline,0.8792132237510388,0.9376982635495753,0.7622238469644788,53,1255,1308
14,0.94,embedding_0.94,LogisticRegression,cleaned,0.8178053830227743,0.9686746987951808,0.6854775839312977,5,83,88
14,0.94,embedding_0.94,LogisticRegression,leaked-only,0.8874519867827371,0.9330382536973834,0.7764019042630869,48,1172,1220
14,0.95,embedding_0.95,RandomForest,baseline,0.6055564466972506,0.9734871833421032,0.3319993700676979,53,1255,1308
14,0.95,embedding_0.95,RandomForest,cleaned,0.4864864864864865,0.9833333333333334,0.0,5,90,95
14,0.95,embedding_0.95,RandomForest,leaked-only,0.6161392405063291,0.9737392703862661,0.34917092603208966,48,1165,1213
14,0.95,embedding_0.95,LogisticRegression,baseline,0.8792132237510388,0.9376982635495753,0.7622238469644788,53,1255,1308
14,0.95,embedding_0.95,LogisticRegression,cleaned,0.7952586206896552,0.971111111111111,0.6513389472789296,5,90,95
14,0.95,embedding_0.95,LogisticRegression,leaked-only,0.891523474928138,0.9332260371959943,0.7841166455632835,48,1165,1213
14,0.96,embedding_0.96,RandomForest,baseline,0.6055564466972506,0.9734871833421032,0.3319993700676979,53,1255,1308
14,0.96,embedding_0.96,RandomForest,cleaned,0.4880382775119617,0.9754901960784313,0.0,5,102,107
14,0.96,embedding_0.96,RandomForest,leaked-only,0.6160485933503836,0.9744326394911824,0.3490891128395444,48,1153,1201
14,0.96,embedding_0.96,LogisticRegression,baseline,0.8792132237510388,0.9376982635495753,0.7622238469644788,53,1255,1308
14,0.96,embedding_0.96,LogisticRegression,cleaned,0.7573696145124716,0.9686274509803922,0.5953565923852115,5,102,107
14,0.96,embedding_0.96,LogisticRegression,leaked-only,0.8999153497633741,0.9339585140213934,0.8002383556611444,48,1153,1201
14,0.97,embedding_0.97,RandomForest,baseline,0.6055564466972506,0.9734871833421032,0.3319993700676979,53,1255,1308
14,0.97,embedding_0.97,RandomForest,cleaned,0.48659003831417624,0.9471316085489313,0.0,7,127,134
14,0.97,embedding_0.97,RandomForest,leaked-only,0.6209112338144596,0.9749556737588653,0.35681402982453714,46,1128,1174
14,0.97,embedding_0.97,LogisticRegression,baseline,0.8792132237510388,0.9376982635495753,0.7622238469644788,53,1255,1308
14,0.97,embedding_0.97,LogisticRegression,cleaned,0.7384205856255546,0.8526434195725534,0.5341389138842682,7,127,134
14,0.97,embedding_0.97,LogisticRegression,leaked-only,0.911344371236006,0.9486201048411964,0.8228942258357793,46,1128,1174
14,0.98,embedding_0.98,RandomForest,baseline,0.6055564466972506,0.9734871833421032,0.3319993700676979,53,1255,1308
14,0.98,embedding_0.98,RandomForest,cleaned,0.4906015037593985,0.9722222222222222,0.0,10,261,271
14,0.98,embedding_0.98,RandomForest,leaked-only,0.6281100675564344,0.97107060970474,0.3686481710262043,43,994,1037
14,0.98,embedding_0.98,LogisticRegression,baseline,0.8792132237510388,0.9376982635495753,0.7622238469644788,53,1255,1308
14,0.98,embedding_0.98,LogisticRegression,cleaned,0.7740411339633129,0.8812260536398469,0.5766331597918802,10,261,271
14,0.98,embedding_0.98,LogisticRegression,leaked-only,0.9119519995471655,0.9505638482055122,0.824424380907915,43,994,1037
14,0.99,embedding_0.99,RandomForest,baseline,0.6055564466972506,0.9734871833421032,0.3319993700676979,53,1255,1308
14,0.99,embedding_0.99,RandomForest,cleaned,0.4931992903607333,0.969215931602544,0.0,23,834,857
14,0.99,embedding_0.99,RandomForest,leaked-only,0.6703216374269005,0.9811163895486936,0.4360014134994977,30,421,451
14,0.99,embedding_0.99,LogisticRegression,baseline,0.8792132237510388,0.9376982635495753,0.7622238469644788,53,1255,1308
14,0.99,embedding_0.99,LogisticRegression,cleaned,0.8087907184292726,0.8820769471379417,0.6252015711858557,23,834,857
14,0.99,embedding_0.99,LogisticRegression,leaked-only,0.9402728115481394,0.9809976247030878,0.8817217759998872,30,421,451
14,1.0,embedding_1.0,RandomForest,baseline,0.6055564466972506,0.9734871833421032,0.3319993700676979,53,1255,1308
14,1.0,embedding_1.0,RandomForest,cleaned,0.6055564466972506,0.9734871833421032,0.3319993700676979,53,1255,1308
14,1.0,embedding_1.0,LogisticRegression,baseline,0.8792132237510388,0.9376982635495753,0.7622238469644788,53,1255,1308
14,1.0,embedding_1.0,LogisticRegression,cleaned,0.8792132237510388,0.9376982635495753,0.7622238469644788,53,1255,1308
15,0.9,embedding_0.9,RandomForest,baseline,0.6439648975466716,0.9965655019977897,0.41579273428428004,45,1307,1352
15,0.9,embedding_0.9,RandomForest,cleaned,1.0,nan,nan,0,86,86
15,0.9,embedding_0.9,RandomForest,leaked-only,0.6434807096592509,0.9965783965783965,0.41539020162714857,45,1221,1266
15,0.9,embedding_0.9,LogisticRegression,baseline,0.8809456072613967,0.9957153787299158,0.7813871333142762,45,1307,1352
15,0.9,embedding_0.9,LogisticRegression,cleaned,0.48502994011976047,nan,nan,0,86,86
15,0.9,embedding_0.9,LogisticRegression,leaked-only,0.8993362538668039,0.9968877968877969,0.8125030025868888,45,1221,1266
15,0.91,embedding_0.91,RandomForest,baseline,0.6439648975466716,0.9965655019977897,0.41579273428428004,45,1307,1352
15,0.91,embedding_0.91,RandomForest,cleaned,1.0,nan,nan,0,93,93
15,0.91,embedding_0.91,RandomForest,leaked-only,0.6434383252325003,0.9965769723595095,0.4153549830785749,45,1214,1259
15,0.91,embedding_0.91,LogisticRegression,baseline,0.8809456072613967,0.9957153787299158,0.7813871333142762,45,1307,1352
15,0.91,embedding_0.91,LogisticRegression,cleaned,0.4861878453038674,nan,nan,0,93,93
15,0.91,embedding_0.91,LogisticRegression,leaked-only,0.8993110697270557,0.9968698517298188,0.8124602081976361,45,1214,1259
15,0.92,embedding_0.92,RandomForest,baseline,0.6439648975466716,0.9965655019977897,0.41579273428428004,45,1307,1352
15,0.92,embedding_0.92,RandomForest,cleaned,0.49743589743589745,1.0,0.0,1,97,98
15,0.92,embedding_0.92,RandomForest,leaked-only,0.6465171636181408,0.9966003005259203,0.4201963922092647,44,1210,1254
15,0.92,embedding_0.92,LogisticRegression,baseline,0.8809456072613967,0.9957153787299158,0.7813871333142762,45,1307,1352
15,0.92,embedding_0.92,LogisticRegression,cleaned,0.6296296296296295,1.0,0.39758722486338827,1,97,98
15,0.92,embedding_0.92,LogisticRegression,leaked-only,0.8974959810359391,0.9967881292261458,0.8092830774972887,44,1210,1254
15,0.93,embedding_0.93,RandomForest,baseline,0.6439648975466716,0.9965655019977897,0.41579273428428004,45,1307,1352
15,0.93,embedding_0.93,RandomForest,cleaned,0.49760765550239233,1.0,0.0,1,104,105
15,0.93,embedding_0.93,RandomForest,leaked-only,0.6464751464751465,0.9965805184009674,0.42016107515773277,44,1203,1247
15,0.93,embedding_0.93,LogisticRegression,baseline,0.8809456072613967,0.9957153787299158,0.7813871333142762,45,1307,1352
15,0.93,embedding_0.93,LogisticRegression,cleaned,0.6305418719211823,1.0,0.39831375340784575,1,104,105
15,0.93,embedding_0.93,LogisticRegression,leaked-only,0.8974703318990325,0.9967694400362729,0.8092396221729431,44,1203,1247
15,0.94,embedding_0.94,RandomForest,baseline,0.6439648975466716,0.9965655019977897,0.41579273428428004,45,1307,1352
15,0.94,embedding_0.94,RandomForest,cleaned,0.4977578475336323,1.0,0.0,1,111,112
15,0.94,embedding_0.94,RandomForest,leaked-only,0.6464326447851984,0.9965605047126787,0.4201253537564107,44,1196,1240
15,0.94,embedding_0.94,LogisticRegression,baseline,0.8809456072613967,0.9957153787299158,0.7813871333142762,45,1307,1352
15,0.94,embedding_0.94,LogisticRegression,cleaned,0.631336405529954,1.0,0.3989475644231446,1,111,112
15,0.94,embedding_0.94,LogisticRegression,leaked-only,0.8974443801174428,0.996750532076619,0.8091956558431427,44,1196,1240
15,0.95,embedding_0.95,RandomForest,baseline,0.6439648975466716,0.9965655019977897,0.41579273428428004,45,1307,1352
15,0.95,embedding_0.95,RandomForest,cleaned,0.49572649572649574,1.0,0.0,2,116,118
15,0.95,embedding_0.95,RandomForest,leaked-only,0.6496223644608857,0.9966024251654854,0.42512966580541994,43,1191,1234
15,0.95,embedding_0.95,LogisticRegression,baseline,0.8809456072613967,0.9957153787299158,0.7813871333142762,45,1307,1352
15,0.95,embedding_0.95,LogisticRegression,cleaned,0.7112090063631914,1.0,0.5228757163784957,2,116,118
15,0.95,embedding_0.95,LogisticRegression,leaked-only,0.8955564959796869,0.9966805303340949,0.8058974532561775,43,1191,1234
15,0.96,embedding_0.96,RandomForest,baseline,0.6439648975466716,0.9965655019977897,0.41579273428428004,45,1307,1352
15,0.96,embedding_0.96,RandomForest,cleaned,0.49606299212598426,1.0,0.0,2,126,128
15,0.96,embedding_0.96,RandomForest,leaked-only,0.6495619524405507,0.9966524230549593,0.4250782921622372,43,1181,1224
15,0.96,embedding_0.96,LogisticRegression,baseline,0.8809456072613967,0.9957153787299158,0.7813871333142762,45,1307,1352
15,0.96,embedding_0.96,LogisticRegression,cleaned,0.7121007647323436,1.0,0.5238095238095238,2,126,128
15,0.96,embedding_0.96,LogisticRegression,leaked-only,0.8955185659411011,0.9966721146840478,0.8058333925979069,43,1181,1224
15,0.97,embedding_0.97,RandomForest,baseline,0.6439648975466716,0.9965655019977897,0.41579273428428004,45,1307,1352
15,0.97,embedding_0.97,RandomForest,cleaned,0.49337748344370863,0.9932885906040269,0.0,4,149,153
15,0.97,embedding_0.97,RandomForest,leaked-only,0.6562410404774937,0.9969986098824718,0.4355634850953906,41,1158,1199
15,0.97,embedding_0.97,LogisticRegression,baseline,0.8809456072613967,0.9957153787299158,0.7813871333142762,45,1307,1352
15,0.97,embedding_0.97,LogisticRegression,cleaned,0.7546391752577319,0.988255033557047,0.5886873330410444,4,149,153
15,0.97,embedding_0.97,LogisticRegression,leaked-only,0.8999081726354454,0.9977252622267155,0.8131868550017627,41,1158,1199
15,0.98,embedding_0.98,RandomForest,baseline,0.6439648975466716,0.9965655019977897,0.41579273428428004,45,1307,1352
15,0.98,embedding_0.98,RandomForest,cleaned,0.4947916666666667,0.9923976608187134,0.0,6,285,291
15,0.98,embedding_0.98,RandomForest,leaked-only,0.6627428864393745,0.9970018565908977,0.44619423248893203,39,1022,1061
15,0.98,embedding_0.98,LogisticRegression,baseline,0.8809456072613967,0.9957153787299158,0.7813871333142762,45,1307,1352
15,0.98,embedding_0.98,LogisticRegression,cleaned,0.7637987012987013,0.9871345029239766,0.6015331289822348,6,285,291
15,0.98,embedding_0.98,LogisticRegression,leaked-only,0.9091025915613622,0.9979928747052035,0.8289280600247956,39,1022,1061
15,0.99,embedding_0.99,RandomForest,baseline,0.6439648975466716,0.9965655019977897,0.41579273428428004,45,1307,1352
15,0.99,embedding_0.99,RandomForest,cleaned,0.4959207459207459,0.9922779922779923,0.0,14,851,865
15,0.99,embedding_0.99,RandomForest,leaked-only,0.6928287398875634,0.9993986983588002,0.4956542235271375,31,456,487
15,0.99,embedding_0.99,LogisticRegression,baseline,0.8809456072613967,0.9957153787299158,0.7813871333142762,45,1307,1352
15,0.99,embedding_0.99,LogisticRegression,cleaned,0.7832509066930431,0.9930334060768843,0.6159893409668985,14,851,865
15,0.99,embedding_0.99,LogisticRegression,leaked-only,0.9454079590039235,0.9989388794567062,0.8962512982742934,31,456,487
15,1.0,embedding_1.0,RandomForest,baseline,0.6439648975466716,0.9965655019977897,0.41579273428428004,45,1307,1352
15,1.0,embedding_1.0,RandomForest,cleaned,0.6439648975466716,0.9965655019977897,0.41579273428428004,45,1307,1352
15,1.0,embedding_1.0,LogisticRegression,baseline,0.8809456072613967,0.9957153787299158,0.7813871333142762,45,1307,1352
15,1.0,embedding_1.0,LogisticRegression,cleaned,0.8809456072613967,0.9957153787299158,0.7813871333142762,45,1307,1352
