pair,threshold,leakage_method,classifier,subset,f1_macro,auc,mcc,support_buggy,support_clean,total
1,0.9,embedding_0.9,RandomForest,baseline,0.8401620164154462,0.976021274693841,0.6826048477743017,113,990,1103
1,0.9,embedding_0.9,RandomForest,cleaned,0.4827586206896552,0.7371428571428572,0.0,5,70,75
1,0.9,embedding_0.9,RandomForest,leaked-only,0.8489425347677775,0.9782357085346216,0.6989817248584191,108,920,1028
1,0.9,embedding_0.9,LogisticRegression,baseline,0.8031975060933734,0.9321265754894074,0.6459888027368471,113,990,1103
1,0.9,embedding_0.9,LogisticRegression,cleaned,0.422360248447205,0.4771428571428572,0.0,5,70,75
1,0.9,embedding_0.9,LogisticRegression,leaked-only,0.8444884152945946,0.9589371980676329,0.7159112087217299,108,920,1028
1,0.91,embedding_0.91,RandomForest,baseline,0.8401620164154462,0.976021274693841,0.6826048477743017,113,990,1103
1,0.91,embedding_0.91,RandomForest,cleaned,0.48344370860927155,0.7287671232876712,0.0,5,73,78
1,0.91,embedding_0.91,RandomForest,leaked-only,0.8488932881241708,0.9782452845429945,0.6988840352401925,108,917,1025
1,0.91,embedding_0.91,LogisticRegression,baseline,0.8031975060933734,0.9321265754894074,0.6459888027368471,113,990,1103
1,0.91,embedding_0.91,LogisticRegression,cleaned,0.42904368358913814,0.4794520547945206,0.008276058886023679,5,73,78
1,0.91,embedding_0.91,LogisticRegression,leaked-only,0.8444169201532455,0.9588937356112929,0.715795250783468,108,917,1025
1,0.92,embedding_0.92,RandomForest,baseline,0.8401620164154462,0.976021274693841,0.6826048477743017,113,990,1103
1,0.92,embedding_0.92,RandomForest,cleaned,0.4840764331210191,0.718421052631579,0.0,5,76,81
1,0.92,embedding_0.92,RandomForest,leaked-only,0.8488437199573196,0.9782346624523868,0.6987857080220089,108,914,1022
1,0.92,embedding_0.92,LogisticRegression,baseline,0.8031975060933734,0.9321265754894074,0.6459888027368471,113,990,1103
1,0.92,embedding_0.92,LogisticRegression,cleaned,0.4285714285714286,0.4789473684210526,0.009120956670998251,5,76,81
1,0.92,embedding_0.92,LogisticRegression,leaked-only,0.8459551724418879,0.9596908177323932,0.718262230048798,108,914,1022
1,0.93,embedding_0.93,RandomForest,baseline,0.8401620164154462,0.976021274693841,0.6826048477743017,113,990,1103
1,0.93,embedding_0.93,RandomForest,cleaned,0.4817073170731707,0.7447257383966245,0.0,6,79,85
1,0.93,embedding_0.93,RandomForest,leaked-only,0.8508345432990103,0.9786565035854612,0.7025707639544969,107,911,1018
1,0.93,embedding_0.93,LogisticRegression,baseline,0.8031975060933734,0.9321265754894074,0.6459888027368471,113,990,1103
1,0.93,embedding_0.93,LogisticRegression,cleaned,0.44423076923076926,0.5632911392405063,0.05625439504630119,6,79,85
1,0.93,embedding_0.93,LogisticRegression,leaked-only,0.848181810649809,0.9602059973121865,0.7217456547053087,107,911,1018
1,0.94,embedding_0.94,RandomForest,baseline,0.8401620164154462,0.976021274693841,0.6826048477743017,113,990,1103
1,0.94,embedding_0.94,RandomForest,cleaned,0.48295454545454547,0.7274509803921568,0.0,6,85,91
1,0.94,embedding_0.94,RandomForest,leaked-only,0.8507354617251506,0.9787834977022771,0.7023739444863542,107,905,1012
1,0.94,embedding_0.94,LogisticRegression,baseline,0.8031975060933734,0.9321265754894074,0.6459888027368471,113,990,1103
1,0.94,embedding_0.94,LogisticRegression,cleaned,0.44285714285714284,0.5627450980392157,0.056722736232520554,6,85,91
1,0.94,embedding_0.94,LogisticRegression,leaked-only,0.8513463604619931,0.9615634842773791,0.7268582271890786,107,905,1012
1,0.95,embedding_0.95,RandomForest,baseline,0.8401620164154462,0.976021274693841,0.6826048477743017,113,990,1103
1,0.95,embedding_0.95,RandomForest,cleaned,0.48258706467661694,0.638438880706922,0.0,7,97,104
1,0.95,embedding_0.95,RandomForest,leaked-only,0.8525968915994492,0.979779838999345,0.7059186858941152,106,893,999
1,0.95,embedding_0.95,LogisticRegression,baseline,0.8031975060933734,0.9321265754894074,0.6459888027368471,113,990,1103
1,0.95,embedding_0.95,LogisticRegression,cleaned,0.43650059468745867,0.5581737849779087,0.024271415698913303,7,97,104
1,0.95,embedding_0.95,LogisticRegression,leaked-only,0.8595018791501956,0.9642925056519259,0.74182488588013,106,893,999
1,0.96,embedding_0.96,RandomForest,baseline,0.8401620164154462,0.976021274693841,0.6826048477743017,113,990,1103
1,0.96,embedding_0.96,RandomForest,cleaned,0.4794520547945205,0.6550264550264551,0.0,9,105,114
1,0.96,embedding_0.96,RandomForest,leaked-only,0.8566474890732316,0.9801390699695784,0.7137143097692271,104,885,989
1,0.96,embedding_0.96,LogisticRegression,baseline,0.8031975060933734,0.9321265754894074,0.6459888027368471,113,990,1103
1,0.96,embedding_0.96,LogisticRegression,cleaned,0.4368891224382554,0.5608465608465608,0.02442868075250397,9,105,114
1,0.96,embedding_0.96,LogisticRegression,leaked-only,0.8689392459025966,0.9661125597566276,0.7589064477642357,104,885,989
1,0.97,embedding_0.97,RandomForest,baseline,0.8401620164154462,0.976021274693841,0.6826048477743017,113,990,1103
1,0.97,embedding_0.97,RandomForest,cleaned,0.472,0.7617970265029088,-0.028877696494032597,13,119,132
1,0.97,embedding_0.97,RandomForest,leaked-only,0.8672436111878754,0.9807692307692307,0.7345996721293423,100,871,971
1,0.97,embedding_0.97,LogisticRegression,baseline,0.8031975060933734,0.9321265754894074,0.6459888027368471,113,990,1103
1,0.97,embedding_0.97,LogisticRegression,cleaned,0.48996136070914464,0.6742081447963801,0.1386800290376012,13,119,132
1,0.97,embedding_0.97,LogisticRegression,leaked-only,0.8724397788207756,0.9663834672789896,0.764410802202078,100,871,971
1,0.98,embedding_0.98,RandomForest,baseline,0.8401620164154462,0.976021274693841,0.6826048477743017,113,990,1103
1,0.98,embedding_0.98,RandomForest,cleaned,0.5319503137405558,0.8556666666666666,0.09740917104398084,15,200,215
1,0.98,embedding_0.98,RandomForest,leaked-only,0.8715277777777778,0.9802893309222422,0.7432718521789897,98,790,888
1,0.98,embedding_0.98,LogisticRegression,baseline,0.8031975060933734,0.9321265754894074,0.6459888027368471,113,990,1103
1,0.98,embedding_0.98,LogisticRegression,cleaned,0.5333137117839668,0.7046666666666667,0.18839261491922588,15,200,215
1,0.98,embedding_0.98,LogisticRegression,leaked-only,0.8855742262360072,0.9729268922758977,0.7879123072147937,98,790,888
1,0.99,embedding_0.99,RandomForest,baseline,0.8401620164154462,0.976021274693841,0.6826048477743017,113,990,1103
1,0.99,embedding_0.99,RandomForest,cleaned,0.7657142857142858,0.9680476475876536,0.553731698248853,47,568,615
1,0.99,embedding_0.99,RandomForest,leaked-only,0.8803921568627451,0.9727667671980469,0.7612623341092966,66,422,488
1,0.99,embedding_0.99,LogisticRegression,baseline,0.8031975060933734,0.9321265754894074,0.6459888027368471,113,990,1103
1,0.99,embedding_0.99,LogisticRegression,cleaned,0.7261977549699931,0.9011462391369494,0.5205242081092597,47,568,615
1,0.99,embedding_0.99,LogisticRegression,leaked-only,0.8823483664247995,0.9600746804538275,0.7798668182595755,66,422,488
1,1.0,embedding_1.0,RandomForest,baseline,0.8401620164154462,0.976021274693841,0.6826048477743017,113,990,1103
1,1.0,embedding_1.0,RandomForest,cleaned,0.8401620164154462,0.976021274693841,0.6826048477743017,113,990,1103
1,1.0,embedding_1.0,LogisticRegression,baseline,0.8031975060933734,0.9321265754894074,0.6459888027368471,113,990,1103
1,1.0,embedding_1.0,LogisticRegression,cleaned,0.8031975060933734,0.9321265754894074,0.6459888027368471,113,990,1103
2,0.9,embedding_0.9,RandomForest,baseline,0.7864226858701997,0.9892994536579057,0.6380249034686246,126,982,1108
2,0.9,embedding_0.9,RandomForest,cleaned,0.36363636363636365,0.7083333333333333,0.0,9,12,21
2,0.9,embedding_0.9,RandomForest,leaked-only,0.8042829263759497,0.990704026786501,0.6647133977484031,117,970,1087
2,0.9,embedding_0.9,LogisticRegression,baseline,0.9389198890120727,0.9482025668380047,0.877922896011206,126,982,1108
2,0.9,embedding_0.9,LogisticRegression,cleaned,0.41666666666666663,0.5185185185185186,-0.07856742013183861,9,12,21
2,0.9,embedding_0.9,LogisticRegression,leaked-only,0.9597467918766025,0.976315093840867,0.9195879675660675,117,970,1087
2,0.91,embedding_0.91,RandomForest,baseline,0.7864226858701997,0.9892994536579057,0.6380249034686246,126,982,1108
2,0.91,embedding_0.91,RandomForest,cleaned,0.35294117647058826,0.7374999999999999,0.0,10,12,22
2,0.91,embedding_0.91,RandomForest,leaked-only,0.8063950480899901,0.9906416637042303,0.6678960647807489,116,970,1086
2,0.91,embedding_0.91,LogisticRegression,baseline,0.9389198890120727,0.9482025668380047,0.877922896011206,126,982,1108
2,0.91,embedding_0.91,LogisticRegression,cleaned,0.47619047619047616,0.5666666666666667,0.04303314829119352,10,12,22
2,0.91,embedding_0.91,LogisticRegression,leaked-only,0.9594415580135986,0.9761198009242801,0.9189788757731446,116,970,1086
2,0.92,embedding_0.92,RandomForest,baseline,0.7864226858701997,0.9892994536579057,0.6380249034686246,126,982,1108
2,0.92,embedding_0.92,RandomForest,cleaned,0.3684210526315789,0.75,0.0,10,14,24
2,0.92,embedding_0.92,RandomForest,leaked-only,0.8063645175365387,0.9907069321744086,0.6678552455437994,116,968,1084
2,0.92,embedding_0.92,LogisticRegression,baseline,0.9389198890120727,0.9482025668380047,0.877922896011206,126,982,1108
2,0.92,embedding_0.92,LogisticRegression,cleaned,0.4957983193277311,0.6000000000000001,0.07559289460184544,10,14,24
2,0.92,embedding_0.92,LogisticRegression,leaked-only,0.9594324773530286,0.9760971786833854,0.918960758433904,116,968,1084
2,0.93,embedding_0.93,RandomForest,baseline,0.7864226858701997,0.9892994536579057,0.6380249034686246,126,982,1108
2,0.93,embedding_0.93,RandomForest,cleaned,0.3684210526315789,0.75,0.0,10,14,24
2,0.93,embedding_0.93,RandomForest,leaked-only,0.8063645175365387,0.9907069321744086,0.6678552455437994,116,968,1084
2,0.93,embedding_0.93,LogisticRegression,baseline,0.9389198890120727,0.9482025668380047,0.877922896011206,126,982,1108
2,0.93,embedding_0.93,LogisticRegression,cleaned,0.4957983193277311,0.6000000000000001,0.07559289460184544,10,14,24
2,0.93,embedding_0.93,LogisticRegression,leaked-only,0.9594324773530286,0.9760971786833854,0.918960758433904,116,968,1084
2,0.94,embedding_0.94,RandomForest,baseline,0.7864226858701997,0.9892994536579057,0.6380249034686246,126,982,1108
2,0.94,embedding_0.94,RandomForest,cleaned,0.375,0.7666666666666667,0.0,10,15,25
2,0.94,embedding_0.94,RandomForest,leaked-only,0.8063492063492064,0.990706236850551,0.6678347754249343,116,967,1083
2,0.94,embedding_0.94,LogisticRegression,baseline,0.9389198890120727,0.9482025668380047,0.877922896011206,126,982,1108
2,0.94,embedding_0.94,LogisticRegression,cleaned,0.503968253968254,0.58,0.0890870806374748,10,15,25
2,0.94,embedding_0.94,LogisticRegression,leaked-only,0.9594279229150369,0.9761348643155153,0.918951671620687,116,967,1083
2,0.95,embedding_0.95,RandomForest,baseline,0.7864226858701997,0.9892994536579057,0.6380249034686246,126,982,1108
2,0.95,embedding_0.95,RandomForest,cleaned,0.39215686274509803,0.7181818181818181,0.0,11,20,31
2,0.95,embedding_0.95,RandomForest,leaked-only,0.8084084440227703,0.992352888005062,0.6709567288710631,115,962,1077
2,0.95,embedding_0.95,LogisticRegression,baseline,0.9389198890120727,0.9482025668380047,0.877922896011206,126,982,1108
2,0.95,embedding_0.95,LogisticRegression,cleaned,0.4945652173913043,0.5909090909090909,0.04139186771923578,11,20,31
2,0.95,embedding_0.95,LogisticRegression,leaked-only,0.9639069422444051,0.9764620808099069,0.9279120410319998,115,962,1077
2,0.96,embedding_0.96,RandomForest,baseline,0.7864226858701997,0.9892994536579057,0.6380249034686246,126,982,1108
2,0.96,embedding_0.96,RandomForest,cleaned,0.4032258064516129,0.7533333333333333,0.0,12,25,37
2,0.96,embedding_0.96,RandomForest,leaked-only,0.8104919370075907,0.9924196593888064,0.6741212757399847,114,957,1071
2,0.96,embedding_0.96,LogisticRegression,baseline,0.9389198890120727,0.9482025668380047,0.877922896011206,126,982,1108
2,0.96,embedding_0.96,LogisticRegression,cleaned,0.5036119711042312,0.5833333333333333,0.06390096504226937,12,25,37
2,0.96,embedding_0.96,LogisticRegression,leaked-only,0.966162664740928,0.9800637958532695,0.9325020921793019,114,957,1071
2,0.97,embedding_0.97,RandomForest,baseline,0.7864226858701997,0.9892994536579057,0.6380249034686246,126,982,1108
2,0.97,embedding_0.97,RandomForest,cleaned,0.41025641025641024,0.7667410714285714,0.0,14,32,46
2,0.97,embedding_0.97,RandomForest,leaked-only,0.814778210569153,0.9925093984962406,0.6806430287709963,112,950,1062
2,0.97,embedding_0.97,LogisticRegression,baseline,0.9389198890120727,0.9482025668380047,0.877922896011206,126,982,1108
2,0.97,embedding_0.97,LogisticRegression,cleaned,0.5372233400402414,0.6183035714285714,0.11437725271791938,14,32,46
2,0.97,embedding_0.97,LogisticRegression,leaked-only,0.9705196535642904,0.9816917293233082,0.9412232730906449,112,950,1062
2,0.98,embedding_0.98,RandomForest,baseline,0.7864226858701997,0.9892994536579057,0.6380249034686246,126,982,1108
2,0.98,embedding_0.98,RandomForest,cleaned,0.46825396825396826,0.9367055084745762,0.0,16,118,134
2,0.98,embedding_0.98,RandomForest,leaked-only,0.8179098896990091,0.9918718434343434,0.6856210102890138,110,864,974
2,0.98,embedding_0.98,LogisticRegression,baseline,0.9389198890120727,0.9482025668380047,0.877922896011206,126,982,1108
2,0.98,embedding_0.98,LogisticRegression,cleaned,0.6691358024691358,0.7224576271186441,0.3609179550047643,16,118,134
2,0.98,embedding_0.98,LogisticRegression,leaked-only,0.969734007292012,0.9813762626262628,0.9396618057656804,110,864,974
2,0.99,embedding_0.99,RandomForest,baseline,0.7864226858701997,0.9892994536579057,0.6380249034686246,126,982,1108
2,0.99,embedding_0.99,RandomForest,cleaned,0.5814126394052045,0.9926855426855427,0.3211637540408285,45,518,563
2,0.99,embedding_0.99,RandomForest,leaked-only,0.8655167198656362,0.9835967432950191,0.7606745452629192,81,464,545
2,0.99,embedding_0.99,LogisticRegression,baseline,0.9389198890120727,0.9482025668380047,0.877922896011206,126,982,1108
2,0.99,embedding_0.99,LogisticRegression,cleaned,0.876729724995621,0.9036894036894038,0.7536993180800219,45,518,563
2,0.99,embedding_0.99,LogisticRegression,leaked-only,0.9744933776384144,0.9749627501064283,0.9490122969856793,81,464,545
2,1.0,embedding_1.0,RandomForest,baseline,0.7864226858701997,0.9892994536579057,0.6380249034686246,126,982,1108
2,1.0,embedding_1.0,RandomForest,cleaned,0.7864226858701997,0.9892994536579057,0.6380249034686246,126,982,1108
2,1.0,embedding_1.0,LogisticRegression,baseline,0.9389198890120727,0.9482025668380047,0.877922896011206,126,982,1108
2,1.0,embedding_1.0,LogisticRegression,cleaned,0.9389198890120727,0.9482025668380047,0.877922896011206,126,982,1108
3,0.9,embedding_0.9,RandomForest,baseline,0.7938366718027735,0.9877777382139297,0.6404798599432997,112,1003,1115
3,0.9,embedding_0.9,RandomForest,cleaned,0.45714285714285713,1.0,0.0,3,16,19
3,0.9,embedding_0.9,RandomForest,leaked-only,0.8000364896916621,0.9881300949034699,0.6499059048038279,109,987,1096
3,0.9,embedding_0.9,LogisticRegression,baseline,0.9217679494164066,0.9772112234724398,0.8472551589460844,112,1003,1115
3,0.9,embedding_0.9,LogisticRegression,cleaned,0.7373271889400921,0.8541666666666666,0.4844813951249544,3,16,19
3,0.9,embedding_0.9,LogisticRegression,leaked-only,0.9266707673713404,0.9800154299471107,0.8569191710379312,109,987,1096
3,0.91,embedding_0.91,RandomForest,baseline,0.7938366718027735,0.9877777382139297,0.6404798599432997,112,1003,1115
3,0.91,embedding_0.91,RandomForest,cleaned,0.4523809523809524,1.0,0.0,4,19,23
3,0.91,embedding_0.91,RandomForest,leaked-only,0.8021878828257646,0.988256549232159,0.6531859452433961,108,984,1092
3,0.91,embedding_0.91,LogisticRegression,baseline,0.9217679494164066,0.9772112234724398,0.8472551589460844,112,1003,1115
3,0.91,embedding_0.91,LogisticRegression,cleaned,0.6973684210526316,0.8289473684210527,0.39473684210526316,4,19,23
3,0.91,embedding_0.91,LogisticRegression,leaked-only,0.9287404726272926,0.9803617133393556,0.8614954052889872,108,984,1092
3,0.92,embedding_0.92,RandomForest,baseline,0.7938366718027735,0.9877777382139297,0.6404798599432997,112,1003,1115
3,0.92,embedding_0.92,RandomForest,cleaned,0.45652173913043476,0.9761904761904762,0.0,4,21,25
3,0.92,embedding_0.92,RandomForest,leaked-only,0.8021589926751759,0.9883316361167684,0.6531449872239287,108,982,1090
3,0.92,embedding_0.92,LogisticRegression,baseline,0.9217679494164066,0.9772112234724398,0.8472551589460844,112,1003,1115
3,0.92,embedding_0.92,LogisticRegression,cleaned,0.6612466124661247,0.8095238095238095,0.3273268353539886,4,21,25
3,0.92,embedding_0.92,LogisticRegression,leaked-only,0.9308428594869551,0.9808874556837897,0.8653496651393318,108,982,1090
3,0.93,embedding_0.93,RandomForest,baseline,0.7938366718027735,0.9877777382139297,0.6404798599432997,112,1003,1115
3,0.93,embedding_0.93,RandomForest,cleaned,0.4528301886792453,0.9416666666666667,0.0,5,24,29
3,0.93,embedding_0.93,RandomForest,leaked-only,0.80433648111332,0.9885015226294235,0.6564718583004124,107,979,1086
3,0.93,embedding_0.93,LogisticRegression,baseline,0.9217679494164066,0.9772112234724398,0.8472551589460844,112,1003,1115
3,0.93,embedding_0.93,LogisticRegression,cleaned,0.652991452991453,0.7833333333333332,0.33101874976866896,5,24,29
3,0.93,embedding_0.93,LogisticRegression,leaked-only,0.9346032638150104,0.9817761782478783,0.8722496808168388,107,979,1086
3,0.94,embedding_0.94,RandomForest,baseline,0.7938366718027735,0.9877777382139297,0.6404798599432997,112,1003,1115
3,0.94,embedding_0.94,RandomForest,cleaned,0.45,0.9506172839506173,0.0,6,27,33
3,0.94,embedding_0.94,RandomForest,leaked-only,0.8065402531407331,0.9885700201051655,0.6598464502145143,106,976,1082
3,0.94,embedding_0.94,LogisticRegression,baseline,0.9217679494164066,0.9772112234724398,0.8472551589460844,112,1003,1115
3,0.94,embedding_0.94,LogisticRegression,cleaned,0.6980392156862745,0.8271604938271605,0.4169751944147297,6,27,33
3,0.94,embedding_0.94,LogisticRegression,leaked-only,0.9340712907484513,0.9815960408289515,0.8712322912060703,106,976,1082
3,0.95,embedding_0.95,RandomForest,baseline,0.7938366718027735,0.9877777382139297,0.6404798599432997,112,1003,1115
3,0.95,embedding_0.95,RandomForest,cleaned,0.4533333333333333,0.9159663865546218,0.0,7,34,41
3,0.95,embedding_0.95,RandomForest,leaked-only,0.8087144583677883,0.9889331171064917,0.6631888191120113,105,969,1074
3,0.95,embedding_0.95,LogisticRegression,baseline,0.9217679494164066,0.9772112234724398,0.8472551589460844,112,1003,1115
3,0.95,embedding_0.95,LogisticRegression,cleaned,0.6917293233082706,0.8487394957983193,0.420443138975029,7,34,41
3,0.95,embedding_0.95,LogisticRegression,leaked-only,0.9379441844340439,0.9821711140596591,0.8783892030640195,105,969,1074
3,0.96,embedding_0.96,RandomForest,baseline,0.7938366718027735,0.9877777382139297,0.6404798599432997,112,1003,1115
3,0.96,embedding_0.96,RandomForest,cleaned,0.45121951219512196,0.9256756756756757,0.0,8,37,45
3,0.96,embedding_0.96,RandomForest,leaked-only,0.8109728873771003,0.9889811275680841,0.6666627581473951,104,966,1070
3,0.96,embedding_0.96,LogisticRegression,baseline,0.9217679494164066,0.9772112234724398,0.8472551589460844,112,1003,1115
3,0.96,embedding_0.96,LogisticRegression,cleaned,0.6583850931677018,0.8378378378378378,0.3448203191443371,8,37,45
3,0.96,embedding_0.96,LogisticRegression,leaked-only,0.9424315365703606,0.9826305940436375,0.8874263723084604,104,966,1070
3,0.97,embedding_0.97,RandomForest,baseline,0.7938366718027735,0.9877777382139297,0.6404798599432997,112,1003,1115
3,0.97,embedding_0.97,RandomForest,cleaned,0.4563106796116505,0.9219858156028369,0.0,9,47,56
3,0.97,embedding_0.97,RandomForest,leaked-only,0.8131616090331687,0.9890827476946825,0.6700462031650276,103,956,1059
3,0.97,embedding_0.97,LogisticRegression,baseline,0.9217679494164066,0.9772112234724398,0.8472551589460844,112,1003,1115
3,0.97,embedding_0.97,LogisticRegression,cleaned,0.6818181818181819,0.8628841607565012,0.39408355825998287,9,47,56
3,0.97,embedding_0.97,LogisticRegression,leaked-only,0.944204425711275,0.9829995531543242,0.8907077558609865,103,956,1059
3,0.98,embedding_0.98,RandomForest,baseline,0.7938366718027735,0.9877777382139297,0.6404798599432997,112,1003,1115
3,0.98,embedding_0.98,RandomForest,cleaned,0.4763636363636364,0.9641808573106283,0.0,13,131,144
3,0.98,embedding_0.98,RandomForest,leaked-only,0.8215598353425463,0.9883757297748123,0.6831461821421628,99,872,971
3,0.98,embedding_0.98,LogisticRegression,baseline,0.9217679494164066,0.9772112234724398,0.8472551589460844,112,1003,1115
3,0.98,embedding_0.98,LogisticRegression,cleaned,0.7665585919407133,0.9448032883147387,0.556418202556595,13,131,144
3,0.98,embedding_0.98,LogisticRegression,leaked-only,0.9466072803255252,0.9824274858678528,0.8950944919500422,99,872,971
3,0.99,embedding_0.99,RandomForest,baseline,0.7938366718027735,0.9877777382139297,0.6404798599432997,112,1003,1115
3,0.99,embedding_0.99,RandomForest,cleaned,0.6118224703956869,0.9847048096649191,0.370615142812806,41,535,576
3,0.99,embedding_0.99,RandomForest,leaked-only,0.8667725988700565,0.9883832912001926,0.7546343631425547,71,468,539
3,0.99,embedding_0.99,LogisticRegression,baseline,0.9217679494164066,0.9772112234724398,0.8472551589460844,112,1003,1115
3,0.99,embedding_0.99,LogisticRegression,cleaned,0.8661658211671766,0.9772965580123092,0.7448895102157872,41,535,576
3,0.99,embedding_0.99,LogisticRegression,leaked-only,0.9603886177905814,0.9803178042614663,0.9212491161639849,71,468,539
3,1.0,embedding_1.0,RandomForest,baseline,0.7938366718027735,0.9877777382139297,0.6404798599432997,112,1003,1115
3,1.0,embedding_1.0,RandomForest,cleaned,0.7938366718027735,0.9877777382139297,0.6404798599432997,112,1003,1115
3,1.0,embedding_1.0,LogisticRegression,baseline,0.9217679494164066,0.9772112234724398,0.8472551589460844,112,1003,1115
3,1.0,embedding_1.0,LogisticRegression,cleaned,0.9217679494164066,0.9772112234724398,0.8472551589460844,112,1003,1115
4,0.9,embedding_0.9,RandomForest,baseline,0.7508841732979664,0.9453405888640559,0.5672428683910574,123,1004,1127
4,0.9,embedding_0.9,RandomForest,cleaned,0.44594594594594594,0.9166666666666667,0.0,8,33,41
4,0.9,embedding_0.9,RandomForest,leaked-only,0.7651863686050283,0.9439125957103838,0.5884419011443617,115,971,1086
4,0.9,embedding_0.9,LogisticRegression,baseline,0.8942949188483811,0.9359796586013669,0.7886248768392587,123,1004,1127
4,0.9,embedding_0.9,LogisticRegression,cleaned,0.6328358208955224,0.6439393939393939,0.2672910153478103,8,33,41
4,0.9,embedding_0.9,LogisticRegression,leaked-only,0.9096926150755034,0.950602247794743,0.8193953987134589,115,971,1086
4,0.91,embedding_0.91,RandomForest,baseline,0.7508841732979664,0.9453405888640559,0.5672428683910574,123,1004,1127
4,0.91,embedding_0.91,RandomForest,cleaned,0.4444444444444444,0.9135802469135803,0.0,9,36,45
4,0.91,embedding_0.91,RandomForest,leaked-only,0.767089605408765,0.9437210018848775,0.5912809088648132,114,968,1082
4,0.91,embedding_0.91,LogisticRegression,baseline,0.8942949188483811,0.9359796586013669,0.7886248768392587,123,1004,1127
4,0.91,embedding_0.91,LogisticRegression,cleaned,0.6199324324324325,0.6790123456790124,0.24525573579398632,9,36,45
4,0.91,embedding_0.91,LogisticRegression,leaked-only,0.9117551109177904,0.9506397709148905,0.8235102218355806,114,968,1082
4,0.92,embedding_0.92,RandomForest,baseline,0.7508841732979664,0.9453405888640559,0.5672428683910574,123,1004,1127
4,0.92,embedding_0.92,RandomForest,cleaned,0.4457831325301205,0.9159159159159159,0.0,9,37,46
4,0.92,embedding_0.92,RandomForest,leaked-only,0.7670718198509886,0.9437898002503673,0.5912560375062806,114,967,1081
4,0.92,embedding_0.92,LogisticRegression,baseline,0.8942949188483811,0.9359796586013669,0.7886248768392587,123,1004,1127
4,0.92,embedding_0.92,LogisticRegression,cleaned,0.6031372549019608,0.6696696696696696,0.2074364287612964,9,37,46
4,0.92,embedding_0.92,LogisticRegression,leaked-only,0.9138635613382053,0.9508699359567481,0.8277375416473834,114,967,1081
4,0.93,embedding_0.93,RandomForest,baseline,0.7508841732979664,0.9453405888640559,0.5672428683910574,123,1004,1127
4,0.93,embedding_0.93,RandomForest,cleaned,0.44086021505376344,0.869179600886918,0.0,11,41,52
4,0.93,embedding_0.93,RandomForest,leaked-only,0.7709806997014336,0.9461967808930426,0.5970996235891965,112,963,1075
4,0.93,embedding_0.93,LogisticRegression,baseline,0.8942949188483811,0.9359796586013669,0.7886248768392587,123,1004,1127
4,0.93,embedding_0.93,LogisticRegression,cleaned,0.6285714285714286,0.7206208425720622,0.26090520573807213,11,41,52
4,0.93,embedding_0.93,LogisticRegression,leaked-only,0.9152805592642042,0.9510643821391485,0.8305611185284082,112,963,1075
4,0.94,embedding_0.94,RandomForest,baseline,0.7508841732979664,0.9453405888640559,0.5672428683910574,123,1004,1127
4,0.94,embedding_0.94,RandomForest,cleaned,0.4485981308411215,0.8276515151515151,0.0,11,48,59
4,0.94,embedding_0.94,RandomForest,leaked-only,0.7708574964474393,0.9466247011356844,0.596925744963555,112,956,1068
4,0.94,embedding_0.94,LogisticRegression,baseline,0.8942949188483811,0.9359796586013669,0.7886248768392587,123,1004,1127
4,0.94,embedding_0.94,LogisticRegression,cleaned,0.62346588119784,0.7007575757575757,0.24771684715343115,11,48,59
4,0.94,embedding_0.94,LogisticRegression,leaked-only,0.917383772582683,0.9516213389121339,0.8347783966579011,112,956,1068
4,0.95,embedding_0.95,RandomForest,baseline,0.7508841732979664,0.9453405888640559,0.5672428683910574,123,1004,1127
4,0.95,embedding_0.95,RandomForest,cleaned,0.4396551724137931,0.811624649859944,0.0,14,51,65
4,0.95,embedding_0.95,RandomForest,leaked-only,0.7769475560081467,0.9480828287301327,0.6060692061538087,109,953,1062
4,0.95,embedding_0.95,LogisticRegression,baseline,0.8942949188483811,0.9359796586013669,0.7886248768392587,123,1004,1127
4,0.95,embedding_0.95,LogisticRegression,cleaned,0.6285714285714286,0.6890756302521008,0.2625752465908215,14,51,65
4,0.95,embedding_0.95,LogisticRegression,leaked-only,0.9210872613526049,0.9585086207726446,0.8421858156477344,109,953,1062
4,0.96,embedding_0.96,RandomForest,baseline,0.7508841732979664,0.9453405888640559,0.5672428683910574,123,1004,1127
4,0.96,embedding_0.96,RandomForest,cleaned,0.4351145038167939,0.8013415892672858,0.0,17,57,74
4,0.96,embedding_0.96,RandomForest,leaked-only,0.783200922896929,0.9514504592456815,0.6155225585161515,106,947,1053
4,0.96,embedding_0.96,LogisticRegression,baseline,0.8942949188483811,0.9359796586013669,0.7886248768392587,123,1004,1127
4,0.96,embedding_0.96,LogisticRegression,cleaned,0.6411637931034483,0.69453044375645,0.2840025402633755,17,57,74
4,0.96,embedding_0.96,LogisticRegression,leaked-only,0.9265705006873742,0.9601522185252336,0.8531410013747485,106,947,1053
4,0.97,embedding_0.97,RandomForest,baseline,0.7508841732979664,0.9453405888640559,0.5672428683910574,123,1004,1127
4,0.97,embedding_0.97,RandomForest,cleaned,0.4406779661016949,0.8348595848595849,0.0,21,78,99
4,0.97,embedding_0.97,RandomForest,leaked-only,0.791687703282399,0.951043916486681,0.6284639464631837,102,926,1028
4,0.97,embedding_0.97,LogisticRegression,baseline,0.8942949188483811,0.9359796586013669,0.7886248768392587,123,1004,1127
4,0.97,embedding_0.97,LogisticRegression,cleaned,0.6553797468354431,0.7264957264957265,0.3118073584808033,21,78,99
4,0.97,embedding_0.97,LogisticRegression,leaked-only,0.9346969889467667,0.9671473340956253,0.8693939778935332,102,926,1028
4,0.98,embedding_0.98,RandomForest,baseline,0.7508841732979664,0.9453405888640559,0.5672428683910574,123,1004,1127
4,0.98,embedding_0.98,RandomForest,cleaned,0.4553846153846154,0.880242311276794,0.0,29,148,177
4,0.98,embedding_0.98,RandomForest,leaked-only,0.8096080165045683,0.9592488566315371,0.6561875212638171,94,856,950
4,0.98,embedding_0.98,LogisticRegression,baseline,0.8942949188483811,0.9359796586013669,0.7886248768392587,123,1004,1127
4,0.98,embedding_0.98,LogisticRegression,cleaned,0.6907396622015143,0.7889095992544269,0.38842910422421484,29,148,177
4,0.98,embedding_0.98,LogisticRegression,leaked-only,0.9452118827989595,0.9748334658977927,0.8908024547572703,94,856,950
4,0.99,embedding_0.99,RandomForest,baseline,0.7508841732979664,0.9453405888640559,0.5672428683910574,123,1004,1127
4,0.99,embedding_0.99,RandomForest,cleaned,0.4749316317228806,0.9330308846623626,0.0,55,521,576
4,0.99,embedding_0.99,RandomForest,leaked-only,0.8822418082187096,0.9855985872609915,0.7750180174202973,68,483,551
4,0.99,embedding_0.99,LogisticRegression,baseline,0.8942949188483811,0.9359796586013669,0.7886248768392587,123,1004,1127
4,0.99,embedding_0.99,LogisticRegression,cleaned,0.8063865546218487,0.883266445646484,0.6152838579984656,55,521,576
4,0.99,embedding_0.99,LogisticRegression,leaked-only,0.9595803990610329,0.9829497016197783,0.9202647095921905,68,483,551
4,1.0,embedding_1.0,RandomForest,baseline,0.7508841732979664,0.9453405888640559,0.5672428683910574,123,1004,1127
4,1.0,embedding_1.0,RandomForest,cleaned,0.7508841732979664,0.9453405888640559,0.5672428683910574,123,1004,1127
4,1.0,embedding_1.0,LogisticRegression,baseline,0.8942949188483811,0.9359796586013669,0.7886248768392587,123,1004,1127
4,1.0,embedding_1.0,LogisticRegression,cleaned,0.8942949188483811,0.9359796586013669,0.7886248768392587,123,1004,1127
5,0.9,embedding_0.9,RandomForest,baseline,0.7132705042473027,0.9796686542585438,0.5037150247688268,103,1073,1176
5,0.9,embedding_0.9,RandomForest,cleaned,0.45989304812834225,0.8802325581395348,0.0,15,86,101
5,0.9,embedding_0.9,RandomForest,leaked-only,0.7432570136611152,0.9845491388044578,0.5479499093427991,88,987,1075
5,0.9,embedding_0.9,LogisticRegression,baseline,0.8456442684084962,0.9206380803300791,0.7038694017168948,103,1073,1176
5,0.9,embedding_0.9,LogisticRegression,cleaned,0.6758664955070603,0.7527131782945736,0.3707430594302941,15,86,101
5,0.9,embedding_0.9,LogisticRegression,leaked-only,0.8722569912065278,0.9472229897761814,0.7561526151534519,88,987,1075
5,0.91,embedding_0.91,RandomForest,baseline,0.7132705042473027,0.9796686542585438,0.5037150247688268,103,1073,1176
5,0.91,embedding_0.91,RandomForest,cleaned,0.4583333333333333,0.875,0.0,16,88,104
5,0.91,embedding_0.91,RandomForest,leaked-only,0.7455658673360608,0.984853258649863,0.5513860799750671,87,985,1072
5,0.91,embedding_0.91,LogisticRegression,baseline,0.8456442684084962,0.9206380803300791,0.7038694017168948,103,1073,1176
5,0.91,embedding_0.91,LogisticRegression,cleaned,0.6904761904761905,0.7670454545454546,0.39898070888278053,16,88,104
5,0.91,embedding_0.91,LogisticRegression,leaked-only,0.8711112447022754,0.9466596650913123,0.7540422370399325,87,985,1072
5,0.92,embedding_0.92,RandomForest,baseline,0.7132705042473027,0.9796686542585438,0.5037150247688268,103,1073,1176
5,0.92,embedding_0.92,RandomForest,cleaned,0.4527363184079602,0.8877964141122036,0.0,19,91,110
5,0.92,embedding_0.92,RandomForest,leaked-only,0.7527501656726309,0.9851372320822422,0.5621180533413541,84,982,1066
5,0.92,embedding_0.92,LogisticRegression,baseline,0.8456442684084962,0.9206380803300791,0.7038694017168948,103,1073,1176
5,0.92,embedding_0.92,LogisticRegression,cleaned,0.6976511744127936,0.7813765182186235,0.40997286210093403,19,91,110
5,0.92,embedding_0.92,LogisticRegression,leaked-only,0.8730952380952381,0.9486591989137815,0.758717869940728,84,982,1066
5,0.93,embedding_0.93,RandomForest,baseline,0.7132705042473027,0.9796686542585438,0.5037150247688268,103,1073,1176
5,0.93,embedding_0.93,RandomForest,cleaned,0.45701357466063347,0.8931735278791038,0.0,19,101,120
5,0.93,embedding_0.93,RandomForest,leaked-only,0.7526104417670683,0.985290515383108,0.5619208607412365,84,972,1056
5,0.93,embedding_0.93,LogisticRegression,baseline,0.8456442684084962,0.9206380803300791,0.7038694017168948,103,1073,1176
5,0.93,embedding_0.93,LogisticRegression,cleaned,0.7041685342895563,0.7868681605002605,0.42229786951262244,19,101,120
5,0.93,embedding_0.93,LogisticRegression,leaked-only,0.8729707112970712,0.9484616892024299,0.7584958062871627,84,972,1056
5,0.94,embedding_0.94,RandomForest,baseline,0.7132705042473027,0.9796686542585438,0.5037150247688268,103,1073,1176
5,0.94,embedding_0.94,RandomForest,cleaned,0.4596774193548387,0.8798245614035087,0.0,20,114,134
5,0.94,embedding_0.94,RandomForest,leaked-only,0.7549126520837343,0.9857846401246277,0.5653871759396978,83,959,1042
5,0.94,embedding_0.94,LogisticRegression,baseline,0.8456442684084962,0.9206380803300791,0.7038694017168948,103,1073,1176
5,0.94,embedding_0.94,LogisticRegression,cleaned,0.6898148148148149,0.7921052631578948,0.40396068128735474,20,114,134
5,0.94,embedding_0.94,LogisticRegression,leaked-only,0.8806414662084765,0.9490056157895398,0.7715837142717312,83,959,1042
5,0.95,embedding_0.95,RandomForest,baseline,0.7132705042473027,0.9796686542585438,0.5037150247688268,103,1073,1176
5,0.95,embedding_0.95,RandomForest,cleaned,0.45724907063197023,0.8891834570519618,0.0,23,123,146
5,0.95,embedding_0.95,RandomForest,leaked-only,0.7624875833688094,0.9861381578947368,0.5768017816713876,80,950,1030
5,0.95,embedding_0.95,LogisticRegression,baseline,0.8456442684084962,0.9206380803300791,0.7038694017168948,103,1073,1176
5,0.95,embedding_0.95,LogisticRegression,cleaned,0.6995245191966504,0.8094733121244255,0.42906908369427144,23,123,146
5,0.95,embedding_0.95,LogisticRegression,leaked-only,0.8841945945945946,0.9482105263157895,0.7773903251729852,80,950,1030
5,0.96,embedding_0.96,RandomForest,baseline,0.7132705042473027,0.9796686542585438,0.5037150247688268,103,1073,1176
5,0.96,embedding_0.96,RandomForest,cleaned,0.45483870967741935,0.8694275582573455,0.0,28,141,169
5,0.96,embedding_0.96,RandomForest,leaked-only,0.7759393655347413,0.9880185979971388,0.5972769343017091,75,932,1007
5,0.96,embedding_0.96,LogisticRegression,baseline,0.8456442684084962,0.9206380803300791,0.7038694017168948,103,1073,1176
5,0.96,embedding_0.96,LogisticRegression,cleaned,0.6712735462735463,0.7631712259371833,0.37111588625532876,28,141,169
5,0.96,embedding_0.96,LogisticRegression,leaked-only,0.9046473751988486,0.9703576537911303,0.8175958437567463,75,932,1007
5,0.97,embedding_0.97,RandomForest,baseline,0.7132705042473027,0.9796686542585438,0.5037150247688268,103,1073,1176
5,0.97,embedding_0.97,RandomForest,cleaned,0.45348837209302323,0.8672876602564102,0.0,32,156,188
5,0.97,embedding_0.97,RandomForest,leaked-only,0.787561942765135,0.9889028829465342,0.6151939320922981,71,917,988
5,0.97,embedding_0.97,LogisticRegression,baseline,0.8456442684084962,0.9206380803300791,0.7038694017168948,103,1073,1176
5,0.97,embedding_0.97,LogisticRegression,cleaned,0.6731756620173843,0.7706330128205129,0.37681334819541157,32,156,188
5,0.97,embedding_0.97,LogisticRegression,leaked-only,0.9154731961056072,0.9728907797932634,0.8380838154280528,71,917,988
5,0.98,embedding_0.98,RandomForest,baseline,0.7132705042473027,0.9796686542585438,0.5037150247688268,103,1073,1176
5,0.98,embedding_0.98,RandomForest,cleaned,0.4665391969407266,0.8899882903981264,0.0,35,244,279
5,0.98,embedding_0.98,RandomForest,leaked-only,0.7958579881656804,0.9898442489179025,0.6281220160785139,68,829,897
5,0.98,embedding_0.98,LogisticRegression,baseline,0.8456442684084962,0.9206380803300791,0.7038694017168948,103,1073,1176
5,0.98,embedding_0.98,LogisticRegression,cleaned,0.6868686868686869,0.7895784543325527,0.41106171503280375,35,244,279
5,0.98,embedding_0.98,LogisticRegression,leaked-only,0.9370159721447777,0.9765841197757751,0.8770100888883366,68,829,897
5,0.99,embedding_0.99,RandomForest,baseline,0.7132705042473027,0.9796686542585438,0.5037150247688268,103,1073,1176
5,0.99,embedding_0.99,RandomForest,cleaned,0.5317548598972404,0.966690332505029,0.1907820204635679,54,626,680
5,0.99,embedding_0.99,RandomForest,leaked-only,0.8454012006884308,0.9836552070492627,0.7106679300892581,49,447,496
5,0.99,embedding_0.99,LogisticRegression,baseline,0.8456442684084962,0.9206380803300791,0.7038694017168948,103,1073,1176
5,0.99,embedding_0.99,LogisticRegression,cleaned,0.7824050640276008,0.8768784759200094,0.5876773224119793,54,626,680
5,0.99,embedding_0.99,LogisticRegression,leaked-only,0.9307671659419123,0.969684518102543,0.8640094548370082,49,447,496
5,1.0,embedding_1.0,RandomForest,baseline,0.7132705042473027,0.9796686542585438,0.5037150247688268,103,1073,1176
5,1.0,embedding_1.0,RandomForest,cleaned,0.7132705042473027,0.9796686542585438,0.5037150247688268,103,1073,1176
5,1.0,embedding_1.0,LogisticRegression,baseline,0.8456442684084962,0.9206380803300791,0.7038694017168948,103,1073,1176
5,1.0,embedding_1.0,LogisticRegression,cleaned,0.8456442684084962,0.9206380803300791,0.7038694017168948,103,1073,1176
6,0.9,embedding_0.9,RandomForest,baseline,0.6725098039215687,0.9818806905216777,0.44571304144288976,107,1086,1193
6,0.9,embedding_0.9,RandomForest,cleaned,0.46017699115044247,0.8482905982905983,0.0,9,52,61
6,0.9,embedding_0.9,RandomForest,leaked-only,0.6871764450126935,0.9846790747246674,0.4670445137877753,98,1034,1132
6,0.9,embedding_0.9,LogisticRegression,baseline,0.9120156435364001,0.9495877867850812,0.8243010239304778,107,1086,1193
6,0.9,embedding_0.9,LogisticRegression,cleaned,0.5009090909090909,0.6495726495726496,0.009252408160090157,9,52,61
6,0.9,embedding_0.9,LogisticRegression,leaked-only,0.952740551916876,0.9740851853313859,0.9054953317256148,98,1034,1132
6,0.91,embedding_0.91,RandomForest,baseline,0.6725098039215687,0.9818806905216777,0.44571304144288976,107,1086,1193
6,0.91,embedding_0.91,RandomForest,cleaned,0.46153846153846156,0.8539094650205761,0.0,9,54,63
6,0.91,embedding_0.91,RandomForest,leaked-only,0.6871435374375672,0.9846691583610189,0.4670061983915697,98,1032,1130
6,0.91,embedding_0.91,LogisticRegression,baseline,0.9120156435364001,0.9495877867850812,0.8243010239304778,107,1086,1193
6,0.91,embedding_0.91,LogisticRegression,cleaned,0.5043706293706294,0.6481481481481481,0.016012815380508715,9,54,63
6,0.91,embedding_0.91,LogisticRegression,leaked-only,0.9527325785965439,0.9740942888783419,0.9054793900506243,98,1032,1130
6,0.92,embedding_0.92,RandomForest,baseline,0.6725098039215687,0.9818806905216777,0.44571304144288976,107,1086,1193
6,0.92,embedding_0.92,RandomForest,cleaned,0.4566929133858268,0.8605015673981191,0.0,11,58,69
6,0.92,embedding_0.92,RandomForest,leaked-only,0.6908073480923221,0.9845877918287937,0.472305734316806,96,1028,1124
6,0.92,embedding_0.92,LogisticRegression,baseline,0.9120156435364001,0.9495877867850812,0.8243010239304778,107,1086,1193
6,0.92,embedding_0.92,LogisticRegression,cleaned,0.5260989010989011,0.6598746081504702,0.05842469334754901,11,58,69
6,0.92,embedding_0.92,LogisticRegression,leaked-only,0.9574902613365606,0.9789538748378729,0.9149954345726807,96,1028,1124
6,0.93,embedding_0.93,RandomForest,baseline,0.6725098039215687,0.9818806905216777,0.44571304144288976,107,1086,1193
6,0.93,embedding_0.93,RandomForest,cleaned,0.4580152671755725,0.8636363636363636,0.0,11,60,71
6,0.93,embedding_0.93,RandomForest,leaked-only,0.6907748938178386,0.9845983593242364,0.4722675421760169,96,1026,1122
6,0.93,embedding_0.93,LogisticRegression,baseline,0.9120156435364001,0.9495877867850812,0.8243010239304778,107,1086,1193
6,0.93,embedding_0.93,LogisticRegression,cleaned,0.5291777188328912,0.6575757575757575,0.06446583712203043,11,60,71
6,0.93,embedding_0.93,LogisticRegression,leaked-only,0.9574831435695466,0.9789534600389864,0.9149812041861933,96,1026,1122
6,0.94,embedding_0.94,RandomForest,baseline,0.6725098039215687,0.9818806905216777,0.44571304144288976,107,1086,1193
6,0.94,embedding_0.94,RandomForest,cleaned,0.45517241379310347,0.8863636363636364,0.0,13,66,79
6,0.94,embedding_0.94,RandomForest,leaked-only,0.6945175057451287,0.9844440967876512,0.4776973664340319,94,1020,1114
6,0.94,embedding_0.94,LogisticRegression,baseline,0.9120156435364001,0.9495877867850812,0.8243010239304778,107,1086,1193
6,0.94,embedding_0.94,LogisticRegression,cleaned,0.5225274725274726,0.668997668997669,0.046277514967945195,13,66,79
6,0.94,embedding_0.94,LogisticRegression,leaked-only,0.9627776192789417,0.9830517313308302,0.9256935677008529,94,1020,1114
6,0.95,embedding_0.95,RandomForest,baseline,0.6725098039215687,0.9818806905216777,0.44571304144288976,107,1086,1193
6,0.95,embedding_0.95,RandomForest,cleaned,0.44654088050314467,0.9055509527754764,0.0,17,71,88
6,0.95,embedding_0.95,RandomForest,leaked-only,0.7024663523946164,0.984072249589491,0.4892307678818108,90,1015,1105
6,0.95,embedding_0.95,LogisticRegression,baseline,0.9120156435364001,0.9495877867850812,0.8243010239304778,107,1086,1193
6,0.95,embedding_0.95,LogisticRegression,cleaned,0.5898682877406282,0.7257663628831814,0.18001722672396292,17,71,88
6,0.95,embedding_0.95,LogisticRegression,leaked-only,0.9644298038542427,0.9835686918445539,0.929123911621926,90,1015,1105
6,0.96,embedding_0.96,RandomForest,baseline,0.6725098039215687,0.9818806905216777,0.44571304144288976,107,1086,1193
6,0.96,embedding_0.96,RandomForest,cleaned,0.4438202247191011,0.9145569620253164,0.0,20,79,99
6,0.96,embedding_0.96,RandomForest,leaked-only,0.7086939155904672,0.9837459621728362,0.4983145724544918,87,1007,1094
6,0.96,embedding_0.96,LogisticRegression,baseline,0.9120156435364001,0.9495877867850812,0.8243010239304778,107,1086,1193
6,0.96,embedding_0.96,LogisticRegression,cleaned,0.6373626373626373,0.7436708860759493,0.27567113567656654,20,79,99
6,0.96,embedding_0.96,LogisticRegression,leaked-only,0.966191595939845,0.9838144482872764,0.9325434713215975,87,1007,1094
6,0.97,embedding_0.97,RandomForest,baseline,0.6725098039215687,0.9818806905216777,0.44571304144288976,107,1086,1193
6,0.97,embedding_0.97,RandomForest,cleaned,0.45064377682403434,0.9366459627329192,0.0,23,105,128
6,0.97,embedding_0.97,RandomForest,leaked-only,0.7149670280491924,0.983441337799136,0.507548037380541,84,981,1065
6,0.97,embedding_0.97,LogisticRegression,baseline,0.9120156435364001,0.9495877867850812,0.8243010239304778,107,1086,1193
6,0.97,embedding_0.97,LogisticRegression,cleaned,0.6845114857537218,0.7826086956521738,0.37064445815283886,23,105,128
6,0.97,embedding_0.97,LogisticRegression,leaked-only,0.9680372148859544,0.9840663074608029,0.9361517097434893,84,981,1065
6,0.98,embedding_0.98,RandomForest,baseline,0.6725098039215687,0.9818806905216777,0.44571304144288976,107,1086,1193
6,0.98,embedding_0.98,RandomForest,cleaned,0.46799116997792495,0.946893298633702,0.0,29,212,241
6,0.98,embedding_0.98,RandomForest,leaked-only,0.7276873709557466,0.986878777210585,0.526485710428061,78,874,952
6,0.98,embedding_0.98,LogisticRegression,baseline,0.9120156435364001,0.9495877867850812,0.8243010239304778,107,1086,1193
6,0.98,embedding_0.98,LogisticRegression,cleaned,0.72785327674156,0.8292127521145087,0.4566211366201559,29,212,241
6,0.98,embedding_0.98,LogisticRegression,leaked-only,0.9792944451694289,0.993281699231356,0.9586808270684546,78,874,952
6,0.99,embedding_0.99,RandomForest,baseline,0.6725098039215687,0.9818806905216777,0.44571304144288976,107,1086,1193
6,0.99,embedding_0.99,RandomForest,cleaned,0.5548020248249081,0.9745284189625217,0.2701895572279259,51,632,683
6,0.99,embedding_0.99,RandomForest,leaked-only,0.7519031278349702,0.9933920704845814,0.5593049644874133,56,454,510
6,0.99,embedding_0.99,LogisticRegression,baseline,0.9120156435364001,0.9495877867850812,0.8243010239304778,107,1086,1193
6,0.99,embedding_0.99,LogisticRegression,cleaned,0.8438833353651103,0.9033258873169521,0.6879252279758307,51,632,683
6,0.99,embedding_0.99,LogisticRegression,leaked-only,0.9754984386259908,0.9943753933291378,0.9514123660592544,56,454,510
6,1.0,embedding_1.0,RandomForest,baseline,0.6725098039215687,0.9818806905216777,0.44571304144288976,107,1086,1193
6,1.0,embedding_1.0,RandomForest,cleaned,0.6725098039215687,0.9818806905216777,0.44571304144288976,107,1086,1193
6,1.0,embedding_1.0,LogisticRegression,baseline,0.9120156435364001,0.9495877867850812,0.8243010239304778,107,1086,1193
6,1.0,embedding_1.0,LogisticRegression,cleaned,0.9120156435364001,0.9495877867850812,0.8243010239304778,107,1086,1193
7,0.9,embedding_0.9,RandomForest,baseline,0.6846957900234079,0.9635648354092526,0.487565859752701,128,1124,1252
7,0.9,embedding_0.9,RandomForest,cleaned,0.473015873015873,0.8916304776944335,0.0,17,149,166
7,0.9,embedding_0.9,RandomForest,leaked-only,0.7099358974358975,0.9737167937167936,0.5246668231127972,111,975,1086
7,0.9,embedding_0.9,LogisticRegression,baseline,0.9124128442506354,0.9139234875444839,0.825525740546963,128,1124,1252
7,0.9,embedding_0.9,LogisticRegression,cleaned,0.7269736842105263,0.7331227793130676,0.4691641607484433,17,149,166
7,0.9,embedding_0.9,LogisticRegression,leaked-only,0.9365219648030076,0.9485239085239086,0.8731479301171597,111,975,1086
7,0.91,embedding_0.91,RandomForest,baseline,0.6846957900234079,0.9635648354092526,0.487565859752701,128,1124,1252
7,0.91,embedding_0.91,RandomForest,cleaned,0.47335423197492166,0.8887806778340475,0.0,17,151,168
7,0.91,embedding_0.91,RandomForest,leaked-only,0.7098978919631094,0.9738294306639631,0.5246268850124796,111,973,1084
7,0.91,embedding_0.91,LogisticRegression,baseline,0.9124128442506354,0.9139234875444839,0.825525740546963,128,1124,1252
7,0.91,embedding_0.91,LogisticRegression,cleaned,0.7272727272727273,0.7343202181534865,0.46971798424747535,17,151,168
7,0.91,embedding_0.91,LogisticRegression,leaked-only,0.9365088290213222,0.9484366175013658,0.8731217034803189,111,973,1084
7,0.92,embedding_0.92,RandomForest,baseline,0.6846957900234079,0.9635648354092526,0.487565859752701,128,1124,1252
7,0.92,embedding_0.92,RandomForest,cleaned,0.47384615384615386,0.8848357524828113,0.0,17,154,171
7,0.92,embedding_0.92,RandomForest,leaked-only,0.7098406012553683,0.9740456951797158,0.5245666863005268,111,970,1081
7,0.92,embedding_0.92,LogisticRegression,baseline,0.9124128442506354,0.9139234875444839,0.825525740546963,128,1124,1252
7,0.92,embedding_0.92,LogisticRegression,cleaned,0.7277070063694268,0.7330022918258212,0.47052230812937257,17,154,171
7,0.92,embedding_0.92,LogisticRegression,leaked-only,0.9364890239402891,0.948444320609269,0.8730821610708049,111,970,1081
7,0.93,embedding_0.93,RandomForest,baseline,0.6846957900234079,0.9635648354092526,0.487565859752701,128,1124,1252
7,0.93,embedding_0.93,RandomForest,cleaned,0.47289156626506024,0.890481245576787,0.0,18,157,175
7,0.93,embedding_0.93,RandomForest,leaked-only,0.711624526641931,0.9739165178151735,0.5271371389101613,110,967,1077
7,0.93,embedding_0.93,LogisticRegression,baseline,0.9124128442506354,0.9139234875444839,0.825525740546963,128,1124,1252
7,0.93,embedding_0.93,LogisticRegression,cleaned,0.7447916666666667,0.7445152158527956,0.5035947552026612,18,157,175
7,0.93,embedding_0.93,LogisticRegression,leaked-only,0.9359430350986966,0.9480492620099652,0.8719918625060884,110,967,1077
7,0.94,embedding_0.94,RandomForest,baseline,0.6846957900234079,0.9635648354092526,0.487565859752701,128,1124,1252
7,0.94,embedding_0.94,RandomForest,cleaned,0.47337278106508873,0.8894097222222223,0.0,18,160,178
7,0.94,embedding_0.94,RandomForest,leaked-only,0.711567235756762,0.9739768012070917,0.5270766531263678,110,964,1074
7,0.94,embedding_0.94,LogisticRegression,baseline,0.9124128442506354,0.9139234875444839,0.825525740546963,128,1124,1252
7,0.94,embedding_0.94,LogisticRegression,cleaned,0.7451942740286299,0.7423611111111111,0.5043430301020273,18,160,178
7,0.94,embedding_0.94,LogisticRegression,leaked-only,0.9359229834831646,0.9481044888721237,0.871951828440188,110,964,1074
7,0.95,embedding_0.95,RandomForest,baseline,0.6846957900234079,0.9635648354092526,0.487565859752701,128,1124,1252
7,0.95,embedding_0.95,RandomForest,cleaned,0.473972602739726,0.8976270155156678,0.0,19,173,192
7,0.95,embedding_0.95,RandomForest,leaked-only,0.71318304162691,0.9736491766272104,0.5294790215555661,109,951,1060
7,0.95,embedding_0.95,LogisticRegression,baseline,0.9124128442506354,0.9139234875444839,0.825525740546963,128,1124,1252
7,0.95,embedding_0.95,LogisticRegression,cleaned,0.7513597513597514,0.7535746881655004,0.5108265972044329,19,173,192
7,0.95,embedding_0.95,LogisticRegression,leaked-only,0.9376293259848388,0.94770352791364,0.8754527505676054,109,951,1060
7,0.96,embedding_0.96,RandomForest,baseline,0.6846957900234079,0.9635648354092526,0.487565859752701,128,1124,1252
7,0.96,embedding_0.96,RandomForest,cleaned,0.475,0.8940789473684211,0.0,20,190,210
7,0.96,embedding_0.96,RandomForest,leaked-only,0.7147425017246855,0.974021532238877,0.5318301413008892,108,934,1042
7,0.96,embedding_0.96,LogisticRegression,baseline,0.9124128442506354,0.9139234875444839,0.825525740546963,128,1124,1252
7,0.96,embedding_0.96,LogisticRegression,cleaned,0.735064935064935,0.754736842105263,0.47691654690579843,20,190,210
7,0.96,embedding_0.96,LogisticRegression,leaked-only,0.9422371391711015,0.9510369577286065,0.884674099022729,108,934,1042
7,0.97,embedding_0.97,RandomForest,baseline,0.6846957900234079,0.9635648354092526,0.487565859752701,128,1124,1252
7,0.97,embedding_0.97,RandomForest,cleaned,0.47540983606557374,0.8961998592540464,0.0,21,203,224
7,0.97,embedding_0.97,RandomForest,leaked-only,0.7164032209961229,0.9741037271555704,0.5342977629274795,107,921,1028
7,0.97,embedding_0.97,LogisticRegression,baseline,0.9124128442506354,0.9139234875444839,0.825525740546963,128,1124,1252
7,0.97,embedding_0.97,LogisticRegression,cleaned,0.7412066752246469,0.7647196809758386,0.486164250403056,21,203,224
7,0.97,embedding_0.97,LogisticRegression,leaked-only,0.94407587112685,0.9508660842034764,0.8884740469395763,107,921,1028
7,0.98,embedding_0.98,RandomForest,baseline,0.6846957900234079,0.9635648354092526,0.487565859752701,128,1124,1252
7,0.98,embedding_0.98,RandomForest,cleaned,0.48220064724919093,0.9131330079316656,0.0,22,298,320
7,0.98,embedding_0.98,RandomForest,leaked-only,0.7162506516525909,0.9735769107771026,0.5348280975022663,106,826,932
7,0.98,embedding_0.98,LogisticRegression,baseline,0.9124128442506354,0.9139234875444839,0.825525740546963,128,1124,1252
7,0.98,embedding_0.98,LogisticRegression,cleaned,0.7524329166497008,0.7615924344112263,0.5065966023776836,22,298,320
7,0.98,embedding_0.98,LogisticRegression,leaked-only,0.9454249475915537,0.9505573575768651,0.8913392895712353,106,826,932
7,0.99,embedding_0.99,RandomForest,baseline,0.6846957900234079,0.9635648354092526,0.487565859752701,128,1124,1252
7,0.99,embedding_0.99,RandomForest,cleaned,0.5071767358681285,0.9591204250295159,0.1462855308010301,44,693,737
7,0.99,embedding_0.99,RandomForest,leaked-only,0.7474156794687995,0.9620760137001436,0.5830427721019829,84,431,515
7,0.99,embedding_0.99,LogisticRegression,baseline,0.9124128442506354,0.9139234875444839,0.825525740546963,128,1124,1252
7,0.99,embedding_0.99,LogisticRegression,cleaned,0.8473095824113899,0.852092352092352,0.6946735233952629,44,693,737
7,0.99,embedding_0.99,LogisticRegression,leaked-only,0.9482040229885058,0.9451441829632085,0.8980289746975636,84,431,515
7,1.0,embedding_1.0,RandomForest,baseline,0.6846957900234079,0.9635648354092526,0.487565859752701,128,1124,1252
7,1.0,embedding_1.0,RandomForest,cleaned,0.6846957900234079,0.9635648354092526,0.487565859752701,128,1124,1252
7,1.0,embedding_1.0,LogisticRegression,baseline,0.9124128442506354,0.9139234875444839,0.825525740546963,128,1124,1252
7,1.0,embedding_1.0,LogisticRegression,cleaned,0.9124128442506354,0.9139234875444839,0.825525740546963,128,1124,1252
8,0.9,embedding_0.9,RandomForest,baseline,0.8455694699982195,0.9863613861386139,0.7113490694803342,101,1200,1301
8,0.9,embedding_0.9,RandomForest,cleaned,0.48148148148148145,0.8151709401709402,0.0,6,78,84
8,0.9,embedding_0.9,RandomForest,leaked-only,0.8595151715039577,0.9923069706351441,0.7345950887114931,95,1122,1217
8,0.9,embedding_0.9,LogisticRegression,baseline,0.8769890741000139,0.9394719471947195,0.7674444829353596,101,1200,1301
8,0.9,embedding_0.9,LogisticRegression,cleaned,0.5973856209150327,0.42735042735042733,0.20282899481977704,6,78,84
8,0.9,embedding_0.9,LogisticRegression,leaked-only,0.8955446127559687,0.9766394596115958,0.8046947460509992,95,1122,1217
8,0.91,embedding_0.91,RandomForest,baseline,0.8455694699982195,0.9863613861386139,0.7113490694803342,101,1200,1301
8,0.91,embedding_0.91,RandomForest,cleaned,0.4817073170731707,0.8154008438818566,0.0,6,79,85
8,0.91,embedding_0.91,RandomForest,leaked-only,0.8595070422535211,0.9923001079862904,0.7345808648124281,95,1121,1216
8,0.91,embedding_0.91,LogisticRegression,baseline,0.8769890741000139,0.9394719471947195,0.7674444829353596,101,1200,1301
8,0.91,embedding_0.91,LogisticRegression,cleaned,0.5978494623655914,0.4324894514767932,0.20372333052597863,6,79,85
8,0.91,embedding_0.91,LogisticRegression,leaked-only,0.8955357767189107,0.976618620592516,0.8046795497036019,95,1121,1216
8,0.92,embedding_0.92,RandomForest,baseline,0.8455694699982195,0.9863613861386139,0.7113490694803342,101,1200,1301
8,0.92,embedding_0.92,RandomForest,cleaned,0.48255813953488375,0.8162650602409639,0.0,6,83,89
8,0.92,embedding_0.92,RandomForest,leaked-only,0.8594743816254418,0.992300805729633,0.7345237188654413,95,1117,1212
8,0.92,embedding_0.92,LogisticRegression,baseline,0.8769890741000139,0.9394719471947195,0.7674444829353596,101,1200,1301
8,0.92,embedding_0.92,LogisticRegression,cleaned,0.5995910020449897,0.42771084337349397,0.20708124414785226,6,83,89
8,0.92,embedding_0.92,LogisticRegression,leaked-only,0.8955002716960854,0.976572586345003,0.8046184894381729,95,1117,1212
8,0.93,embedding_0.93,RandomForest,baseline,0.8455694699982195,0.9863613861386139,0.7113490694803342,101,1200,1301
8,0.93,embedding_0.93,RandomForest,cleaned,0.480225988700565,0.8411764705882353,0.0,7,85,92
8,0.93,embedding_0.93,RandomForest,leaked-only,0.8619943705262806,0.9924434691346246,0.7387821645512133,94,1115,1209
8,0.93,embedding_0.93,LogisticRegression,baseline,0.8769890741000139,0.9394719471947195,0.7674444829353596,101,1200,1301
8,0.93,embedding_0.93,LogisticRegression,cleaned,0.6435364564987672,0.5025210084033613,0.29491836076496547,7,85,92
8,0.93,embedding_0.93,LogisticRegression,leaked-only,0.894640522875817,0.9764526285659766,0.8031014320607717,94,1115,1209
8,0.94,embedding_0.94,RandomForest,baseline,0.8455694699982195,0.9863613861386139,0.7113490694803342,101,1200,1301
8,0.94,embedding_0.94,RandomForest,cleaned,0.478494623655914,0.860252808988764,0.0,8,89,97
8,0.94,embedding_0.94,RandomForest,leaked-only,0.8645288326300984,0.9926347473457023,0.743081031502544,93,1111,1204
8,0.94,embedding_0.94,LogisticRegression,baseline,0.8769890741000139,0.9394719471947195,0.7674444829353596,101,1200,1301
8,0.94,embedding_0.94,LogisticRegression,cleaned,0.6325757575757576,0.5491573033707865,0.26809136884335105,8,89,97
8,0.94,embedding_0.94,LogisticRegression,leaked-only,0.8966346153846154,0.9767525139610735,0.8080536892481022,93,1111,1204
8,0.95,embedding_0.95,RandomForest,baseline,0.8455694699982195,0.9863613861386139,0.7113490694803342,101,1200,1301
8,0.95,embedding_0.95,RandomForest,cleaned,0.4801980198019802,0.8608247422680412,0.0,8,97,105
8,0.95,embedding_0.95,RandomForest,leaked-only,0.8644651700418163,0.9926251961902534,0.742968525778003,93,1103,1196
8,0.95,embedding_0.95,LogisticRegression,baseline,0.8769890741000139,0.9394719471947195,0.7674444829353596,101,1200,1301
8,0.95,embedding_0.95,LogisticRegression,cleaned,0.6354166666666666,0.5489690721649484,0.273700253087978,8,97,105
8,0.95,embedding_0.95,LogisticRegression,leaked-only,0.8965636531365313,0.9766521412764796,0.8079335750907337,93,1103,1196
8,0.96,embedding_0.96,RandomForest,baseline,0.8455694699982195,0.9863613861386139,0.7113490694803342,101,1200,1301
8,0.96,embedding_0.96,RandomForest,cleaned,0.481651376146789,0.8380952380952381,0.0,8,105,113
8,0.96,embedding_0.96,RandomForest,leaked-only,0.8644005889671389,0.9926842441203909,0.74285440266232,93,1095,1188
8,0.96,embedding_0.96,LogisticRegression,baseline,0.8769890741000139,0.9394719471947195,0.7674444829353596,101,1200,1301
8,0.96,embedding_0.96,LogisticRegression,cleaned,0.6062717770034843,0.5452380952380952,0.22488295694059238,8,105,113
8,0.96,embedding_0.96,LogisticRegression,leaked-only,0.902715981984441,0.9780821917808219,0.8184396826908219,93,1095,1188
8,0.97,embedding_0.97,RandomForest,baseline,0.8455694699982195,0.9863613861386139,0.7113490694803342,101,1200,1301
8,0.97,embedding_0.97,RandomForest,cleaned,0.48412698412698413,0.8376024590163934,0.0,8,122,130
8,0.97,embedding_0.97,RandomForest,leaked-only,0.8642602123614782,0.9927783430087578,0.74260635908519,93,1078,1171
8,0.97,embedding_0.97,LogisticRegression,baseline,0.8769890741000139,0.9394719471947195,0.7674444829353596,101,1200,1301
8,0.97,embedding_0.97,LogisticRegression,cleaned,0.5795744680851064,0.5338114754098361,0.18550051742743928,8,122,130
8,0.97,embedding_0.97,LogisticRegression,leaked-only,0.9111195445920304,0.9788038382508429,0.8329541974411858,93,1078,1171
8,0.98,embedding_0.98,RandomForest,baseline,0.8455694699982195,0.9863613861386139,0.7113490694803342,101,1200,1301
8,0.98,embedding_0.98,RandomForest,cleaned,0.4868995633187773,0.9247010463378176,0.0,12,223,235
8,0.98,embedding_0.98,RandomForest,leaked-only,0.8740167820046485,0.9928467102917667,0.7592565607081309,89,977,1066
8,0.98,embedding_0.98,LogisticRegression,baseline,0.8769890741000139,0.9394719471947195,0.7674444829353596,101,1200,1301
8,0.98,embedding_0.98,LogisticRegression,cleaned,0.6626302977342238,0.6651718983557547,0.3588389507211142,12,223,235
8,0.98,embedding_0.98,LogisticRegression,leaked-only,0.9163466528282305,0.9786781364645268,0.8419552107027232,89,977,1066
8,0.99,embedding_0.99,RandomForest,baseline,0.8455694699982195,0.9863613861386139,0.7113490694803342,101,1200,1301
8,0.99,embedding_0.99,RandomForest,cleaned,0.5876567610173878,0.9631054131054131,0.25246367681603493,26,675,701
8,0.99,embedding_0.99,RandomForest,leaked-only,0.9040166927490871,0.9951492063492063,0.8147234195976676,75,525,600
8,0.99,embedding_0.99,LogisticRegression,baseline,0.8769890741000139,0.9394719471947195,0.7674444829353596,101,1200,1301
8,0.99,embedding_0.99,LogisticRegression,cleaned,0.7250112421902657,0.7953276353276354,0.48638111076225404,26,675,701
8,0.99,embedding_0.99,LogisticRegression,leaked-only,0.9538546183836101,0.9906285714285714,0.9116846116771036,75,525,600
8,1.0,embedding_1.0,RandomForest,baseline,0.8455694699982195,0.9863613861386139,0.7113490694803342,101,1200,1301
8,1.0,embedding_1.0,RandomForest,cleaned,0.8455694699982195,0.9863613861386139,0.7113490694803342,101,1200,1301
8,1.0,embedding_1.0,LogisticRegression,baseline,0.8769890741000139,0.9394719471947195,0.7674444829353596,101,1200,1301
8,1.0,embedding_1.0,LogisticRegression,cleaned,0.8769890741000139,0.9394719471947195,0.7674444829353596,101,1200,1301
9,0.9,embedding_0.9,RandomForest,baseline,0.6734516870353866,0.966316029143898,0.4279007127613127,90,1220,1310
9,0.9,embedding_0.9,RandomForest,cleaned,0.46551724137931033,0.8472222222222222,0.0,4,27,31
9,0.9,embedding_0.9,RandomForest,leaked-only,0.680579836038873,0.9671972163200062,0.4383645826879839,86,1193,1279
9,0.9,embedding_0.9,LogisticRegression,baseline,0.8605344405408283,0.9479781420765029,0.7264107295608296,90,1220,1310
9,0.9,embedding_0.9,LogisticRegression,cleaned,0.6309523809523809,0.8333333333333334,0.35192842385957146,4,27,31
9,0.9,embedding_0.9,LogisticRegression,leaked-only,0.8736960229823144,0.9523187586502662,0.7507073129770183,86,1193,1279
9,0.91,embedding_0.91,RandomForest,baseline,0.6734516870353866,0.966316029143898,0.4279007127613127,90,1220,1310
9,0.91,embedding_0.91,RandomForest,cleaned,0.4666666666666667,0.8526785714285714,0.0,4,28,32
9,0.91,embedding_0.91,RandomForest,leaked-only,0.6805682843160339,0.9671892071172156,0.43834979243994665,86,1192,1278
9,0.91,embedding_0.91,LogisticRegression,baseline,0.8605344405408283,0.9479781420765029,0.7264107295608296,90,1220,1310
9,0.91,embedding_0.91,LogisticRegression,cleaned,0.6342857142857142,0.8392857142857144,0.3567530340063379,4,28,32
9,0.91,embedding_0.91,LogisticRegression,leaked-only,0.8736881828637149,0.9522787576088654,0.7506920912412406,86,1192,1278
9,0.92,embedding_0.92,RandomForest,baseline,0.6734516870353866,0.966316029143898,0.4279007127613127,90,1220,1310
9,0.92,embedding_0.92,RandomForest,cleaned,0.463768115942029,0.8718750000000001,0.0,5,32,37
9,0.92,embedding_0.92,RandomForest,leaked-only,0.682459795750675,0.967226183402654,0.4411236902927173,85,1188,1273
9,0.92,embedding_0.92,LogisticRegression,baseline,0.8605344405408283,0.9479781420765029,0.7264107295608296,90,1220,1310
9,0.92,embedding_0.92,LogisticRegression,cleaned,0.6563467492260062,0.8375,0.4016632088371218,5,32,37
9,0.92,embedding_0.92,LogisticRegression,leaked-only,0.8746774728985657,0.9525648643295702,0.7523623539426669,85,1188,1273
9,0.93,embedding_0.93,RandomForest,baseline,0.6734516870353866,0.966316029143898,0.4279007127613127,90,1220,1310
9,0.93,embedding_0.93,RandomForest,cleaned,0.45,0.8142361111111112,0.0,8,36,44
9,0.93,embedding_0.93,RandomForest,leaked-only,0.6884217381591552,0.9685491512854318,0.4498666829157297,82,1184,1266
9,0.93,embedding_0.93,LogisticRegression,baseline,0.8605344405408283,0.9479781420765029,0.7264107295608296,90,1220,1310
9,0.93,embedding_0.93,LogisticRegression,cleaned,0.6368253968253967,0.7951388888888888,0.35205245972503973,8,36,44
9,0.93,embedding_0.93,LogisticRegression,leaked-only,0.8815502536975062,0.9550098879367173,0.7655852915222195,82,1184,1266
9,0.94,embedding_0.94,RandomForest,baseline,0.6734516870353866,0.966316029143898,0.4279007127613127,90,1220,1310
9,0.94,embedding_0.94,RandomForest,cleaned,0.4523809523809524,0.8108552631578947,0.0,8,38,46
9,0.94,embedding_0.94,RandomForest,leaked-only,0.6883995585407572,0.9686403780281457,0.4498376163861049,82,1182,1264
9,0.94,embedding_0.94,LogisticRegression,baseline,0.8605344405408283,0.9479781420765029,0.7264107295608296,90,1220,1310
9,0.94,embedding_0.94,LogisticRegression,cleaned,0.6247086247086246,0.7828947368421053,0.3372266367167312,8,38,46
9,0.94,embedding_0.94,LogisticRegression,leaked-only,0.8839672232529375,0.955717882051917,0.770084366590671,82,1182,1264
9,0.95,embedding_0.95,RandomForest,baseline,0.6734516870353866,0.966316029143898,0.4279007127613127,90,1220,1310
9,0.95,embedding_0.95,RandomForest,cleaned,0.43956043956043955,0.7386363636363635,0.0,11,40,51
9,0.95,embedding_0.95,RandomForest,leaked-only,0.6946947651678713,0.9741900879639562,0.45909653161764225,79,1180,1259
9,0.95,embedding_0.95,LogisticRegression,baseline,0.8605344405408283,0.9479781420765029,0.7264107295608296,90,1220,1310
9,0.95,embedding_0.95,LogisticRegression,cleaned,0.6222222222222222,0.7454545454545455,0.2861433040115075,11,40,51
9,0.95,embedding_0.95,LogisticRegression,leaked-only,0.8876762029382026,0.9617893155975114,0.7784348858966378,79,1180,1259
9,0.96,embedding_0.96,RandomForest,baseline,0.6734516870353866,0.966316029143898,0.4279007127613127,90,1220,1310
9,0.96,embedding_0.96,RandomForest,cleaned,0.43103448275862066,0.833125,0.0,16,50,66
9,0.96,embedding_0.96,RandomForest,leaked-only,0.705882108948222,0.9737237237237237,0.47564671894388566,74,1170,1244
9,0.96,embedding_0.96,LogisticRegression,baseline,0.8605344405408283,0.9479781420765029,0.7264107295608296,90,1220,1310
9,0.96,embedding_0.96,LogisticRegression,cleaned,0.6906534325889164,0.78125,0.40247590661989263,16,50,66
9,0.96,embedding_0.96,LogisticRegression,leaked-only,0.8851111550893859,0.9604296604296605,0.7741168388271609,74,1170,1244
9,0.97,embedding_0.97,RandomForest,baseline,0.6734516870353866,0.966316029143898,0.4279007127613127,90,1220,1310
9,0.97,embedding_0.97,RandomForest,cleaned,0.43537414965986393,0.8030427631578947,0.0,19,64,83
9,0.97,embedding_0.97,RandomForest,leaked-only,0.7130296940507952,0.9747977484282859,0.48628960200207944,71,1156,1227
9,0.97,embedding_0.97,LogisticRegression,baseline,0.8605344405408283,0.9479781420765029,0.7264107295608296,90,1220,1310
9,0.97,embedding_0.97,LogisticRegression,cleaned,0.6692028985507246,0.7853618421052632,0.3562086387192843,19,64,83
9,0.97,embedding_0.97,LogisticRegression,leaked-only,0.8973187387025507,0.9636800038988255,0.798420680280273,71,1156,1227
9,0.98,embedding_0.98,RandomForest,baseline,0.6734516870353866,0.966316029143898,0.4279007127613127,90,1220,1310
9,0.98,embedding_0.98,RandomForest,cleaned,0.4713541666666667,0.9051983927674535,0.0,22,181,203
9,0.98,embedding_0.98,RandomForest,leaked-only,0.7195449690767741,0.9732633188020156,0.4961052521587515,68,1039,1107
9,0.98,embedding_0.98,LogisticRegression,baseline,0.8605344405408283,0.9479781420765029,0.7264107295608296,90,1220,1310
9,0.98,embedding_0.98,LogisticRegression,cleaned,0.7183908045977012,0.8945253641386238,0.46046972126490826,22,181,203
9,0.98,embedding_0.98,LogisticRegression,leaked-only,0.9108695652173913,0.9629168317952782,0.8232313769549381,68,1039,1107
9,0.99,embedding_0.99,RandomForest,baseline,0.6734516870353866,0.966316029143898,0.4279007127613127,90,1220,1310
9,0.99,embedding_0.99,RandomForest,cleaned,0.4878048780487805,0.9750459136822773,0.0,33,660,693
9,0.99,embedding_0.99,RandomForest,leaked-only,0.7445134575569359,0.9491697994987469,0.5337117514697994,57,560,617
9,0.99,embedding_0.99,LogisticRegression,baseline,0.8605344405408283,0.9479781420765029,0.7264107295608296,90,1220,1310
9,0.99,embedding_0.99,LogisticRegression,cleaned,0.7972350230414746,0.9480257116620753,0.6116987584448841,33,660,693
9,0.99,embedding_0.99,LogisticRegression,leaked-only,0.9062936638114332,0.9478383458646616,0.8131813929546555,57,560,617
9,1.0,embedding_1.0,RandomForest,baseline,0.6734516870353866,0.966316029143898,0.4279007127613127,90,1220,1310
9,1.0,embedding_1.0,RandomForest,cleaned,0.6734516870353866,0.966316029143898,0.4279007127613127,90,1220,1310
9,1.0,embedding_1.0,LogisticRegression,baseline,0.8605344405408283,0.9479781420765029,0.7264107295608296,90,1220,1310
9,1.0,embedding_1.0,LogisticRegression,cleaned,0.8605344405408283,0.9479781420765029,0.7264107295608296,90,1220,1310
10,0.9,embedding_0.9,RandomForest,baseline,0.8022680439433514,0.9971888837100908,0.6603190621596899,84,1226,1310
10,0.9,embedding_0.9,RandomForest,cleaned,1.0,nan,nan,0,1,1
10,0.9,embedding_0.9,RandomForest,leaked-only,0.802260666246322,0.9972254616132167,0.6603093156559189,84,1225,1309
10,0.9,embedding_0.9,LogisticRegression,baseline,0.948498072435715,0.9800066029674512,0.8983516344198271,84,1226,1310
10,0.9,embedding_0.9,LogisticRegression,cleaned,0.0,nan,nan,0,1,1
10,0.9,embedding_0.9,LogisticRegression,leaked-only,0.9512694512694513,0.9800874635568513,0.9036266369993622,84,1225,1309
10,0.91,embedding_0.91,RandomForest,baseline,0.8022680439433514,0.9971888837100908,0.6603190621596899,84,1226,1310
10,0.91,embedding_0.91,RandomForest,cleaned,1.0,nan,nan,0,1,1
10,0.91,embedding_0.91,RandomForest,leaked-only,0.802260666246322,0.9972254616132167,0.6603093156559189,84,1225,1309
10,0.91,embedding_0.91,LogisticRegression,baseline,0.948498072435715,0.9800066029674512,0.8983516344198271,84,1226,1310
10,0.91,embedding_0.91,LogisticRegression,cleaned,0.0,nan,nan,0,1,1
10,0.91,embedding_0.91,LogisticRegression,leaked-only,0.9512694512694513,0.9800874635568513,0.9036266369993622,84,1225,1309
10,0.92,embedding_0.92,RandomForest,baseline,0.8022680439433514,0.9971888837100908,0.6603190621596899,84,1226,1310
10,0.92,embedding_0.92,RandomForest,cleaned,1.0,nan,nan,0,1,1
10,0.92,embedding_0.92,RandomForest,leaked-only,0.802260666246322,0.9972254616132167,0.6603093156559189,84,1225,1309
10,0.92,embedding_0.92,LogisticRegression,baseline,0.948498072435715,0.9800066029674512,0.8983516344198271,84,1226,1310
10,0.92,embedding_0.92,LogisticRegression,cleaned,0.0,nan,nan,0,1,1
10,0.92,embedding_0.92,LogisticRegression,leaked-only,0.9512694512694513,0.9800874635568513,0.9036266369993622,84,1225,1309
10,0.93,embedding_0.93,RandomForest,baseline,0.8022680439433514,0.9971888837100908,0.6603190621596899,84,1226,1310
10,0.93,embedding_0.93,RandomForest,cleaned,1.0,nan,nan,0,1,1
10,0.93,embedding_0.93,RandomForest,leaked-only,0.802260666246322,0.9972254616132167,0.6603093156559189,84,1225,1309
10,0.93,embedding_0.93,LogisticRegression,baseline,0.948498072435715,0.9800066029674512,0.8983516344198271,84,1226,1310
10,0.93,embedding_0.93,LogisticRegression,cleaned,0.0,nan,nan,0,1,1
10,0.93,embedding_0.93,LogisticRegression,leaked-only,0.9512694512694513,0.9800874635568513,0.9036266369993622,84,1225,1309
10,0.94,embedding_0.94,RandomForest,baseline,0.8022680439433514,0.9971888837100908,0.6603190621596899,84,1226,1310
10,0.94,embedding_0.94,RandomForest,cleaned,1.0,nan,nan,0,2,2
10,0.94,embedding_0.94,RandomForest,leaked-only,0.8022532767165789,0.9972620992841581,0.6602995536591174,84,1224,1308
10,0.94,embedding_0.94,LogisticRegression,baseline,0.948498072435715,0.9800066029674512,0.8983516344198271,84,1226,1310
10,0.94,embedding_0.94,LogisticRegression,cleaned,0.0,nan,nan,0,2,2
10,0.94,embedding_0.94,LogisticRegression,leaked-only,0.9540703458769825,0.9801100995953937,0.9089866138159836,84,1224,1308
10,0.95,embedding_0.95,RandomForest,baseline,0.8022680439433514,0.9971888837100908,0.6603190621596899,84,1226,1310
10,0.95,embedding_0.95,RandomForest,cleaned,1.0,nan,nan,0,3,3
10,0.95,embedding_0.95,RandomForest,leaked-only,0.8022458753256322,0.9972598606081845,0.6602897761323114,84,1223,1307
10,0.95,embedding_0.95,LogisticRegression,baseline,0.948498072435715,0.9800066029674512,0.8983516344198271,84,1226,1310
10,0.95,embedding_0.95,LogisticRegression,cleaned,0.25,nan,nan,0,3,3
10,0.95,embedding_0.95,LogisticRegression,leaked-only,0.9540678263925496,0.9801035704551649,0.908981671059029,84,1223,1307
10,0.96,embedding_0.96,RandomForest,baseline,0.8022680439433514,0.9971888837100908,0.6603190621596899,84,1226,1310
10,0.96,embedding_0.96,RandomForest,cleaned,1.0,nan,nan,0,4,4
10,0.96,embedding_0.96,RandomForest,leaked-only,0.8022384620449009,0.9973452965474242,0.6602799830384091,84,1222,1306
10,0.96,embedding_0.96,LogisticRegression,baseline,0.948498072435715,0.9800066029674512,0.8983516344198271,84,1226,1310
10,0.96,embedding_0.96,LogisticRegression,cleaned,0.2,nan,nan,0,4,4
10,0.96,embedding_0.96,LogisticRegression,leaked-only,0.956898909036048,0.9808569090483984,0.9144292664954051,84,1222,1306
10,0.97,embedding_0.97,RandomForest,baseline,0.8022680439433514,0.9971888837100908,0.6603190621596899,84,1226,1310
10,0.97,embedding_0.97,RandomForest,cleaned,0.47058823529411764,1.0,0.0,1,8,9
10,0.97,embedding_0.97,RandomForest,leaked-only,0.8049806629558196,0.9974083526223119,0.6644689949894951,83,1218,1301
10,0.97,embedding_0.97,LogisticRegression,baseline,0.948498072435715,0.9800066029674512,0.8983516344198271,84,1226,1310
10,0.97,embedding_0.97,LogisticRegression,cleaned,0.5,0.75,0.31622776601683794,1,8,9
10,0.97,embedding_0.97,LogisticRegression,leaked-only,0.9593145073021234,0.9811264763487446,0.9190840730241757,83,1218,1301
10,0.98,embedding_0.98,RandomForest,baseline,0.8022680439433514,0.9971888837100908,0.6603190621596899,84,1226,1310
10,0.98,embedding_0.98,RandomForest,cleaned,0.4977578475336323,0.9909909909909909,0.0,1,111,112
10,0.98,embedding_0.98,RandomForest,leaked-only,0.8041594768867496,0.9973418337025232,0.6633781932931877,83,1115,1198
10,0.98,embedding_0.98,LogisticRegression,baseline,0.948498072435715,0.9800066029674512,0.8983516344198271,84,1226,1310
10,0.98,embedding_0.98,LogisticRegression,cleaned,0.6111111111111112,0.9819819819819819,0.36760731104690386,1,111,112
10,0.98,embedding_0.98,LogisticRegression,leaked-only,0.9649859311356324,0.980668863795991,0.9301431817718082,83,1115,1198
10,0.99,embedding_0.99,RandomForest,baseline,0.8022680439433514,0.9971888837100908,0.6603190621596899,84,1226,1310
10,0.99,embedding_0.99,RandomForest,cleaned,0.4970513900589722,0.9983050847457627,0.0,7,590,597
10,0.99,embedding_0.99,RandomForest,leaked-only,0.8155606407322654,0.9955791064281629,0.6819037945288067,77,636,713
10,0.99,embedding_0.99,LogisticRegression,baseline,0.948498072435715,0.9800066029674512,0.8983516344198271,84,1226,1310
10,0.99,embedding_0.99,LogisticRegression,cleaned,0.8147688488985417,0.9956416464891041,0.6784828539107288,7,590,597
10,0.99,embedding_0.99,LogisticRegression,leaked-only,0.9674272226593233,0.9767213918157315,0.9348792672700594,77,636,713
10,1.0,embedding_1.0,RandomForest,baseline,0.8022680439433514,0.9971888837100908,0.6603190621596899,84,1226,1310
10,1.0,embedding_1.0,RandomForest,cleaned,0.8022680439433514,0.9971888837100908,0.6603190621596899,84,1226,1310
10,1.0,embedding_1.0,LogisticRegression,baseline,0.948498072435715,0.9800066029674512,0.8983516344198271,84,1226,1310
10,1.0,embedding_1.0,LogisticRegression,cleaned,0.948498072435715,0.9800066029674512,0.8983516344198271,84,1226,1310
11,0.9,embedding_0.9,RandomForest,baseline,0.6030025850069596,0.9494804156674661,0.3147590741110404,80,1251,1331
11,0.9,embedding_0.9,RandomForest,cleaned,0.4675324675324675,0.9722222222222222,0.0,5,36,41
11,0.9,embedding_0.9,RandomForest,leaked-only,0.6101470913265283,0.9488395061728395,0.32567711299330027,75,1215,1290
11,0.9,embedding_0.9,LogisticRegression,baseline,0.866579791499599,0.8974620303756994,0.7341489440381194,80,1251,1331
11,0.9,embedding_0.9,LogisticRegression,cleaned,0.7144278606965174,0.9111111111111112,0.4826004826007239,5,36,41
11,0.9,embedding_0.9,LogisticRegression,leaked-only,0.8784103670310317,0.8932345679012346,0.7569910826300711,75,1215,1290
11,0.91,embedding_0.91,RandomForest,baseline,0.6030025850069596,0.9494804156674661,0.3147590741110404,80,1251,1331
11,0.91,embedding_0.91,RandomForest,cleaned,0.4691358024691358,0.9736842105263158,0.0,5,38,43
11,0.91,embedding_0.91,RandomForest,leaked-only,0.6101254613879815,0.9489640010992031,0.32565508399941073,75,1213,1288
11,0.91,embedding_0.91,LogisticRegression,baseline,0.866579791499599,0.8974620303756994,0.7341489440381194,80,1251,1331
11,0.91,embedding_0.91,LogisticRegression,cleaned,0.7173708920187793,0.9157894736842105,0.48722106893683176,5,38,43
11,0.91,embedding_0.91,LogisticRegression,leaked-only,0.8783984635262827,0.8933223413025556,0.75696731295499,75,1213,1288
11,0.92,embedding_0.92,RandomForest,baseline,0.6030025850069596,0.9494804156674661,0.3147590741110404,80,1251,1331
11,0.92,embedding_0.92,RandomForest,cleaned,0.46987951807228917,0.9743589743589742,0.0,5,39,44
11,0.92,embedding_0.92,RandomForest,leaked-only,0.6101146203061063,0.9489218921892189,0.3256440430823701,75,1212,1287
11,0.92,embedding_0.92,LogisticRegression,baseline,0.866579791499599,0.8974620303756994,0.7341489440381194,80,1251,1331
11,0.92,embedding_0.92,LogisticRegression,cleaned,0.7187214611872146,0.9179487179487179,0.4893434515497889,5,39,44
11,0.92,embedding_0.92,LogisticRegression,leaked-only,0.8783924970235926,0.8932783278327833,0.7569553986642222,75,1212,1287
11,0.93,embedding_0.93,RandomForest,baseline,0.6030025850069596,0.9494804156674661,0.3147590741110404,80,1251,1331
11,0.93,embedding_0.93,RandomForest,cleaned,0.45977011494252873,0.9821428571428571,0.0,7,40,47
11,0.93,embedding_0.93,RandomForest,leaked-only,0.6133372249788045,0.9479090076128639,0.33047469858175715,73,1211,1284
11,0.93,embedding_0.93,LogisticRegression,baseline,0.866579791499599,0.8974620303756994,0.7341489440381194,80,1251,1331
11,0.93,embedding_0.93,LogisticRegression,cleaned,0.7691228070175438,0.9357142857142856,0.5773797250846062,7,40,47
11,0.93,embedding_0.93,LogisticRegression,leaked-only,0.8753159411926277,0.8906032600703596,0.7508096294779437,73,1211,1284
11,0.94,embedding_0.94,RandomForest,baseline,0.6030025850069596,0.9494804156674661,0.3147590741110404,80,1251,1331
11,0.94,embedding_0.94,RandomForest,cleaned,0.45454545454545453,0.982716049382716,0.0,9,45,54
11,0.94,embedding_0.94,RandomForest,leaked-only,0.6166535630047888,0.9474166725060146,0.33546082957925477,71,1206,1277
11,0.94,embedding_0.94,LogisticRegression,baseline,0.866579791499599,0.8974620303756994,0.7341489440381194,80,1251,1331
11,0.94,embedding_0.94,LogisticRegression,cleaned,0.7857142857142857,0.9382716049382716,0.610170215847752,9,45,54
11,0.94,embedding_0.94,LogisticRegression,leaked-only,0.8748905025357308,0.8881297736668768,0.7498651177507566,71,1206,1277
11,0.95,embedding_0.95,RandomForest,baseline,0.6030025850069596,0.9494804156674661,0.3147590741110404,80,1251,1331
11,0.95,embedding_0.95,RandomForest,cleaned,0.452991452991453,0.9665523156089193,0.0,11,53,64
11,0.95,embedding_0.95,RandomForest,leaked-only,0.6200862200331313,0.9469042607243957,0.34062847610039587,69,1198,1267
11,0.95,embedding_0.95,LogisticRegression,baseline,0.866579791499599,0.8974620303756994,0.7341489440381194,80,1251,1331
11,0.95,embedding_0.95,LogisticRegression,cleaned,0.782312925170068,0.921097770154374,0.6104638276594145,11,53,64
11,0.95,embedding_0.95,LogisticRegression,leaked-only,0.8773801746872807,0.8859209794101278,0.7547603493745615,69,1198,1267
11,0.96,embedding_0.96,RandomForest,baseline,0.6030025850069596,0.9494804156674661,0.3147590741110404,80,1251,1331
11,0.96,embedding_0.96,RandomForest,cleaned,0.4411764705882353,0.9786458333333333,0.0,16,60,76
11,0.96,embedding_0.96,RandomForest,leaked-only,0.6295124831309042,0.9439481003358523,0.3547291060820073,64,1191,1255
11,0.96,embedding_0.96,LogisticRegression,baseline,0.866579791499599,0.8974620303756994,0.7341489440381194,80,1251,1331
11,0.96,embedding_0.96,LogisticRegression,cleaned,0.8303571428571428,0.9458333333333333,0.6906831902042855,16,60,76
11,0.96,embedding_0.96,LogisticRegression,leaked-only,0.8682829554995801,0.8772958648194796,0.7365659109991604,64,1191,1255
11,0.97,embedding_0.97,RandomForest,baseline,0.6030025850069596,0.9494804156674661,0.3147590741110404,80,1251,1331
11,0.97,embedding_0.97,RandomForest,cleaned,0.4457831325301205,0.9594594594594595,0.0,18,74,92
11,0.97,embedding_0.97,RandomForest,leaked-only,0.6334962092992682,0.9436374599172308,0.36071862787912096,62,1177,1239
11,0.97,embedding_0.97,LogisticRegression,baseline,0.866579791499599,0.8974620303756994,0.7341489440381194,80,1251,1331
11,0.97,embedding_0.97,LogisticRegression,cleaned,0.8207792207792208,0.9406906906906907,0.6640839111192508,18,74,92
11,0.97,embedding_0.97,LogisticRegression,leaked-only,0.8726601255241593,0.8755447145558692,0.7453202510483186,62,1177,1239
11,0.98,embedding_0.98,RandomForest,baseline,0.6030025850069596,0.9494804156674661,0.3147590741110404,80,1251,1331
11,0.98,embedding_0.98,RandomForest,cleaned,0.47214854111405835,0.9582664526484751,0.0,21,178,199
11,0.98,embedding_0.98,RandomForest,leaked-only,0.6390464102836635,0.9390904639297393,0.369334206316837,59,1073,1132
11,0.98,embedding_0.98,LogisticRegression,baseline,0.866579791499599,0.8974620303756994,0.7341489440381194,80,1251,1331
11,0.98,embedding_0.98,LogisticRegression,cleaned,0.8149849603500137,0.9507758159443553,0.6510886366389403,21,178,199
11,0.98,embedding_0.98,LogisticRegression,leaked-only,0.8854876889149655,0.8754166205948788,0.7712750287440857,59,1073,1132
11,0.99,embedding_0.99,RandomForest,baseline,0.6030025850069596,0.9494804156674661,0.3147590741110404,80,1251,1331
11,0.99,embedding_0.99,RandomForest,cleaned,0.4885222381635581,0.9515647944199705,0.0,32,681,713
11,0.99,embedding_0.99,RandomForest,leaked-only,0.6603835797109414,0.9498903508771929,0.4027508436310359,48,570,618
11,0.99,embedding_0.99,LogisticRegression,baseline,0.866579791499599,0.8974620303756994,0.7341489440381194,80,1251,1331
11,0.99,embedding_0.99,LogisticRegression,cleaned,0.8240809277078707,0.9031754772393539,0.6564767148815382,32,681,713
11,0.99,embedding_0.99,LogisticRegression,leaked-only,0.901165580108938,0.8911184210526315,0.8028364085215364,48,570,618
11,1.0,embedding_1.0,RandomForest,baseline,0.6030025850069596,0.9494804156674661,0.3147590741110404,80,1251,1331
11,1.0,embedding_1.0,RandomForest,cleaned,0.6030025850069596,0.9494804156674661,0.3147590741110404,80,1251,1331
11,1.0,embedding_1.0,LogisticRegression,baseline,0.866579791499599,0.8974620303756994,0.7341489440381194,80,1251,1331
11,1.0,embedding_1.0,LogisticRegression,cleaned,0.866579791499599,0.8974620303756994,0.7341489440381194,80,1251,1331
12,0.9,embedding_0.9,RandomForest,baseline,0.5955473687553594,0.9584235659947804,0.3245715503003623,81,1334,1415
12,0.9,embedding_0.9,RandomForest,cleaned,0.4861111111111111,0.9055555555555556,0.0,6,105,111
12,0.9,embedding_0.9,RandomForest,leaked-only,0.603194216476403,0.960368863574722,0.33735821736052696,75,1229,1304
12,0.9,embedding_0.9,LogisticRegression,baseline,0.8576015955208314,0.8876765321043182,0.7152657304192597,81,1334,1415
12,0.9,embedding_0.9,LogisticRegression,cleaned,0.6476190476190476,0.5396825396825397,0.29523809523809524,6,105,111
12,0.9,embedding_0.9,LogisticRegression,leaked-only,0.8742499571404081,0.9157363710333605,0.7485756806928343,75,1229,1304
12,0.91,embedding_0.91,RandomForest,baseline,0.5955473687553594,0.9584235659947804,0.3245715503003623,81,1334,1415
12,0.91,embedding_0.91,RandomForest,cleaned,0.4818181818181818,0.9274764150943396,0.0,8,106,114
12,0.91,embedding_0.91,RandomForest,leaked-only,0.6063391202390408,0.9597128642184641,0.3422607781282578,73,1228,1301
12,0.91,embedding_0.91,LogisticRegression,baseline,0.8576015955208314,0.8876765321043182,0.7152657304192597,81,1334,1415
12,0.91,embedding_0.91,LogisticRegression,cleaned,0.7311320754716981,0.6497641509433963,0.46226415094339623,8,106,114
12,0.91,embedding_0.91,LogisticRegression,leaked-only,0.871043415053195,0.9136138503413502,0.7421658584432279,73,1228,1301
12,0.92,embedding_0.92,RandomForest,baseline,0.5955473687553594,0.9584235659947804,0.3245715503003623,81,1334,1415
12,0.92,embedding_0.92,RandomForest,cleaned,0.4798206278026906,0.9350986500519212,0.0,9,107,116
12,0.92,embedding_0.92,RandomForest,leaked-only,0.6079570768162111,0.9594199945666938,0.34478298504123733,72,1227,1299
12,0.92,embedding_0.92,LogisticRegression,baseline,0.8576015955208314,0.8876765321043182,0.7152657304192597,81,1334,1415
12,0.92,embedding_0.92,LogisticRegression,cleaned,0.7590861889927311,0.6863966770508827,0.5181723779854621,9,107,116
12,0.92,embedding_0.92,LogisticRegression,leaked-only,0.8693713826007285,0.9125350901023273,0.7388235086626322,72,1227,1299
12,0.93,embedding_0.93,RandomForest,baseline,0.5955473687553594,0.9584235659947804,0.3245715503003623,81,1334,1415
12,0.93,embedding_0.93,RandomForest,cleaned,0.4788135593220339,0.9438053097345133,0.0,10,113,123
12,0.93,embedding_0.93,RandomForest,leaked-only,0.6095611315825389,0.959199916946396,0.34731616552637623,71,1221,1292
12,0.93,embedding_0.93,LogisticRegression,baseline,0.8576015955208314,0.8876765321043182,0.7152657304192597,81,1334,1415
12,0.93,embedding_0.93,LogisticRegression,cleaned,0.7823008849557522,0.7185840707964601,0.5646017699115045,10,113,123
12,0.93,embedding_0.93,LogisticRegression,leaked-only,0.8676229508196721,0.9111211083042069,0.7353284592748983,71,1221,1292
12,0.94,embedding_0.94,RandomForest,baseline,0.5955473687553594,0.9584235659947804,0.3245715503003623,81,1334,1415
12,0.94,embedding_0.94,RandomForest,cleaned,0.4782608695652174,0.9504132231404959,0.0,11,121,132
12,0.94,embedding_0.94,RandomForest,leaked-only,0.6111831482723502,0.9590978683311743,0.3498871470247791,70,1213,1283
12,0.94,embedding_0.94,LogisticRegression,baseline,0.8576015955208314,0.8876765321043182,0.7152657304192597,81,1334,1415
12,0.94,embedding_0.94,LogisticRegression,cleaned,0.8016528925619835,0.7445529676934635,0.6033057851239669,11,121,132
12,0.94,embedding_0.94,LogisticRegression,leaked-only,0.8658136940454608,0.9098103874690849,0.7317118376668716,70,1213,1283
12,0.95,embedding_0.95,RandomForest,baseline,0.5955473687553594,0.9584235659947804,0.3245715503003623,81,1334,1415
12,0.95,embedding_0.95,RandomForest,cleaned,0.47761194029850745,0.951171875,0.0,12,128,140
12,0.95,embedding_0.95,RandomForest,leaked-only,0.6128542510121457,0.9589371980676329,0.3525228918868838,69,1206,1275
12,0.95,embedding_0.95,LogisticRegression,baseline,0.8576015955208314,0.8876765321043182,0.7152657304192597,81,1334,1415
12,0.95,embedding_0.95,LogisticRegression,cleaned,0.7721354166666667,0.7591145833333334,0.5442708333333334,12,128,140
12,0.95,embedding_0.95,LogisticRegression,leaked-only,0.8715174866627149,0.9094022640421083,0.7431229172941554,69,1206,1275
12,0.96,embedding_0.96,RandomForest,baseline,0.5955473687553594,0.9584235659947804,0.3245715503003623,81,1334,1415
12,0.96,embedding_0.96,RandomForest,cleaned,0.47440273037542663,0.8997601918465228,0.0,15,139,154
12,0.96,embedding_0.96,RandomForest,leaked-only,0.6182136881523385,0.9607201724356537,0.3608738173561586,66,1195,1261
12,0.96,embedding_0.96,LogisticRegression,baseline,0.8576015955208314,0.8876765321043182,0.7152657304192597,81,1334,1415
12,0.96,embedding_0.96,LogisticRegression,cleaned,0.7045563549160672,0.656115107913669,0.40911270983213427,15,139,154
12,0.96,embedding_0.96,LogisticRegression,leaked-only,0.8896597414935373,0.9398630658044884,0.7794190757952753,66,1195,1261
12,0.97,embedding_0.97,RandomForest,baseline,0.5955473687553594,0.9584235659947804,0.3245715503003623,81,1334,1415
12,0.97,embedding_0.97,RandomForest,cleaned,0.47058823529411764,0.8954293628808865,0.0,19,152,171
12,0.97,embedding_0.97,RandomForest,leaked-only,0.6260132164837346,0.960850936084275,0.37295032672531786,62,1182,1244
12,0.97,embedding_0.97,LogisticRegression,baseline,0.8576015955208314,0.8876765321043182,0.7152657304192597,81,1334,1415
12,0.97,embedding_0.97,LogisticRegression,cleaned,0.725057121096725,0.709141274238227,0.45034938607310643,19,152,171
12,0.97,embedding_0.97,LogisticRegression,leaked-only,0.8947101142615319,0.9401233557120244,0.7894489475096134,62,1182,1244
12,0.98,embedding_0.98,RandomForest,baseline,0.5955473687553594,0.9584235659947804,0.3245715503003623,81,1334,1415
12,0.98,embedding_0.98,RandomForest,cleaned,0.480865224625624,0.9444110124868362,0.0,23,289,312
12,0.98,embedding_0.98,RandomForest,leaked-only,0.6334628661336155,0.9555518891272067,0.3851406280700917,58,1045,1103
12,0.98,embedding_0.98,LogisticRegression,baseline,0.8576015955208314,0.8876765321043182,0.7152657304192597,81,1334,1415
12,0.98,embedding_0.98,LogisticRegression,cleaned,0.7674534161490683,0.7666616518730254,0.5362395232469416,23,289,312
12,0.98,embedding_0.98,LogisticRegression,leaked-only,0.8945002391200383,0.9343012704174228,0.789034558815671,58,1045,1103
12,0.99,embedding_0.99,RandomForest,baseline,0.5955473687553594,0.9584235659947804,0.3245715503003623,81,1334,1415
12,0.99,embedding_0.99,RandomForest,cleaned,0.48894348894348894,0.9787653545505305,0.0,36,796,832
12,0.99,embedding_0.99,RandomForest,leaked-only,0.6623552123552123,0.9173895084675754,0.4322576340776521,45,538,583
12,0.99,embedding_0.99,LogisticRegression,baseline,0.8576015955208314,0.8876765321043182,0.7152657304192597,81,1334,1415
12,0.99,embedding_0.99,LogisticRegression,cleaned,0.8205965738929042,0.8446398659966499,0.644124323069026,36,796,832
12,0.99,embedding_0.99,LogisticRegression,leaked-only,0.8921369102682701,0.9131763733994217,0.7859151852397038,45,538,583
12,1.0,embedding_1.0,RandomForest,baseline,0.5955473687553594,0.9584235659947804,0.3245715503003623,81,1334,1415
12,1.0,embedding_1.0,RandomForest,cleaned,0.5955473687553594,0.9584235659947804,0.3245715503003623,81,1334,1415
12,1.0,embedding_1.0,LogisticRegression,baseline,0.8576015955208314,0.8876765321043182,0.7152657304192597,81,1334,1415
12,1.0,embedding_1.0,LogisticRegression,cleaned,0.8576015955208314,0.8876765321043182,0.7152657304192597,81,1334,1415
13,0.9,embedding_0.9,RandomForest,baseline,0.6201566689448504,0.9652595497637649,0.29421464487662796,53,1222,1275
13,0.9,embedding_0.9,RandomForest,cleaned,0.4657534246575342,0.9529411764705882,0.0,5,34,39
13,0.9,embedding_0.9,RandomForest,leaked-only,0.6310735049833887,0.9650848765432098,0.31040113176569456,48,1188,1236
13,0.9,embedding_0.9,LogisticRegression,baseline,0.8261707172495554,0.9312293487323595,0.6760731383921748,53,1222,1275
13,0.9,embedding_0.9,LogisticRegression,cleaned,0.7354138398914518,0.9470588235294117,0.47420070662160324,5,34,39
13,0.9,embedding_0.9,LogisticRegression,leaked-only,0.8323358048218841,0.9277146464646464,0.6913446981426646,48,1188,1236
13,0.91,embedding_0.91,RandomForest,baseline,0.6201566689448504,0.9652595497637649,0.29421464487662796,53,1222,1275
13,0.91,embedding_0.91,RandomForest,cleaned,0.4657534246575342,0.9529411764705882,0.0,5,34,39
13,0.91,embedding_0.91,RandomForest,leaked-only,0.6310735049833887,0.9650848765432098,0.31040113176569456,48,1188,1236
13,0.91,embedding_0.91,LogisticRegression,baseline,0.8261707172495554,0.9312293487323595,0.6760731383921748,53,1222,1275
13,0.91,embedding_0.91,LogisticRegression,cleaned,0.7354138398914518,0.9470588235294117,0.47420070662160324,5,34,39
13,0.91,embedding_0.91,LogisticRegression,leaked-only,0.8323358048218841,0.9277146464646464,0.6913446981426646,48,1188,1236
13,0.92,embedding_0.92,RandomForest,baseline,0.6201566689448504,0.9652595497637649,0.29421464487662796,53,1222,1275
13,0.92,embedding_0.92,RandomForest,cleaned,0.47058823529411764,0.93,0.0,5,40,45
13,0.92,embedding_0.92,RandomForest,leaked-only,0.6310256677796326,0.9652777777777778,0.31032935151288304,48,1182,1230
13,0.92,embedding_0.92,LogisticRegression,baseline,0.8261707172495554,0.9312293487323595,0.6760731383921748,53,1222,1275
13,0.92,embedding_0.92,LogisticRegression,cleaned,0.6853146853146853,0.9299999999999999,0.39044759485022357,5,40,45
13,0.92,embedding_0.92,LogisticRegression,leaked-only,0.8380983560081137,0.9280351099830795,0.7006951440425697,48,1182,1230
13,0.93,embedding_0.93,RandomForest,baseline,0.6201566689448504,0.9652595497637649,0.29421464487662796,53,1222,1275
13,0.93,embedding_0.93,RandomForest,cleaned,0.4639175257731959,0.9269841269841269,0.0,7,45,52
13,0.93,embedding_0.93,RandomForest,leaked-only,0.6359331024031176,0.9651287355472646,0.31763763631537995,46,1177,1223
13,0.93,embedding_0.93,LogisticRegression,baseline,0.8261707172495554,0.9312293487323595,0.6760731383921748,53,1222,1275
13,0.93,embedding_0.93,LogisticRegression,cleaned,0.7312661498708011,0.9492063492063492,0.48552046664893705,7,45,52
13,0.93,embedding_0.93,LogisticRegression,leaked-only,0.8360867357015885,0.9251782350116361,0.6967994113769588,46,1177,1223
13,0.94,embedding_0.94,RandomForest,baseline,0.6201566689448504,0.9652595497637649,0.29421464487662796,53,1222,1275
13,0.94,embedding_0.94,RandomForest,cleaned,0.45714285714285713,0.8981481481481481,0.0,9,48,57
13,0.94,embedding_0.94,RandomForest,leaked-only,0.6411616161616162,0.9650669815703887,0.3254543516510938,44,1174,1218
13,0.94,embedding_0.94,LogisticRegression,baseline,0.8261707172495554,0.9312293487323595,0.6760731383921748,53,1222,1275
13,0.94,embedding_0.94,LogisticRegression,cleaned,0.7361111111111112,0.9305555555555556,0.5060480768510598,9,48,57
13,0.94,embedding_0.94,LogisticRegression,leaked-only,0.8370689655172414,0.9237842651386092,0.6977317825330586,44,1174,1218
13,0.95,embedding_0.95,RandomForest,baseline,0.6201566689448504,0.9652595497637649,0.29421464487662796,53,1222,1275
13,0.95,embedding_0.95,RandomForest,cleaned,0.45454545454545453,0.888,0.0,10,50,60
13,0.95,embedding_0.95,RandomForest,leaked-only,0.6438962320125242,0.9649277720454005,0.3295559216495637,43,1172,1215
13,0.95,embedding_0.95,LogisticRegression,baseline,0.8261707172495554,0.9312293487323595,0.6760731383921748,53,1222,1275
13,0.95,embedding_0.95,LogisticRegression,cleaned,0.7371565113500598,0.916,0.5127645625236082,10,50,60
13,0.95,embedding_0.95,LogisticRegression,leaked-only,0.8375798732721974,0.92322803397095,0.698214026388776,43,1172,1215
13,0.96,embedding_0.96,RandomForest,baseline,0.6201566689448504,0.9652595497637649,0.29421464487662796,53,1222,1275
13,0.96,embedding_0.96,RandomForest,cleaned,0.45528455284552843,0.9058441558441558,0.0,11,56,67
13,0.96,embedding_0.96,RandomForest,leaked-only,0.6466906495861484,0.9646328514253043,0.33375527029139895,42,1166,1208
13,0.96,embedding_0.96,LogisticRegression,baseline,0.8261707172495554,0.9312293487323595,0.6760731383921748,53,1222,1275
13,0.96,embedding_0.96,LogisticRegression,cleaned,0.7579638752052545,0.9188311688311688,0.5494527793589686,11,56,67
13,0.96,embedding_0.96,LogisticRegression,leaked-only,0.8347501514529714,0.9218737237605162,0.6932162310152871,42,1166,1208
13,0.97,embedding_0.97,RandomForest,baseline,0.6201566689448504,0.9652595497637649,0.29421464487662796,53,1222,1275
13,0.97,embedding_0.97,RandomForest,cleaned,0.4585987261146497,0.9038461538461539,0.0,13,72,85
13,0.97,embedding_0.97,RandomForest,leaked-only,0.6525387263339071,0.964,0.34257566932812616,40,1150,1190
13,0.97,embedding_0.97,LogisticRegression,baseline,0.8261707172495554,0.9312293487323595,0.6760731383921748,53,1222,1275
13,0.97,embedding_0.97,LogisticRegression,cleaned,0.7533167495854063,0.9123931623931624,0.5505026685186688,13,72,85
13,0.97,embedding_0.97,LogisticRegression,leaked-only,0.8391239691766932,0.9199347826086955,0.6996025177984119,40,1150,1190
13,0.98,embedding_0.98,RandomForest,baseline,0.6201566689448504,0.9652595497637649,0.29421464487662796,53,1222,1275
13,0.98,embedding_0.98,RandomForest,cleaned,0.47802197802197804,0.9288793103448275,0.0,16,174,190
13,0.98,embedding_0.98,RandomForest,leaked-only,0.6615449060168804,0.9685630286775325,0.35618944532389735,37,1048,1085
13,0.98,embedding_0.98,LogisticRegression,baseline,0.8261707172495554,0.9312293487323595,0.6760731383921748,53,1222,1275
13,0.98,embedding_0.98,LogisticRegression,cleaned,0.760530679933665,0.9461206896551724,0.5563964831414225,16,174,190
13,0.98,embedding_0.98,LogisticRegression,leaked-only,0.8513887127457197,0.9202599546110998,0.7229347392089509,37,1048,1085
13,0.99,embedding_0.99,RandomForest,baseline,0.6201566689448504,0.9652595497637649,0.29421464487662796,53,1222,1275
13,0.99,embedding_0.99,RandomForest,cleaned,0.49155033063923587,0.969129784883343,0.0,23,669,692
13,0.99,embedding_0.99,RandomForest,leaked-only,0.6831521739130435,0.9596745027124775,0.3885710475292328,30,553,583
13,0.99,embedding_0.99,LogisticRegression,baseline,0.8261707172495554,0.9312293487323595,0.6760731383921748,53,1222,1275
13,0.99,embedding_0.99,LogisticRegression,cleaned,0.7772566330988182,0.9503476961071035,0.5867651414668198,23,669,692
13,0.99,embedding_0.99,LogisticRegression,leaked-only,0.8701366201366201,0.9216998191681736,0.756420241076242,30,553,583
13,1.0,embedding_1.0,RandomForest,baseline,0.6201566689448504,0.9652595497637649,0.29421464487662796,53,1222,1275
13,1.0,embedding_1.0,RandomForest,cleaned,0.6201566689448504,0.9652595497637649,0.29421464487662796,53,1222,1275
13,1.0,embedding_1.0,LogisticRegression,baseline,0.8261707172495554,0.9312293487323595,0.6760731383921748,53,1222,1275
13,1.0,embedding_1.0,LogisticRegression,cleaned,0.8261707172495554,0.9312293487323595,0.6760731383921748,53,1222,1275
14,0.9,embedding_0.9,RandomForest,baseline,0.5751642218436595,0.9700217995940766,0.2729537666417299,53,1255,1308
14,0.9,embedding_0.9,RandomForest,cleaned,0.48507462686567165,0.9826923076923076,0.0,4,65,69
14,0.9,embedding_0.9,RandomForest,leaked-only,0.5816230818294376,0.969379180243526,0.2841168103746692,49,1190,1239
14,0.9,embedding_0.9,LogisticRegression,baseline,0.9016763136134707,0.8924002104788394,0.8033526272269413,53,1255,1308
14,0.9,embedding_0.9,LogisticRegression,cleaned,0.7742639040348964,0.65,0.5553301796153424,4,65,69
14,0.9,embedding_0.9,LogisticRegression,leaked-only,0.9105684843389761,0.9125878922997771,0.8211831810223593,49,1190,1239
14,0.91,embedding_0.91,RandomForest,baseline,0.5751642218436595,0.9700217995940766,0.2729537666417299,53,1255,1308
14,0.91,embedding_0.91,RandomForest,cleaned,0.48226950354609927,0.986764705882353,0.0,5,68,73
14,0.91,embedding_0.91,RandomForest,leaked-only,0.5834866323276919,0.9689167368716652,0.28720797240369217,48,1187,1235
14,0.91,embedding_0.91,LogisticRegression,baseline,0.9016763136134707,0.8924002104788394,0.8033526272269413,53,1255,1308
14,0.91,embedding_0.91,LogisticRegression,cleaned,0.8223844282238443,0.7176470588235294,0.6496195358415368,5,68,73
14,0.91,embedding_0.91,LogisticRegression,leaked-only,0.9087891702616636,0.9107694467846111,0.8176262078354807,48,1187,1235
14,0.92,embedding_0.92,RandomForest,baseline,0.5751642218436595,0.9700217995940766,0.2729537666417299,53,1255,1308
14,0.92,embedding_0.92,RandomForest,cleaned,0.4827586206896552,0.9842857142857143,0.0,5,70,75
14,0.92,embedding_0.92,RandomForest,leaked-only,0.5834715312327252,0.9690752461322082,0.2871957377575075,48,1185,1233
14,0.92,embedding_0.92,LogisticRegression,baseline,0.9016763136134707,0.8924002104788394,0.8033526272269413,53,1255,1308
14,0.92,embedding_0.92,LogisticRegression,cleaned,0.8226950354609929,0.7171428571428571,0.6502205166879399,5,70,75
14,0.92,embedding_0.92,LogisticRegression,leaked-only,0.9087831222012854,0.9107946554149086,0.8176141186519883,48,1185,1233
14,0.93,embedding_0.93,RandomForest,baseline,0.5751642218436595,0.9700217995940766,0.2729537666417299,53,1255,1308
14,0.93,embedding_0.93,RandomForest,cleaned,0.48344370860927155,0.9794520547945206,0.0,5,73,78
14,0.93,embedding_0.93,RandomForest,leaked-only,0.5834487854437979,0.9692435138183869,0.2871773099399922,48,1182,1230
14,0.93,embedding_0.93,LogisticRegression,baseline,0.9016763136134707,0.8924002104788394,0.8033526272269413,53,1255,1308
14,0.93,embedding_0.93,LogisticRegression,cleaned,0.7863013698630137,0.7150684931506849,0.5726027397260274,5,73,78
14,0.93,embedding_0.93,LogisticRegression,leaked-only,0.9132825719120136,0.9108678793006205,0.8265651438240271,48,1182,1230
14,0.94,embedding_0.94,RandomForest,baseline,0.5751642218436595,0.9700217995940766,0.2729537666417299,53,1255,1308
14,0.94,embedding_0.94,RandomForest,cleaned,0.48466257668711654,0.981012658227848,0.0,5,79,84
14,0.94,embedding_0.94,RandomForest,leaked-only,0.5834029518240045,0.9693877551020408,0.2871401787558762,48,1176,1224
14,0.94,embedding_0.94,LogisticRegression,baseline,0.9016763136134707,0.8924002104788394,0.8033526272269413,53,1255,1308
14,0.94,embedding_0.94,LogisticRegression,cleaned,0.7873417721518987,0.7215189873417722,0.5746835443037974,5,79,84
14,0.94,embedding_0.94,LogisticRegression,leaked-only,0.9132653061224489,0.9107320011337869,0.826530612244898,48,1176,1224
14,0.95,embedding_0.95,RandomForest,baseline,0.5751642218436595,0.9700217995940766,0.2729537666417299,53,1255,1308
14,0.95,embedding_0.95,RandomForest,cleaned,0.48333333333333334,0.9741379310344828,0.0,6,87,93
14,0.95,embedding_0.95,RandomForest,leaked-only,0.5852946079170669,0.9691598659283008,0.29029823979382463,47,1168,1215
14,0.95,embedding_0.95,LogisticRegression,baseline,0.9016763136134707,0.8924002104788394,0.8033526272269413,53,1255,1308
14,0.95,embedding_0.95,LogisticRegression,cleaned,0.7932414406402846,0.7567049808429118,0.5886815744568006,6,87,93
14,0.95,embedding_0.95,LogisticRegression,leaked-only,0.9161455960909355,0.909355872923346,0.8323439887652279,47,1168,1215
14,0.96,embedding_0.96,RandomForest,baseline,0.5751642218436595,0.9700217995940766,0.2729537666417299,53,1255,1308
14,0.96,embedding_0.96,RandomForest,cleaned,0.4846938775510204,0.9666666666666667,0.0,6,95,101
14,0.96,embedding_0.96,RandomForest,leaked-only,0.5852333117562913,0.9694607483492297,0.29024805727854963,47,1160,1207
14,0.96,embedding_0.96,LogisticRegression,baseline,0.9016763136134707,0.8924002104788394,0.8033526272269413,53,1255,1308
14,0.96,embedding_0.96,LogisticRegression,cleaned,0.7697568389057751,0.7508771929824563,0.5466710836709211,6,95,101
14,0.96,embedding_0.96,LogisticRegression,leaked-only,0.9208984009287347,0.9102531181217902,0.8420148259283144,47,1160,1207
14,0.97,embedding_0.97,RandomForest,baseline,0.5751642218436595,0.9700217995940766,0.2729537666417299,53,1255,1308
14,0.97,embedding_0.97,RandomForest,cleaned,0.48214285714285715,0.9768518518518519,0.0,8,108,116
14,0.97,embedding_0.97,RandomForest,leaked-only,0.5892522461191935,0.9685265911072363,0.29689735655967614,45,1147,1192
14,0.97,embedding_0.97,LogisticRegression,baseline,0.9016763136134707,0.8924002104788394,0.8033526272269413,53,1255,1308
14,0.97,embedding_0.97,LogisticRegression,cleaned,0.7993575488015814,0.8101851851851851,0.6086333081321109,8,108,116
14,0.97,embedding_0.97,LogisticRegression,leaked-only,0.9224575783505722,0.9063644289450741,0.8454637169356346,45,1147,1192
14,0.98,embedding_0.98,RandomForest,baseline,0.5751642218436595,0.9700217995940766,0.2729537666417299,53,1255,1308
14,0.98,embedding_0.98,RandomForest,cleaned,0.4846335697399527,0.974108818011257,0.0,13,205,218
14,0.98,embedding_0.98,RandomForest,leaked-only,0.6002607880689459,0.9653571428571428,0.31522656664808624,40,1050,1090
14,0.98,embedding_0.98,LogisticRegression,baseline,0.9016763136134707,0.8924002104788394,0.8033526272269413,53,1255,1308
14,0.98,embedding_0.98,LogisticRegression,cleaned,0.8337710751503855,0.8326454033771107,0.6719278280526063,13,205,218
14,0.98,embedding_0.98,LogisticRegression,leaked-only,0.9259561171116093,0.9127857142857142,0.8526160457078942,40,1050,1090
14,0.99,embedding_0.99,RandomForest,baseline,0.5751642218436595,0.9700217995940766,0.2729537666417299,53,1255,1308
14,0.99,embedding_0.99,RandomForest,cleaned,0.4929078014184397,0.9875539568345324,0.0,20,695,715
14,0.99,embedding_0.99,RandomForest,leaked-only,0.6155634542731316,0.9416125541125541,0.34297581745819433,33,560,593
14,0.99,embedding_0.99,LogisticRegression,baseline,0.9016763136134707,0.8924002104788394,0.8033526272269413,53,1255,1308
14,0.99,embedding_0.99,LogisticRegression,cleaned,0.8367837890041967,0.8120143884892087,0.6737857541404916,20,695,715
14,0.99,embedding_0.99,LogisticRegression,leaked-only,0.943031633843409,0.9438311688311688,0.8861822240971752,33,560,593
14,1.0,embedding_1.0,RandomForest,baseline,0.5751642218436595,0.9700217995940766,0.2729537666417299,53,1255,1308
14,1.0,embedding_1.0,RandomForest,cleaned,0.5751642218436595,0.9700217995940766,0.2729537666417299,53,1255,1308
14,1.0,embedding_1.0,LogisticRegression,baseline,0.9016763136134707,0.8924002104788394,0.8033526272269413,53,1255,1308
14,1.0,embedding_1.0,LogisticRegression,cleaned,0.9016763136134707,0.8924002104788394,0.8033526272269413,53,1255,1308
15,0.9,embedding_0.9,RandomForest,baseline,0.5545933734939759,0.9954603417495537,0.25414770331943803,45,1307,1352
15,0.9,embedding_0.9,RandomForest,cleaned,1.0,nan,nan,0,84,84
15,0.9,embedding_0.9,RandomForest,leaked-only,0.5540594855305466,0.9954483510493323,0.25387640286463964,45,1223,1268
15,0.9,embedding_0.9,LogisticRegression,baseline,0.9157771303981385,0.993437048372014,0.8410186778191877,45,1307,1352
15,0.9,embedding_0.9,LogisticRegression,cleaned,0.48466257668711654,nan,nan,0,84,84
15,0.9,embedding_0.9,LogisticRegression,leaked-only,0.9375369458128079,0.9948033069864631,0.879902343315283,45,1223,1268
15,0.91,embedding_0.91,RandomForest,baseline,0.5545933734939759,0.9954603417495537,0.25414770331943803,45,1307,1352
15,0.91,embedding_0.91,RandomForest,cleaned,0.49714285714285716,1.0,0.0,1,87,88
15,0.91,embedding_0.91,RandomForest,leaked-only,0.5555669899748729,0.9954638599105813,0.2568364516033099,44,1220,1264
15,0.91,embedding_0.91,LogisticRegression,baseline,0.9157771303981385,0.993437048372014,0.8410186778191877,45,1307,1352
15,0.91,embedding_0.91,LogisticRegression,cleaned,0.6280642434488588,0.9655172413793104,0.3963434402199234,1,87,88
15,0.91,embedding_0.91,LogisticRegression,leaked-only,0.9363063744016125,0.9948397913561848,0.8776210575460242,44,1220,1264
15,0.92,embedding_0.92,RandomForest,baseline,0.5545933734939759,0.9954603417495537,0.25414770331943803,45,1307,1352
15,0.92,embedding_0.92,RandomForest,cleaned,0.49740932642487046,1.0,0.0,1,96,97
15,0.92,embedding_0.92,RandomForest,leaked-only,0.5555066041240141,0.9954864499662187,0.2568054263665924,44,1211,1255
15,0.92,embedding_0.92,LogisticRegression,baseline,0.9157771303981385,0.993437048372014,0.8410186778191877,45,1307,1352
15,0.92,embedding_0.92,LogisticRegression,cleaned,0.6294881588999236,0.96875,0.39747466725706065,1,96,97
15,0.92,embedding_0.92,LogisticRegression,leaked-only,0.9362879480150269,0.9948389760528489,0.8775872726216484,44,1211,1255
15,0.93,embedding_0.93,RandomForest,baseline,0.5545933734939759,0.9954603417495537,0.25414770331943803,45,1307,1352
15,0.93,embedding_0.93,RandomForest,cleaned,0.49504950495049505,1.0,0.0,2,100,102
15,0.93,embedding_0.93,RandomForest,leaked-only,0.5570674320541441,0.9955203175276006,0.2598644121285624,43,1207,1250
15,0.93,embedding_0.93,LogisticRegression,baseline,0.9157771303981385,0.993437048372014,0.8410186778191877,45,1307,1352
15,0.93,embedding_0.93,LogisticRegression,cleaned,0.7094017094017093,0.98,0.5209880722517277,2,100,102
15,0.93,embedding_0.93,LogisticRegression,leaked-only,0.935004159733777,0.9947399857420859,0.8752104274247946,43,1207,1250
15,0.94,embedding_0.94,RandomForest,baseline,0.5545933734939759,0.9954603417495537,0.25414770331943803,45,1307,1352
15,0.94,embedding_0.94,RandomForest,cleaned,0.4951923076923077,1.0,0.0,2,103,105
15,0.94,embedding_0.94,RandomForest,leaked-only,0.5570474566638249,0.9955091555280847,0.2598540277841138,43,1204,1247
15,0.94,embedding_0.94,LogisticRegression,baseline,0.9157771303981385,0.993437048372014,0.8410186778191877,45,1307,1352
15,0.94,embedding_0.94,LogisticRegression,cleaned,0.7097844112769486,0.9805825242718447,0.521387245906701,2,103,105
15,0.94,embedding_0.94,LogisticRegression,leaked-only,0.9349979149291077,0.9947461948543614,0.8751989974364681,43,1204,1247
15,0.95,embedding_0.95,RandomForest,baseline,0.5545933734939759,0.9954603417495537,0.25414770331943803,45,1307,1352
15,0.95,embedding_0.95,RandomForest,cleaned,0.4955357142857143,1.0,0.0,2,111,113
15,0.95,embedding_0.95,RandomForest,leaked-only,0.5569937070938215,0.9954791164346269,0.25982608769244736,43,1196,1239
15,0.95,embedding_0.95,LogisticRegression,baseline,0.9157771303981385,0.993437048372014,0.8410186778191877,45,1307,1352
15,0.95,embedding_0.95,LogisticRegression,cleaned,0.7107014848950333,0.981981981981982,0.5223449749392377,2,111,113
15,0.95,embedding_0.95,LogisticRegression,leaked-only,0.9349811083123425,0.9947499416660185,0.8751682364225535,43,1196,1239
15,0.96,embedding_0.96,RandomForest,baseline,0.5545933734939759,0.9954603417495537,0.25414770331943803,45,1307,1352
15,0.96,embedding_0.96,RandomForest,cleaned,0.4940239043824701,1.0,0.0,3,124,127
15,0.96,embedding_0.96,RandomForest,leaked-only,0.5585585585585586,0.9955218773900092,0.26296185307038883,42,1183,1225
15,0.96,embedding_0.96,LogisticRegression,baseline,0.9157771303981385,0.993437048372014,0.8410186778191877,45,1307,1352
15,0.96,embedding_0.96,LogisticRegression,cleaned,0.7624392068836513,0.989247311827957,0.5998991850786801,3,124,127
15,0.96,embedding_0.96,LogisticRegression,leaked-only,0.9336235234620525,0.9946262528680111,0.8726585407780931,42,1183,1225
15,0.97,embedding_0.97,RandomForest,baseline,0.5545933734939759,0.9954603417495537,0.25414770331943803,45,1307,1352
15,0.97,embedding_0.97,RandomForest,cleaned,0.4928571428571429,0.9927536231884059,0.0,4,138,142
15,0.97,embedding_0.97,RandomForest,leaked-only,0.5601851851851851,0.9957541363266499,0.26620874592912597,41,1169,1210
15,0.97,embedding_0.97,LogisticRegression,baseline,0.9157771303981385,0.993437048372014,0.8410186778191877,45,1307,1352
15,0.97,embedding_0.97,LogisticRegression,cleaned,0.7350746268656716,0.980072463768116,0.5603656501211943,4,138,142
15,0.97,embedding_0.97,LogisticRegression,leaked-only,0.9475077003166891,0.9960566671534978,0.898037607335436,41,1169,1210
15,0.98,embedding_0.98,RandomForest,baseline,0.5545933734939759,0.9954603417495537,0.25414770331943803,45,1307,1352
15,0.98,embedding_0.98,RandomForest,cleaned,0.49190283400809715,0.9969135802469136,0.0,8,243,251
15,0.98,embedding_0.98,RandomForest,leaked-only,0.5671369102682701,0.9954023572444625,0.28030407355645204,37,1064,1101
15,0.98,embedding_0.98,LogisticRegression,baseline,0.9157771303981385,0.993437048372014,0.8410186778191877,45,1307,1352
15,0.98,embedding_0.98,LogisticRegression,cleaned,0.810566037735849,0.9861111111111112,0.6731708857298684,8,243,251
15,0.98,embedding_0.98,LogisticRegression,leaked-only,0.948114985862394,0.9956563706563706,0.8989775592553905,37,1064,1101
15,0.99,embedding_0.99,RandomForest,baseline,0.5545933734939759,0.9954603417495537,0.25414770331943803,45,1307,1352
15,0.99,embedding_0.99,RandomForest,cleaned,0.4951856946354883,0.9963293650793651,0.0,14,720,734
15,0.99,embedding_0.99,RandomForest,leaked-only,0.5765880395419399,0.9931856899488927,0.3039213944504741,31,587,618
15,0.99,embedding_0.99,LogisticRegression,baseline,0.9157771303981385,0.993437048372014,0.8410186778191877,45,1307,1352
15,0.99,embedding_0.99,LogisticRegression,cleaned,0.8457983193277311,0.9931547619047619,0.727658697115055,14,720,734
15,0.99,embedding_0.99,LogisticRegression,leaked-only,0.9594035341259937,0.9947793592350388,0.9199086327142326,31,587,618
15,1.0,embedding_1.0,RandomForest,baseline,0.5545933734939759,0.9954603417495537,0.25414770331943803,45,1307,1352
15,1.0,embedding_1.0,RandomForest,cleaned,0.5545933734939759,0.9954603417495537,0.25414770331943803,45,1307,1352
15,1.0,embedding_1.0,LogisticRegression,baseline,0.9157771303981385,0.993437048372014,0.8410186778191877,45,1307,1352
15,1.0,embedding_1.0,LogisticRegression,cleaned,0.9157771303981385,0.993437048372014,0.8410186778191877,45,1307,1352
