pair,threshold,leakage_method,classifier,subset,f1_macro,auc,mcc,support_buggy,support_clean,total
1,0.9,embedding_0.9,RandomForest,baseline,0.8220989814022159,0.9729507464020738,0.6508529575989482,113,990,1103
1,0.9,embedding_0.9,RandomForest,cleaned,0.4861111111111111,0.5875,0.0,4,70,74
1,0.9,embedding_0.9,RandomForest,leaked-only,0.8287886268230878,0.9753290785799761,0.6625975081047437,109,920,1029
1,0.9,embedding_0.9,LogisticRegression,baseline,0.6748788396021415,0.8842316975060338,0.44106158306095766,113,990,1103
1,0.9,embedding_0.9,LogisticRegression,cleaned,0.3758832915431958,0.5392857142857143,0.0,4,70,74
1,0.9,embedding_0.9,LogisticRegression,leaked-only,0.7029561347743165,0.9038392500997208,0.48265280341855826,109,920,1029
1,0.91,embedding_0.91,RandomForest,baseline,0.8220989814022159,0.9729507464020738,0.6508529575989482,113,990,1103
1,0.91,embedding_0.91,RandomForest,cleaned,0.48344370860927155,0.6589041095890412,0.0,5,73,78
1,0.91,embedding_0.91,RandomForest,leaked-only,0.8307575457367413,0.9755139545215881,0.666131477579636,108,917,1025
1,0.91,embedding_0.91,LogisticRegression,baseline,0.6748788396021415,0.8842316975060338,0.44106158306095766,113,990,1103
1,0.91,embedding_0.91,LogisticRegression,cleaned,0.383399209486166,0.5780821917808219,0.03897254572639873,5,73,78
1,0.91,embedding_0.91,LogisticRegression,leaked-only,0.7045228796067663,0.9043580112282402,0.48441064871012973,108,917,1025
1,0.92,embedding_0.92,RandomForest,baseline,0.8220989814022159,0.9729507464020738,0.6508529575989482,113,990,1103
1,0.92,embedding_0.92,RandomForest,cleaned,0.48427672955974843,0.6558441558441558,0.0,5,77,82
1,0.92,embedding_0.92,RandomForest,leaked-only,0.8306874212306807,0.9755942963774289,0.6659956167731537,108,913,1021
1,0.92,embedding_0.92,LogisticRegression,baseline,0.6748788396021415,0.8842316975060338,0.44106158306095766,113,990,1103
1,0.92,embedding_0.92,LogisticRegression,cleaned,0.38146551724137934,0.5818181818181819,0.038580228700379436,5,77,82
1,0.92,embedding_0.92,LogisticRegression,leaked-only,0.7063677696597928,0.9050342785282544,0.4869433232924757,108,913,1021
1,0.93,embedding_0.93,RandomForest,baseline,0.8220989814022159,0.9729507464020738,0.6508529575989482,113,990,1103
1,0.93,embedding_0.93,RandomForest,cleaned,0.4853801169590643,0.6240963855421687,0.0,5,83,88
1,0.93,embedding_0.93,RandomForest,leaked-only,0.8305810873967907,0.9760555759728857,0.6657896057094708,108,907,1015
1,0.93,embedding_0.93,LogisticRegression,baseline,0.6748788396021415,0.8842316975060338,0.44106158306095766,113,990,1103
1,0.93,embedding_0.93,LogisticRegression,cleaned,0.37220843672456577,0.5759036144578313,0.032428965315526054,5,83,88
1,0.93,embedding_0.93,LogisticRegression,leaked-only,0.7102356325625316,0.9066519661889011,0.4922797895320593,108,907,1015
1,0.94,embedding_0.94,RandomForest,baseline,0.8220989814022159,0.9729507464020738,0.6508529575989482,113,990,1103
1,0.94,embedding_0.94,RandomForest,cleaned,0.48404255319148937,0.6547619047619048,0.0,6,91,97
1,0.94,embedding_0.94,RandomForest,leaked-only,0.8324823956084275,0.9765107648165667,0.6692042784282939,107,899,1006
1,0.94,embedding_0.94,LogisticRegression,baseline,0.6748788396021415,0.8842316975060338,0.44106158306095766,113,990,1103
1,0.94,embedding_0.94,LogisticRegression,cleaned,0.3789077212806026,0.6446886446886447,0.06203509413998401,6,91,97
1,0.94,embedding_0.94,LogisticRegression,leaked-only,0.7137860924716708,0.9079350888318276,0.4968186222241855,107,899,1006
1,0.95,embedding_0.95,RandomForest,baseline,0.8220989814022159,0.9729507464020738,0.6508529575989482,113,990,1103
1,0.95,embedding_0.95,RandomForest,cleaned,0.48,0.6490885416666666,0.0,8,96,104
1,0.95,embedding_0.95,RandomForest,leaked-only,0.836542132533406,0.9772983913923511,0.6765734875616337,105,894,999
1,0.95,embedding_0.95,LogisticRegression,baseline,0.6748788396021415,0.8842316975060338,0.44106158306095766,113,990,1103
1,0.95,embedding_0.95,LogisticRegression,cleaned,0.38461538461538464,0.6171875,0.04461829876068365,8,96,104
1,0.95,embedding_0.95,LogisticRegression,leaked-only,0.716454977648478,0.913241717268563,0.5025006725604679,105,894,999
1,0.96,embedding_0.96,RandomForest,baseline,0.8220989814022159,0.9729507464020738,0.6508529575989482,113,990,1103
1,0.96,embedding_0.96,RandomForest,cleaned,0.47706422018348627,0.6644230769230769,0.0,10,104,114
1,0.96,embedding_0.96,RandomForest,leaked-only,0.8406320224307609,0.9777937276731904,0.6840600460654063,103,886,989
1,0.96,embedding_0.96,LogisticRegression,baseline,0.6748788396021415,0.8842316975060338,0.44106158306095766,113,990,1103
1,0.96,embedding_0.96,LogisticRegression,cleaned,0.4021699819168174,0.6048076923076923,0.04576043153224294,10,104,114
1,0.96,embedding_0.96,LogisticRegression,leaked-only,0.7178931877435707,0.9170812421924653,0.5065239356268421,103,886,989
1,0.97,embedding_0.97,RandomForest,baseline,0.8220989814022159,0.9729507464020738,0.6508529575989482,113,990,1103
1,0.97,embedding_0.97,RandomForest,cleaned,0.4797047970479705,0.7230769230769231,0.0,11,130,141
1,0.97,embedding_0.97,RandomForest,leaked-only,0.8423238025860499,0.9778955768353853,0.68713273874442,102,860,962
1,0.97,embedding_0.97,LogisticRegression,baseline,0.6748788396021415,0.8842316975060338,0.44106158306095766,113,990,1103
1,0.97,embedding_0.97,LogisticRegression,cleaned,0.4416198262646909,0.6454545454545455,0.10233811442162233,11,130,141
1,0.97,embedding_0.97,LogisticRegression,leaked-only,0.7195148212022753,0.9175558595531236,0.508373997858002,102,860,962
1,0.98,embedding_0.98,RandomForest,baseline,0.8220989814022159,0.9729507464020738,0.6508529575989482,113,990,1103
1,0.98,embedding_0.98,RandomForest,cleaned,0.6366412213740458,0.8955017301038063,0.4090064123619089,17,255,272
1,0.98,embedding_0.98,RandomForest,leaked-only,0.8418979262182862,0.9748157596371883,0.685533267632388,96,735,831
1,0.98,embedding_0.98,LogisticRegression,baseline,0.6748788396021415,0.8842316975060338,0.44106158306095766,113,990,1103
1,0.98,embedding_0.98,LogisticRegression,cleaned,0.5369424582907729,0.7803921568627451,0.22754292104063334,17,255,272
1,0.98,embedding_0.98,LogisticRegression,leaked-only,0.7196194111863035,0.9103458049886621,0.5088628738062067,96,735,831
1,0.99,embedding_0.99,RandomForest,baseline,0.8220989814022159,0.9729507464020738,0.6508529575989482,113,990,1103
1,0.99,embedding_0.99,RandomForest,cleaned,0.7409414322419132,0.9713898184768279,0.5165816555817428,57,692,749
1,0.99,embedding_0.99,RandomForest,leaked-only,0.8806070826306914,0.9579937679769894,0.761615077559689,56,298,354
1,0.99,embedding_0.99,LogisticRegression,baseline,0.6748788396021415,0.8842316975060338,0.44106158306095766,113,990,1103
1,0.99,embedding_0.99,LogisticRegression,cleaned,0.6316032706470323,0.8657844032045432,0.37425873428144263,57,692,749
1,0.99,embedding_0.99,LogisticRegression,leaked-only,0.7381187230989956,0.901186481303931,0.5365621005975011,56,298,354
1,1.0,embedding_1.0,RandomForest,baseline,0.8220989814022159,0.9729507464020738,0.6508529575989482,113,990,1103
1,1.0,embedding_1.0,RandomForest,cleaned,0.8220989814022159,0.9729507464020738,0.6508529575989482,113,990,1103
1,1.0,embedding_1.0,LogisticRegression,baseline,0.6748788396021415,0.8842316975060338,0.44106158306095766,113,990,1103
1,1.0,embedding_1.0,LogisticRegression,cleaned,0.6748788396021415,0.8842316975060338,0.44106158306095766,113,990,1103
2,0.9,embedding_0.9,RandomForest,baseline,0.9084221836515414,0.98548071638703,0.8297711113720291,126,982,1108
2,0.9,embedding_0.9,RandomForest,cleaned,0.4,0.6887755102040816,0.0,7,14,21
2,0.9,embedding_0.9,RandomForest,leaked-only,0.9238929677710632,0.9883976317799846,0.8566689806408829,119,968,1087
2,0.9,embedding_0.9,LogisticRegression,baseline,0.7158974358974359,0.9145895968706559,0.5110568871583229,126,982,1108
2,0.9,embedding_0.9,LogisticRegression,cleaned,0.6370370370370371,0.7142857142857143,0.2773500981126146,7,14,21
2,0.9,embedding_0.9,LogisticRegression,leaked-only,0.7171552224908682,0.9265226751857768,0.5184504499701884,119,968,1087
2,0.91,embedding_0.91,RandomForest,baseline,0.9084221836515414,0.98548071638703,0.8297711113720291,126,982,1108
2,0.91,embedding_0.91,RandomForest,cleaned,0.38461538461538464,0.6518518518518518,0.0,9,15,24
2,0.91,embedding_0.91,RandomForest,leaked-only,0.9285154275079317,0.9896012869125588,0.8648367390956653,117,967,1084
2,0.91,embedding_0.91,LogisticRegression,baseline,0.7158974358974359,0.9145895968706559,0.5110568871583229,126,982,1108
2,0.91,embedding_0.91,LogisticRegression,cleaned,0.6444444444444444,0.6962962962962963,0.28888888888888886,9,15,24
2,0.91,embedding_0.91,LogisticRegression,leaked-only,0.7168668199755841,0.9314471579207877,0.5201653360272822,117,967,1084
2,0.92,embedding_0.92,RandomForest,baseline,0.9084221836515414,0.98548071638703,0.8297711113720291,126,982,1108
2,0.92,embedding_0.92,RandomForest,cleaned,0.36585365853658536,0.6909090909090908,0.0,11,15,26
2,0.92,embedding_0.92,RandomForest,leaked-only,0.933226199027892,0.9899195180072838,0.8732252069021305,115,967,1082
2,0.92,embedding_0.92,LogisticRegression,baseline,0.7158974358974359,0.9145895968706559,0.5110568871583229,126,982,1108
2,0.92,embedding_0.92,LogisticRegression,cleaned,0.6405529953917051,0.7272727272727273,0.28311042925246527,11,15,26
2,0.92,embedding_0.92,LogisticRegression,leaked-only,0.7166302924487123,0.9318645744346027,0.5220155932066769,115,967,1082
2,0.93,embedding_0.93,RandomForest,baseline,0.9084221836515414,0.98548071638703,0.8297711113720291,126,982,1108
2,0.93,embedding_0.93,RandomForest,cleaned,0.37209302325581395,0.7102272727272727,0.0,11,16,27
2,0.93,embedding_0.93,RandomForest,leaked-only,0.9332196646774652,0.9899090827257179,0.8732135236648266,115,966,1081
2,0.93,embedding_0.93,LogisticRegression,baseline,0.7158974358974359,0.9145895968706559,0.5110568871583229,126,982,1108
2,0.93,embedding_0.93,LogisticRegression,cleaned,0.6493506493506493,0.7215909090909092,0.3006232385408722,11,16,27
2,0.93,embedding_0.93,LogisticRegression,leaked-only,0.7165717478670134,0.9318210459987398,0.5219400951902521,115,966,1081
2,0.94,embedding_0.94,RandomForest,baseline,0.9084221836515414,0.98548071638703,0.8297711113720291,126,982,1108
2,0.94,embedding_0.94,RandomForest,cleaned,0.38,0.7236842105263157,0.0,12,19,31
2,0.94,embedding_0.94,RandomForest,leaked-only,0.9355874085444869,0.9906268787232879,0.8774547889126444,114,963,1077
2,0.94,embedding_0.94,LogisticRegression,baseline,0.7158974358974359,0.9145895968706559,0.5110568871583229,126,982,1108
2,0.94,embedding_0.94,LogisticRegression,cleaned,0.6600877192982456,0.7280701754385965,0.3201754385964912,12,19,31
2,0.94,embedding_0.94,LogisticRegression,leaked-only,0.7162112858764391,0.9319742762930171,0.5212255535579742,114,963,1077
2,0.95,embedding_0.95,RandomForest,baseline,0.9084221836515414,0.98548071638703,0.8297711113720291,126,982,1108
2,0.95,embedding_0.95,RandomForest,cleaned,0.3898305084745763,0.7424749163879599,0.0,13,23,36
2,0.95,embedding_0.95,RandomForest,leaked-only,0.9379715468119096,0.9910212518571151,0.8817425793161852,113,959,1072
2,0.95,embedding_0.95,LogisticRegression,baseline,0.7158974358974359,0.9145895968706559,0.5110568871583229,126,982,1108
2,0.95,embedding_0.95,LogisticRegression,cleaned,0.674074074074074,0.7357859531772575,0.3492970460170719,13,23,36
2,0.95,embedding_0.95,LogisticRegression,leaked-only,0.7157852335230227,0.9315843384056033,0.5204223567080869,113,959,1072
2,0.96,embedding_0.96,RandomForest,baseline,0.9084221836515414,0.98548071638703,0.8297711113720291,126,982,1108
2,0.96,embedding_0.96,RandomForest,cleaned,0.4,0.7933673469387755,0.0,14,28,42
2,0.96,embedding_0.96,RandomForest,leaked-only,0.9403730371816776,0.9910339922132374,0.886079165167168,112,954,1066
2,0.96,embedding_0.96,LogisticRegression,baseline,0.7158974358974359,0.9145895968706559,0.5110568871583229,126,982,1108
2,0.96,embedding_0.96,LogisticRegression,cleaned,0.6676810712111991,0.739795918367347,0.3429971702850177,14,28,42
2,0.96,embedding_0.96,LogisticRegression,leaked-only,0.7163017863647514,0.931510182689428,0.5208884004448897,112,954,1066
2,0.97,embedding_0.97,RandomForest,baseline,0.9084221836515414,0.98548071638703,0.8297711113720291,126,982,1108
2,0.97,embedding_0.97,RandomForest,cleaned,0.44776119402985076,0.8994047619047619,0.0,14,60,74
2,0.97,embedding_0.97,RandomForest,leaked-only,0.940177143818901,0.9908244886891849,0.8857238792680889,112,922,1034
2,0.97,embedding_0.97,LogisticRegression,baseline,0.7158974358974359,0.9145895968706559,0.5110568871583229,126,982,1108
2,0.97,embedding_0.97,LogisticRegression,cleaned,0.7075098814229248,0.7880952380952382,0.4269354359670708,14,60,74
2,0.97,embedding_0.97,LogisticRegression,leaked-only,0.7164072487235708,0.9298303377750233,0.5211329355416773,112,922,1034
2,0.98,embedding_0.98,RandomForest,baseline,0.9084221836515414,0.98548071638703,0.8297711113720291,126,982,1108
2,0.98,embedding_0.98,RandomForest,cleaned,0.5630081300813008,0.9715909090909091,0.28949407279220446,22,236,258
2,0.98,embedding_0.98,RandomForest,leaked-only,0.9534508016045782,0.9888830171169314,0.9099842691741676,104,746,850
2,0.98,embedding_0.98,LogisticRegression,baseline,0.7158974358974359,0.9145895968706559,0.5110568871583229,126,982,1108
2,0.98,embedding_0.98,LogisticRegression,cleaned,0.6826779244091348,0.8418721109399075,0.40825272031342086,22,236,258
2,0.98,embedding_0.98,LogisticRegression,leaked-only,0.7205720478728481,0.9268148071767374,0.5312505669809029,104,746,850
2,0.99,embedding_0.99,RandomForest,baseline,0.9084221836515414,0.98548071638703,0.8297711113720291,126,982,1108
2,0.99,embedding_0.99,RandomForest,cleaned,0.849118771354149,0.9897290209790209,0.7287789141318659,65,704,769
2,0.99,embedding_0.99,RandomForest,leaked-only,0.9633485211213222,0.9794492275032433,0.9292486318766866,61,278,339
2,0.99,embedding_0.99,LogisticRegression,baseline,0.7158974358974359,0.9145895968706559,0.5110568871583229,126,982,1108
2,0.99,embedding_0.99,LogisticRegression,cleaned,0.701443359891705,0.9060533216783216,0.47446089754957993,65,704,769
2,0.99,embedding_0.99,LogisticRegression,leaked-only,0.71565535913362,0.9042339898572944,0.5322648436055807,61,278,339
2,1.0,embedding_1.0,RandomForest,baseline,0.9084221836515414,0.98548071638703,0.8297711113720291,126,982,1108
2,1.0,embedding_1.0,RandomForest,cleaned,0.9084221836515414,0.98548071638703,0.8297711113720291,126,982,1108
2,1.0,embedding_1.0,LogisticRegression,baseline,0.7158974358974359,0.9145895968706559,0.5110568871583229,126,982,1108
2,1.0,embedding_1.0,LogisticRegression,cleaned,0.7158974358974359,0.9145895968706559,0.5110568871583229,126,982,1108
3,0.9,embedding_0.9,RandomForest,baseline,0.9204662177585026,0.9809945164506481,0.844068421262887,112,1003,1115
3,0.9,embedding_0.9,RandomForest,cleaned,0.46296296296296297,0.9199999999999999,0.0,4,25,29
3,0.9,embedding_0.9,RandomForest,leaked-only,0.929668818747011,0.9817844429296372,0.861203562558047,108,978,1086
3,0.9,embedding_0.9,LogisticRegression,baseline,0.7186787716544861,0.9359243697478992,0.5186211656400231,112,1003,1115
3,0.9,embedding_0.9,LogisticRegression,cleaned,0.6852713178294574,0.89,0.5116817192534651,4,25,29
3,0.9,embedding_0.9,LogisticRegression,leaked-only,0.7194702421472333,0.9370029538741195,0.5186174760564285,108,978,1086
3,0.91,embedding_0.91,RandomForest,baseline,0.9204662177585026,0.9809945164506481,0.844068421262887,112,1003,1115
3,0.91,embedding_0.91,RandomForest,cleaned,0.45901639344262296,0.8999999999999999,0.0,5,28,33
3,0.91,embedding_0.91,RandomForest,leaked-only,0.932049346493068,0.9819554277498204,0.8656881227823713,107,975,1082
3,0.91,embedding_0.91,LogisticRegression,baseline,0.7186787716544861,0.9359243697478992,0.5186211656400231,112,1003,1115
3,0.91,embedding_0.91,LogisticRegression,cleaned,0.6413043478260869,0.8285714285714285,0.4629100498862757,5,28,33
3,0.91,embedding_0.91,LogisticRegression,leaked-only,0.7211490829404548,0.9387395159357776,0.5206405671661473,107,975,1082
3,0.92,embedding_0.92,RandomForest,baseline,0.9204662177585026,0.9809945164506481,0.844068421262887,112,1003,1115
3,0.92,embedding_0.92,RandomForest,cleaned,0.45901639344262296,0.8999999999999999,0.0,5,28,33
3,0.92,embedding_0.92,RandomForest,leaked-only,0.932049346493068,0.9819554277498204,0.8656881227823713,107,975,1082
3,0.92,embedding_0.92,LogisticRegression,baseline,0.7186787716544861,0.9359243697478992,0.5186211656400231,112,1003,1115
3,0.92,embedding_0.92,LogisticRegression,cleaned,0.6413043478260869,0.8285714285714285,0.4629100498862757,5,28,33
3,0.92,embedding_0.92,LogisticRegression,leaked-only,0.7211490829404548,0.9387395159357776,0.5206405671661473,107,975,1082
3,0.93,embedding_0.93,RandomForest,baseline,0.9204662177585026,0.9809945164506481,0.844068421262887,112,1003,1115
3,0.93,embedding_0.93,RandomForest,cleaned,0.4583333333333333,0.9040404040404041,0.0,6,33,39
3,0.93,embedding_0.93,RandomForest,leaked-only,0.9344402132520944,0.9820803345652597,0.8702127134637511,106,970,1076
3,0.93,embedding_0.93,LogisticRegression,baseline,0.7186787716544861,0.9359243697478992,0.5186211656400231,112,1003,1115
3,0.93,embedding_0.93,LogisticRegression,cleaned,0.6173584905660378,0.787878787878788,0.4374786392598071,6,33,39
3,0.93,embedding_0.93,LogisticRegression,leaked-only,0.7227553527774112,0.9404298774557479,0.5225706697549979,106,970,1076
3,0.94,embedding_0.94,RandomForest,baseline,0.9204662177585026,0.9809945164506481,0.844068421262887,112,1003,1115
3,0.94,embedding_0.94,RandomForest,cleaned,0.4605263157894737,0.9095238095238095,0.0,6,35,41
3,0.94,embedding_0.94,RandomForest,leaked-only,0.9344275640308122,0.9821212770934039,0.8701879532000133,106,968,1074
3,0.94,embedding_0.94,LogisticRegression,baseline,0.7186787716544861,0.9359243697478992,0.5186211656400231,112,1003,1115
3,0.94,embedding_0.94,LogisticRegression,cleaned,0.6259649122807017,0.8,0.4455291691926621,6,35,41
3,0.94,embedding_0.94,LogisticRegression,leaked-only,0.7226536666477713,0.9403067986901607,0.5224326289297841,106,968,1074
3,0.95,embedding_0.95,RandomForest,baseline,0.9204662177585026,0.9809945164506481,0.844068421262887,112,1003,1115
3,0.95,embedding_0.95,RandomForest,cleaned,0.4482758620689655,0.913105413105413,0.0,9,39,48
3,0.95,embedding_0.95,RandomForest,leaked-only,0.9418098243153753,0.9821032913024211,0.8842999429360192,103,964,1067
3,0.95,embedding_0.95,LogisticRegression,baseline,0.7186787716544861,0.9359243697478992,0.5186211656400231,112,1003,1115
3,0.95,embedding_0.95,LogisticRegression,cleaned,0.625,0.7863247863247863,0.3939905323435649,9,39,48
3,0.95,embedding_0.95,LogisticRegression,leaked-only,0.7229639616248635,0.9418583571687548,0.5247595934583758,103,964,1067
3,0.96,embedding_0.96,RandomForest,baseline,0.9204662177585026,0.9809945164506481,0.844068421262887,112,1003,1115
3,0.96,embedding_0.96,RandomForest,cleaned,0.4519230769230769,0.9276595744680851,0.0,10,47,57
3,0.96,embedding_0.96,RandomForest,leaked-only,0.9442811851570976,0.9820124702600705,0.8890698127046754,102,956,1058
3,0.96,embedding_0.96,LogisticRegression,baseline,0.7186787716544861,0.9359243697478992,0.5186211656400231,112,1003,1115
3,0.96,embedding_0.96,LogisticRegression,cleaned,0.6495479204339963,0.825531914893617,0.4289057080326382,10,47,57
3,0.96,embedding_0.96,LogisticRegression,leaked-only,0.7222951336028138,0.9411251948478137,0.5235591812573653,102,956,1058
3,0.97,embedding_0.97,RandomForest,baseline,0.9204662177585026,0.9809945164506481,0.844068421262887,112,1003,1115
3,0.97,embedding_0.97,RandomForest,cleaned,0.47619047619047616,0.962,0.0,10,100,110
3,0.97,embedding_0.97,RandomForest,leaked-only,0.94397618569804,0.9813530063188066,0.8884656020564851,102,903,1005
3,0.97,embedding_0.97,LogisticRegression,baseline,0.7186787716544861,0.9359243697478992,0.5186211656400231,112,1003,1115
3,0.97,embedding_0.97,LogisticRegression,cleaned,0.6818970503181029,0.903,0.4685677636467535,10,100,110
3,0.97,embedding_0.97,LogisticRegression,leaked-only,0.7227605692206863,0.9391136299481033,0.5242941463469202,102,903,1005
3,0.98,embedding_0.98,RandomForest,baseline,0.9204662177585026,0.9809945164506481,0.844068421262887,112,1003,1115
3,0.98,embedding_0.98,RandomForest,cleaned,0.6791929382093317,0.9808333333333332,0.3951350660598316,18,300,318
3,0.98,embedding_0.98,RandomForest,leaked-only,0.9565809544563086,0.9777322114948095,0.9138069503116665,94,703,797
3,0.98,embedding_0.98,LogisticRegression,baseline,0.7186787716544861,0.9359243697478992,0.5186211656400231,112,1003,1115
3,0.98,embedding_0.98,LogisticRegression,cleaned,0.6667433479027682,0.935,0.41212498707222134,18,300,318
3,0.98,embedding_0.98,LogisticRegression,leaked-only,0.7276856597326902,0.9347023395175691,0.5384552906877776,94,703,797
3,0.99,embedding_0.99,RandomForest,baseline,0.9204662177585026,0.9809945164506481,0.844068421262887,112,1003,1115
3,0.99,embedding_0.99,RandomForest,cleaned,0.8748623044723507,0.9813748206995476,0.7558761225669497,57,795,852
3,0.99,embedding_0.99,RandomForest,leaked-only,0.9645552560646901,0.9745192307692309,0.930174574452981,55,208,263
3,0.99,embedding_0.99,LogisticRegression,baseline,0.7186787716544861,0.9359243697478992,0.5186211656400231,112,1003,1115
3,0.99,embedding_0.99,LogisticRegression,cleaned,0.6832961094538241,0.9329361138695796,0.45240276269442137,57,795,852
3,0.99,embedding_0.99,LogisticRegression,leaked-only,0.743060234469748,0.9255244755244756,0.5732612863607763,55,208,263
3,1.0,embedding_1.0,RandomForest,baseline,0.9204662177585026,0.9809945164506481,0.844068421262887,112,1003,1115
3,1.0,embedding_1.0,RandomForest,cleaned,0.9204662177585026,0.9809945164506481,0.844068421262887,112,1003,1115
3,1.0,embedding_1.0,LogisticRegression,baseline,0.7186787716544861,0.9359243697478992,0.5186211656400231,112,1003,1115
3,1.0,embedding_1.0,LogisticRegression,cleaned,0.7186787716544861,0.9359243697478992,0.5186211656400231,112,1003,1115
4,0.9,embedding_0.9,RandomForest,baseline,0.8792237442922375,0.9484217601140155,0.773028395984535,123,1004,1127
4,0.9,embedding_0.9,RandomForest,cleaned,0.4387755102040816,0.8197674418604651,0.0,12,43,55
4,0.9,embedding_0.9,RandomForest,leaked-only,0.9054055456933154,0.9500989022320967,0.8184021673710812,111,961,1072
4,0.9,embedding_0.9,LogisticRegression,baseline,0.721628595311425,0.9024552197713211,0.5040638183516348,123,1004,1127
4,0.9,embedding_0.9,LogisticRegression,cleaned,0.6333333333333333,0.7538759689922481,0.2882867878740898,12,43,55
4,0.9,embedding_0.9,LogisticRegression,leaked-only,0.7270077172137046,0.9170627443260118,0.5195523409707735,111,961,1072
4,0.91,embedding_0.91,RandomForest,baseline,0.8792237442922375,0.9484217601140155,0.773028395984535,123,1004,1127
4,0.91,embedding_0.91,RandomForest,cleaned,0.4326923076923077,0.7841269841269841,0.0,14,45,59
4,0.91,embedding_0.91,RandomForest,leaked-only,0.9101199242583631,0.9506079536214138,0.8267903981280275,109,959,1068
4,0.91,embedding_0.91,LogisticRegression,baseline,0.721628595311425,0.9024552197713211,0.5040638183516348,123,1004,1127
4,0.91,embedding_0.91,LogisticRegression,cleaned,0.6547332185886403,0.7492063492063492,0.3342540095926307,14,45,59
4,0.91,embedding_0.91,LogisticRegression,leaked-only,0.725372213222248,0.9181773827859678,0.5165705348544661,109,959,1068
4,0.92,embedding_0.92,RandomForest,baseline,0.8792237442922375,0.9484217601140155,0.773028395984535,123,1004,1127
4,0.92,embedding_0.92,RandomForest,cleaned,0.43859649122807015,0.7828571428571428,0.0,14,50,64
4,0.92,embedding_0.92,RandomForest,leaked-only,0.910077191498361,0.9508058777143078,0.8267115735088569,109,954,1063
4,0.92,embedding_0.92,LogisticRegression,baseline,0.721628595311425,0.9024552197713211,0.5040638183516348,123,1004,1127
4,0.92,embedding_0.92,LogisticRegression,cleaned,0.6257309941520468,0.7342857142857142,0.2927700218845599,14,50,64
4,0.92,embedding_0.92,LogisticRegression,leaked-only,0.7283874065213323,0.9195949454734291,0.5208300176098398,109,954,1063
4,0.93,embedding_0.93,RandomForest,baseline,0.8792237442922375,0.9484217601140155,0.773028395984535,123,1004,1127
4,0.93,embedding_0.93,RandomForest,cleaned,0.4369747899159664,0.7846153846153847,0.0,15,52,67
4,0.93,embedding_0.93,RandomForest,leaked-only,0.9124608724608725,0.9506010737628385,0.83097847535881,108,952,1060
4,0.93,embedding_0.93,LogisticRegression,baseline,0.721628595311425,0.9024552197713211,0.5040638183516348,123,1004,1127
4,0.93,embedding_0.93,LogisticRegression,cleaned,0.6309992132179386,0.7435897435897436,0.30706627996810826,15,52,67
4,0.93,embedding_0.93,LogisticRegression,leaked-only,0.7280603082509423,0.9193316215375038,0.5200236160488463,108,952,1060
4,0.94,embedding_0.94,RandomForest,baseline,0.8792237442922375,0.9484217601140155,0.773028395984535,123,1004,1127
4,0.94,embedding_0.94,RandomForest,cleaned,0.44366197183098594,0.7589285714285714,0.0,16,63,79
4,0.94,embedding_0.94,RandomForest,leaked-only,0.9147939770399037,0.9516124226563509,0.8351679164562636,107,941,1048
4,0.94,embedding_0.94,LogisticRegression,baseline,0.721628595311425,0.9024552197713211,0.5040638183516348,123,1004,1127
4,0.94,embedding_0.94,LogisticRegression,cleaned,0.6220095693779905,0.7470238095238095,0.28505701710570197,16,63,79
4,0.94,embedding_0.94,LogisticRegression,leaked-only,0.7307961579724087,0.9205756453166745,0.5261384767738391,107,941,1048
4,0.95,embedding_0.95,RandomForest,baseline,0.8792237442922375,0.9484217601140155,0.773028395984535,123,1004,1127
4,0.95,embedding_0.95,RandomForest,cleaned,0.43870967741935485,0.7697368421052632,0.0,19,68,87
4,0.95,embedding_0.95,RandomForest,leaked-only,0.9221727332947154,0.9512091140696911,0.8485484476547257,104,936,1040
4,0.95,embedding_0.95,LogisticRegression,baseline,0.721628595311425,0.9024552197713211,0.5040638183516348,123,1004,1127
4,0.95,embedding_0.95,LogisticRegression,cleaned,0.6259920634920635,0.7616099071207431,0.2754113163776218,19,68,87
4,0.95,embedding_0.95,LogisticRegression,leaked-only,0.7313603900269426,0.9215565417488495,0.5312729649989034,104,936,1040
4,0.96,embedding_0.96,RandomForest,baseline,0.8792237442922375,0.9484217601140155,0.773028395984535,123,1004,1127
4,0.96,embedding_0.96,RandomForest,cleaned,0.47104580812445984,0.7896103896103895,0.1746283181644675,25,77,102
4,0.96,embedding_0.96,RandomForest,leaked-only,0.9343224288177454,0.9500473328489971,0.8709363872585512,98,927,1025
4,0.96,embedding_0.96,LogisticRegression,baseline,0.721628595311425,0.9024552197713211,0.5040638183516348,123,1004,1127
4,0.96,embedding_0.96,LogisticRegression,cleaned,0.6458333333333333,0.7735064935064935,0.30828650166492433,25,77,102
4,0.96,embedding_0.96,LogisticRegression,leaked-only,0.7298864689568876,0.9254782819276578,0.532938018308703,98,927,1025
4,0.97,embedding_0.97,RandomForest,baseline,0.8792237442922375,0.9484217601140155,0.773028395984535,123,1004,1127
4,0.97,embedding_0.97,RandomForest,cleaned,0.4950892857142857,0.8567649281934996,0.1774000482962646,27,147,174
4,0.97,embedding_0.97,RandomForest,leaked-only,0.939254481017822,0.9518365908206924,0.8801720594436456,96,857,953
4,0.97,embedding_0.97,LogisticRegression,baseline,0.721628595311425,0.9024552197713211,0.5040638183516348,123,1004,1127
4,0.97,embedding_0.97,LogisticRegression,cleaned,0.6836527972572853,0.8198538674729152,0.388841557243993,27,147,174
4,0.97,embedding_0.97,LogisticRegression,leaked-only,0.7292873603687227,0.9239838584208478,0.5315515955838259,96,857,953
4,0.98,embedding_0.98,RandomForest,baseline,0.8792237442922375,0.9484217601140155,0.773028395984535,123,1004,1127
4,0.98,embedding_0.98,RandomForest,cleaned,0.672357567619413,0.9078415266017945,0.44876716133174976,41,386,427
4,0.98,embedding_0.98,RandomForest,leaked-only,0.9500601316781834,0.9659010182334834,0.9009640856383966,82,618,700
4,0.98,embedding_0.98,LogisticRegression,baseline,0.721628595311425,0.9024552197713211,0.5040638183516348,123,1004,1127
4,0.98,embedding_0.98,LogisticRegression,cleaned,0.6889279017830485,0.8436117780866929,0.4052206821433575,41,386,427
4,0.98,embedding_0.98,LogisticRegression,leaked-only,0.7338577515568666,0.9326110979556398,0.5510171765988091,82,618,700
4,0.99,embedding_0.99,RandomForest,baseline,0.8792237442922375,0.9484217601140155,0.773028395984535,123,1004,1127
4,0.99,embedding_0.99,RandomForest,cleaned,0.82735210897208,0.9244114289240642,0.6903206014496707,78,831,909
4,0.99,embedding_0.99,RandomForest,leaked-only,0.9505877019719586,0.9958895311496467,0.9012684193899435,45,173,218
4,0.99,embedding_0.99,LogisticRegression,baseline,0.721628595311425,0.9024552197713211,0.5040638183516348,123,1004,1127
4,0.99,embedding_0.99,LogisticRegression,cleaned,0.6991249301805995,0.8827794748372367,0.45116240005397457,78,831,909
4,0.99,embedding_0.99,LogisticRegression,leaked-only,0.7392280838805751,0.9231856133590237,0.5739147049697962,45,173,218
4,1.0,embedding_1.0,RandomForest,baseline,0.8792237442922375,0.9484217601140155,0.773028395984535,123,1004,1127
4,1.0,embedding_1.0,RandomForest,cleaned,0.8792237442922375,0.9484217601140155,0.773028395984535,123,1004,1127
4,1.0,embedding_1.0,LogisticRegression,baseline,0.721628595311425,0.9024552197713211,0.5040638183516348,123,1004,1127
4,1.0,embedding_1.0,LogisticRegression,cleaned,0.721628595311425,0.9024552197713211,0.5040638183516348,123,1004,1127
5,0.9,embedding_0.9,RandomForest,baseline,0.851049681770685,0.9756648178141314,0.7171088957846691,103,1073,1176
5,0.9,embedding_0.9,RandomForest,cleaned,0.45901639344262296,0.8678571428571429,0.0,20,112,132
5,0.9,embedding_0.9,RandomForest,leaked-only,0.9018520259471656,0.9841091734262754,0.806655695130592,83,961,1044
5,0.9,embedding_0.9,LogisticRegression,baseline,0.6714720191441026,0.8991485626905782,0.43777815295990113,103,1073,1176
5,0.9,embedding_0.9,LogisticRegression,cleaned,0.5665182806684668,0.7691964285714286,0.2288008496933896,20,112,132
5,0.9,embedding_0.9,LogisticRegression,leaked-only,0.6878253162517122,0.921617792710906,0.4731569748781109,83,961,1044
5,0.91,embedding_0.91,RandomForest,baseline,0.851049681770685,0.9756648178141314,0.7171088957846691,103,1073,1176
5,0.91,embedding_0.91,RandomForest,cleaned,0.4591439688715953,0.8742937853107344,0.0,21,118,139
5,0.91,embedding_0.91,RandomForest,leaked-only,0.9047371160853721,0.9845358191801813,0.8120005114954096,82,955,1037
5,0.91,embedding_0.91,LogisticRegression,baseline,0.6714720191441026,0.8991485626905782,0.43777815295990113,103,1073,1176
5,0.91,embedding_0.91,LogisticRegression,cleaned,0.5580286168521462,0.7590799031476997,0.206500762211594,21,118,139
5,0.91,embedding_0.91,LogisticRegression,leaked-only,0.690641462207864,0.9248627250670413,0.480069613932031,82,955,1037
5,0.92,embedding_0.92,RandomForest,baseline,0.851049681770685,0.9756648178141314,0.7171088957846691,103,1073,1176
5,0.92,embedding_0.92,RandomForest,cleaned,0.45985401459854014,0.8753607503607503,0.0,22,126,148
5,0.92,embedding_0.92,RandomForest,leaked-only,0.9076459531180894,0.9849296674358272,0.81741960743408,81,947,1028
5,0.92,embedding_0.92,LogisticRegression,baseline,0.6714720191441026,0.8991485626905782,0.43777815295990113,103,1073,1176
5,0.92,embedding_0.92,LogisticRegression,cleaned,0.5597036691360906,0.7597402597402597,0.21572405078186868,22,126,148
5,0.92,embedding_0.92,LogisticRegression,leaked-only,0.6917587155433631,0.9258737794464651,0.4811883679113964,81,947,1028
5,0.93,embedding_0.93,RandomForest,baseline,0.851049681770685,0.9756648178141314,0.7171088957846691,103,1073,1176
5,0.93,embedding_0.93,RandomForest,cleaned,0.4589041095890411,0.8404850746268657,0.0,24,134,158
5,0.93,embedding_0.93,RandomForest,leaked-only,0.9136373276776246,0.9863913940227282,0.8286877457182874,79,939,1018
5,0.93,embedding_0.93,LogisticRegression,baseline,0.6714720191441026,0.8991485626905782,0.43777815295990113,103,1073,1176
5,0.93,embedding_0.93,LogisticRegression,cleaned,0.527511961722488,0.7316542288557214,0.1536861609396209,24,134,158
5,0.93,embedding_0.93,LogisticRegression,leaked-only,0.7012380194777612,0.932880387161133,0.5004170578000428,79,939,1018
5,0.94,embedding_0.94,RandomForest,baseline,0.851049681770685,0.9756648178141314,0.7171088957846691,103,1073,1176
5,0.94,embedding_0.94,RandomForest,cleaned,0.46105919003115264,0.8386486486486486,0.0,25,148,173
5,0.94,embedding_0.94,RandomForest,leaked-only,0.9166260078859965,0.987006237006237,0.8343562943812517,78,925,1003
5,0.94,embedding_0.94,LogisticRegression,baseline,0.6714720191441026,0.8991485626905782,0.43777815295990113,103,1073,1176
5,0.94,embedding_0.94,LogisticRegression,cleaned,0.5284126651289578,0.73,0.1636018515886533,25,148,173
5,0.94,embedding_0.94,LogisticRegression,leaked-only,0.7045655375552282,0.9356479556479557,0.5046251579161227,78,925,1003
5,0.95,embedding_0.95,RandomForest,baseline,0.851049681770685,0.9756648178141314,0.7171088957846691,103,1073,1176
5,0.95,embedding_0.95,RandomForest,cleaned,0.4630681818181818,0.8480415290231241,0.0,26,163,189
5,0.95,embedding_0.95,RandomForest,leaked-only,0.9196515792901334,0.987305551591266,0.8401315781792523,77,910,987
5,0.95,embedding_0.95,LogisticRegression,baseline,0.6714720191441026,0.8991485626905782,0.43777815295990113,103,1073,1176
5,0.95,embedding_0.95,LogisticRegression,cleaned,0.5338671051220646,0.733364794714488,0.1784188549372621,26,163,189
5,0.95,embedding_0.95,LogisticRegression,leaked-only,0.706790065750522,0.9373198230341088,0.5073616298196787,77,910,987
5,0.96,embedding_0.96,RandomForest,baseline,0.851049681770685,0.9756648178141314,0.7171088957846691,103,1073,1176
5,0.96,embedding_0.96,RandomForest,cleaned,0.45931758530183725,0.868847926267281,0.0,31,175,206
5,0.96,embedding_0.96,RandomForest,leaked-only,0.9358293348276654,0.9878201559020044,0.8716840099806884,72,898,970
5,0.96,embedding_0.96,LogisticRegression,baseline,0.6714720191441026,0.8991485626905782,0.43777815295990113,103,1073,1176
5,0.96,embedding_0.96,LogisticRegression,cleaned,0.5549175718471602,0.7557603686635944,0.21246595945849006,31,175,206
5,0.96,embedding_0.96,LogisticRegression,leaked-only,0.703729583753579,0.937036005939124,0.5053363433124752,72,898,970
5,0.97,embedding_0.97,RandomForest,baseline,0.851049681770685,0.9756648178141314,0.7171088957846691,103,1073,1176
5,0.97,embedding_0.97,RandomForest,cleaned,0.5245370594207803,0.9111519607843138,0.17527254453570928,34,264,298
5,0.97,embedding_0.97,RandomForest,leaked-only,0.9406229852616962,0.987271815266656,0.8812741242979691,69,809,878
5,0.97,embedding_0.97,LogisticRegression,baseline,0.6714720191441026,0.8991485626905782,0.43777815295990113,103,1073,1176
5,0.97,embedding_0.97,LogisticRegression,cleaned,0.600135881104034,0.8176247771836007,0.28916155668595583,34,264,298
5,0.97,embedding_0.97,LogisticRegression,leaked-only,0.7007291226181781,0.9334658999301338,0.5008307845326396,69,809,878
5,0.98,embedding_0.98,RandomForest,baseline,0.851049681770685,0.9756648178141314,0.7171088957846691,103,1073,1176
5,0.98,embedding_0.98,RandomForest,cleaned,0.7254152823920266,0.9630139720558882,0.5129837943051051,50,501,551
5,0.98,embedding_0.98,RandomForest,leaked-only,0.9370720902134515,0.9829957778070986,0.874340763622168,53,572,625
5,0.98,embedding_0.98,LogisticRegression,baseline,0.6714720191441026,0.8991485626905782,0.43777815295990113,103,1073,1176
5,0.98,embedding_0.98,LogisticRegression,cleaned,0.6686751423522482,0.8799600798403194,0.4147110233591017,50,501,551
5,0.98,embedding_0.98,LogisticRegression,leaked-only,0.6737637362637362,0.922054360733606,0.4593360627029668,53,572,625
5,0.99,embedding_0.99,RandomForest,baseline,0.851049681770685,0.9756648178141314,0.7171088957846691,103,1073,1176
5,0.99,embedding_0.99,RandomForest,cleaned,0.825272632129775,0.9764895041196848,0.672489609965096,77,941,1018
5,0.99,embedding_0.99,RandomForest,leaked-only,0.9154628143392188,0.9736305361305362,0.8332291636749013,26,132,158
5,0.99,embedding_0.99,LogisticRegression,baseline,0.6714720191441026,0.8991485626905782,0.43777815295990113,103,1073,1176
5,0.99,embedding_0.99,LogisticRegression,cleaned,0.6585320148488784,0.9029355341788924,0.4202479825754522,77,941,1018
5,0.99,embedding_0.99,LogisticRegression,leaked-only,0.71667662881052,0.8854895104895104,0.49680715674743536,26,132,158
5,1.0,embedding_1.0,RandomForest,baseline,0.851049681770685,0.9756648178141314,0.7171088957846691,103,1073,1176
5,1.0,embedding_1.0,RandomForest,cleaned,0.851049681770685,0.9756648178141314,0.7171088957846691,103,1073,1176
5,1.0,embedding_1.0,LogisticRegression,baseline,0.6714720191441026,0.8991485626905782,0.43777815295990113,103,1073,1176
5,1.0,embedding_1.0,LogisticRegression,cleaned,0.6714720191441026,0.8991485626905782,0.43777815295990113,103,1073,1176
6,0.9,embedding_0.9,RandomForest,baseline,0.8727542422280596,0.9823152785666339,0.7589347277922491,107,1086,1193
6,0.9,embedding_0.9,RandomForest,cleaned,0.4609375,0.878813559322034,0.0,10,59,69
6,0.9,embedding_0.9,RandomForest,leaked-only,0.8966724702277318,0.9853341230086631,0.8005339033478299,97,1027,1124
6,0.9,embedding_0.9,LogisticRegression,baseline,0.6850111806434094,0.894192871034922,0.471710001698547,107,1086,1193
6,0.9,embedding_0.9,LogisticRegression,cleaned,0.5889665889665889,0.7677966101694915,0.31669870745446904,10,59,69
6,0.9,embedding_0.9,LogisticRegression,leaked-only,0.6918643988707683,0.9095554060972304,0.4835964039609033,97,1027,1124
6,0.91,embedding_0.91,RandomForest,baseline,0.8727542422280596,0.9823152785666339,0.7589347277922491,107,1086,1193
6,0.91,embedding_0.91,RandomForest,cleaned,0.4632352941176471,0.8857142857142857,0.0,10,63,73
6,0.91,embedding_0.91,RandomForest,leaked-only,0.8966416940023658,0.9853926696294504,0.8004769975084172,97,1023,1120
6,0.91,embedding_0.91,LogisticRegression,baseline,0.6850111806434094,0.894192871034922,0.471710001698547,107,1086,1193
6,0.91,embedding_0.91,LogisticRegression,cleaned,0.5867924528301887,0.7698412698412699,0.31503094080280164,10,63,73
6,0.91,embedding_0.91,LogisticRegression,leaked-only,0.6926107101919569,0.9094234664570549,0.4846043574026308,97,1023,1120
6,0.92,embedding_0.92,RandomForest,baseline,0.8727542422280596,0.9823152785666339,0.7589347277922491,107,1086,1193
6,0.92,embedding_0.92,RandomForest,cleaned,0.4605263157894737,0.8517857142857143,0.0,12,70,82
6,0.92,embedding_0.92,RandomForest,leaked-only,0.9017994360189439,0.9859666390385412,0.8096762313694584,95,1016,1111
6,0.92,embedding_0.92,LogisticRegression,baseline,0.6850111806434094,0.894192871034922,0.471710001698547,107,1086,1193
6,0.92,embedding_0.92,LogisticRegression,cleaned,0.5770081061164333,0.7345238095238096,0.2818475212062083,12,70,82
6,0.92,embedding_0.92,LogisticRegression,leaked-only,0.6946358167932052,0.9171363447990054,0.48979195212007803,95,1016,1111
6,0.93,embedding_0.93,RandomForest,baseline,0.8727542422280596,0.9823152785666339,0.7589347277922491,107,1086,1193
6,0.93,embedding_0.93,RandomForest,cleaned,0.4514285714285714,0.9043186895011168,0.0,17,79,96
6,0.93,embedding_0.93,RandomForest,leaked-only,0.9152764905776954,0.9861249034536026,0.8341267742709109,90,1007,1097
6,0.93,embedding_0.93,LogisticRegression,baseline,0.6850111806434094,0.894192871034922,0.471710001698547,107,1086,1193
6,0.93,embedding_0.93,LogisticRegression,cleaned,0.5962788326749076,0.7490692479523455,0.30597202838170834,17,79,96
6,0.93,embedding_0.93,LogisticRegression,leaked-only,0.6931709616593338,0.919221008496083,0.489508709893438,90,1007,1097
6,0.94,embedding_0.94,RandomForest,baseline,0.8727542422280596,0.9823152785666339,0.7589347277922491,107,1086,1193
6,0.94,embedding_0.94,RandomForest,cleaned,0.450261780104712,0.9085067319461444,0.0,19,86,105
6,0.94,embedding_0.94,RandomForest,leaked-only,0.9208650535809533,0.9863465909090909,0.8444450870035015,88,1000,1088
6,0.94,embedding_0.94,LogisticRegression,baseline,0.6850111806434094,0.894192871034922,0.471710001698547,107,1086,1193
6,0.94,embedding_0.94,LogisticRegression,cleaned,0.6179366438356164,0.7533659730722153,0.34278719342402536,19,86,105
6,0.94,embedding_0.94,LogisticRegression,leaked-only,0.6907616785736652,0.9194090909090908,0.4856978027582515,88,1000,1088
6,0.95,embedding_0.95,RandomForest,baseline,0.8727542422280596,0.9823152785666339,0.7589347277922491,107,1086,1193
6,0.95,embedding_0.95,RandomForest,cleaned,0.5053968253968254,0.9167475728155339,0.20545830417410332,20,103,123
6,0.95,embedding_0.95,RandomForest,leaked-only,0.9198591918511029,0.986377614854831,0.8424977918824164,87,983,1070
6,0.95,embedding_0.95,LogisticRegression,baseline,0.6850111806434094,0.894192871034922,0.471710001698547,107,1086,1193
6,0.95,embedding_0.95,LogisticRegression,cleaned,0.6273642839597151,0.7587378640776699,0.3615009430036135,20,103,123
6,0.95,embedding_0.95,LogisticRegression,leaked-only,0.6913482006087492,0.9206276820897791,0.4862367406520702,87,983,1070
6,0.96,embedding_0.96,RandomForest,baseline,0.8727542422280596,0.9823152785666339,0.7589347277922491,107,1086,1193
6,0.96,embedding_0.96,RandomForest,cleaned,0.5282631038026722,0.93578125,0.1925,25,128,153
6,0.96,embedding_0.96,RandomForest,leaked-only,0.9337746124842898,0.9864873466062426,0.8692968294584102,82,958,1040
6,0.96,embedding_0.96,LogisticRegression,baseline,0.6850111806434094,0.894192871034922,0.471710001698547,107,1086,1193
6,0.96,embedding_0.96,LogisticRegression,cleaned,0.6610837970716948,0.8015625,0.4198571212550795,25,128,153
6,0.96,embedding_0.96,LogisticRegression,leaked-only,0.6860795454545454,0.9178802383013391,0.47760814556350095,82,958,1040
6,0.97,embedding_0.97,RandomForest,baseline,0.8727542422280596,0.9823152785666339,0.7589347277922491,107,1086,1193
6,0.97,embedding_0.97,RandomForest,cleaned,0.6517709932344079,0.9498040397949955,0.41364065175128834,31,214,245
6,0.97,embedding_0.97,RandomForest,leaked-only,0.9323630136986301,0.9868496499275713,0.8663266804678629,76,872,948
6,0.97,embedding_0.97,LogisticRegression,baseline,0.6850111806434094,0.894192871034922,0.471710001698547,107,1086,1193
6,0.97,embedding_0.97,LogisticRegression,cleaned,0.7066326530612246,0.8266505878806151,0.48264271171040296,31,214,245
6,0.97,embedding_0.97,LogisticRegression,leaked-only,0.6776540169601549,0.9192871801062288,0.46866087728491584,76,872,948
6,0.98,embedding_0.98,RandomForest,baseline,0.8727542422280596,0.9823152785666339,0.7589347277922491,107,1086,1193
6,0.98,embedding_0.98,RandomForest,cleaned,0.7743391360412637,0.9700008626639061,0.6079190935545956,46,504,550
6,0.98,embedding_0.98,RandomForest,leaked-only,0.9294816959487618,0.9933102360430399,0.8599396410709784,61,582,643
6,0.98,embedding_0.98,LogisticRegression,baseline,0.6850111806434094,0.894192871034922,0.471710001698547,107,1086,1193
6,0.98,embedding_0.98,LogisticRegression,cleaned,0.7143859649122808,0.8740510697032435,0.4914495883713764,46,504,550
6,0.98,embedding_0.98,LogisticRegression,leaked-only,0.662937298401754,0.9053574446510056,0.46139108569241194,61,582,643
6,0.99,embedding_0.99,RandomForest,baseline,0.8727542422280596,0.9823152785666339,0.7589347277922491,107,1086,1193
6,0.99,embedding_0.99,RandomForest,cleaned,0.8592280701754386,0.979403735632184,0.7360492141716612,75,928,1003
6,0.99,embedding_0.99,RandomForest,leaked-only,0.8982651531377168,0.9875395569620254,0.8029042800792492,32,158,190
6,0.99,embedding_0.99,LogisticRegression,baseline,0.6850111806434094,0.894192871034922,0.471710001698547,107,1086,1193
6,0.99,embedding_0.99,LogisticRegression,cleaned,0.6946652186075595,0.9005172413793103,0.4825502702247231,75,928,1003
6,0.99,embedding_0.99,LogisticRegression,leaked-only,0.6180477998659817,0.8206091772151899,0.39486517074177035,32,158,190
6,1.0,embedding_1.0,RandomForest,baseline,0.8727542422280596,0.9823152785666339,0.7589347277922491,107,1086,1193
6,1.0,embedding_1.0,RandomForest,cleaned,0.8727542422280596,0.9823152785666339,0.7589347277922491,107,1086,1193
6,1.0,embedding_1.0,LogisticRegression,baseline,0.6850111806434094,0.894192871034922,0.471710001698547,107,1086,1193
6,1.0,embedding_1.0,LogisticRegression,cleaned,0.6850111806434094,0.894192871034922,0.471710001698547,107,1086,1193
7,0.9,embedding_0.9,RandomForest,baseline,0.8835524561668213,0.9635057551156585,0.7896051302785398,128,1124,1252
7,0.9,embedding_0.9,RandomForest,cleaned,0.6891025641025641,0.9120300751879699,0.49362406479924364,19,175,194
7,0.9,embedding_0.9,RandomForest,leaked-only,0.9090770480396315,0.9699297183901935,0.8324422621586122,109,949,1058
7,0.9,embedding_0.9,LogisticRegression,baseline,0.6663980362792408,0.8637608429715303,0.41376230220629434,128,1124,1252
7,0.9,embedding_0.9,LogisticRegression,cleaned,0.598343685300207,0.7251127819548872,0.2589216466639541,19,175,194
7,0.9,embedding_0.9,LogisticRegression,leaked-only,0.6782954003948354,0.8916290445761352,0.44093680406854596,109,949,1058
7,0.91,embedding_0.91,RandomForest,baseline,0.8835524561668213,0.9635057551156585,0.7896051302785398,128,1124,1252
7,0.91,embedding_0.91,RandomForest,cleaned,0.6802110817941953,0.9120879120879121,0.4805876267706818,20,182,202
7,0.91,embedding_0.91,RandomForest,leaked-only,0.9115178481140662,0.970266179130298,0.8366190368945569,108,942,1050
7,0.91,embedding_0.91,LogisticRegression,baseline,0.6663980362792408,0.8637608429715303,0.41376230220629434,128,1124,1252
7,0.91,embedding_0.91,LogisticRegression,cleaned,0.5892710361237292,0.7244505494505495,0.23775362571113684,20,182,202
7,0.91,embedding_0.91,LogisticRegression,leaked-only,0.6806039488966318,0.8944031611229064,0.4463881093474632,108,942,1050
7,0.92,embedding_0.92,RandomForest,baseline,0.8835524561668213,0.9635057551156585,0.7896051302785398,128,1124,1252
7,0.92,embedding_0.92,RandomForest,cleaned,0.6807197943444729,0.9133689839572193,0.4810775858054046,20,187,207
7,0.92,embedding_0.92,RandomForest,leaked-only,0.9114766874491732,0.9704286730700818,0.8365501511258785,108,937,1045
7,0.92,embedding_0.92,LogisticRegression,baseline,0.6663980362792408,0.8637608429715303,0.41376230220629434,128,1124,1252
7,0.92,embedding_0.92,LogisticRegression,cleaned,0.5913043478260869,0.7245989304812834,0.2410336023297443,20,187,207
7,0.92,embedding_0.92,LogisticRegression,leaked-only,0.6802681352914998,0.894027431914305,0.4459265880736584,108,937,1045
7,0.93,embedding_0.93,RandomForest,baseline,0.8835524561668213,0.9635057551156585,0.7896051302785398,128,1124,1252
7,0.93,embedding_0.93,RandomForest,cleaned,0.6813895781637718,0.9144329896907216,0.4817233814835466,20,194,214
7,0.93,embedding_0.93,RandomForest,leaked-only,0.9114183307731695,0.970679012345679,0.8364524958285305,108,930,1038
7,0.93,embedding_0.93,LogisticRegression,baseline,0.6663980362792408,0.8637608429715303,0.41376230220629434,128,1124,1252
7,0.93,embedding_0.93,LogisticRegression,cleaned,0.5901037509976057,0.7216494845360825,0.2400467748401112,20,194,214
7,0.93,embedding_0.93,LogisticRegression,leaked-only,0.6807515108747071,0.8938172043010753,0.44655746452623646,108,930,1038
7,0.94,embedding_0.94,RandomForest,baseline,0.8835524561668213,0.9635057551156585,0.7896051302785398,128,1124,1252
7,0.94,embedding_0.94,RandomForest,cleaned,0.6734397677793904,0.9176003734827264,0.4698714938993648,21,204,225
7,0.94,embedding_0.94,RandomForest,leaked-only,0.913863462178069,0.9708807395367737,0.8406519408004895,107,920,1027
7,0.94,embedding_0.94,LogisticRegression,baseline,0.6663980362792408,0.8637608429715303,0.41376230220629434,128,1124,1252
7,0.94,embedding_0.94,LogisticRegression,cleaned,0.5956728004600345,0.7338935574229692,0.2539510643815158,21,204,225
7,0.94,embedding_0.94,LogisticRegression,leaked-only,0.6806047083553292,0.8930516050386023,0.44587660888421543,107,920,1027
7,0.95,embedding_0.95,RandomForest,baseline,0.8835524561668213,0.9635057551156585,0.7896051302785398,128,1124,1252
7,0.95,embedding_0.95,RandomForest,cleaned,0.6585714285714286,0.9222020933977456,0.4479608200736647,23,216,239
7,0.95,embedding_0.95,RandomForest,leaked-only,0.9189044946318814,0.9712922173274596,0.8493560226255884,105,908,1013
7,0.95,embedding_0.95,LogisticRegression,baseline,0.6663980362792408,0.8637608429715303,0.41376230220629434,128,1124,1252
7,0.95,embedding_0.95,LogisticRegression,cleaned,0.602549889135255,0.7526167471819646,0.27383044435823894,23,216,239
7,0.95,embedding_0.95,LogisticRegression,leaked-only,0.6808606797357591,0.892248793790644,0.4452492740034675,105,908,1013
7,0.96,embedding_0.96,RandomForest,baseline,0.8835524561668213,0.9635057551156585,0.7896051302785398,128,1124,1252
7,0.96,embedding_0.96,RandomForest,cleaned,0.66005291005291,0.9214975845410629,0.44929205872936046,23,234,257
7,0.96,embedding_0.96,RandomForest,leaked-only,0.9187585618768541,0.972166934189406,0.8491081068020265,105,890,995
7,0.96,embedding_0.96,LogisticRegression,baseline,0.6663980362792408,0.8637608429715303,0.41376230220629434,128,1124,1252
7,0.96,embedding_0.96,LogisticRegression,cleaned,0.5950336883286242,0.745819397993311,0.26496800086803207,23,234,257
7,0.96,embedding_0.96,LogisticRegression,leaked-only,0.683600053735191,0.8937934724451578,0.44888319150901346,105,890,995
7,0.97,embedding_0.97,RandomForest,baseline,0.8835524561668213,0.9635057551156585,0.7896051302785398,128,1124,1252
7,0.97,embedding_0.97,RandomForest,cleaned,0.6852941176470588,0.9376402918069585,0.4855041562276123,24,297,321
7,0.97,embedding_0.97,RandomForest,leaked-only,0.9173834306730078,0.9711770998046694,0.8467447495379664,104,827,931
7,0.97,embedding_0.97,LogisticRegression,baseline,0.6663980362792408,0.8637608429715303,0.41376230220629434,128,1124,1252
7,0.97,embedding_0.97,LogisticRegression,cleaned,0.6011803075011648,0.7530864197530864,0.28013528771290946,24,297,321
7,0.97,embedding_0.97,LogisticRegression,leaked-only,0.6836525699438872,0.89057994605153,0.44822652168879534,104,827,931
7,0.98,embedding_0.98,RandomForest,baseline,0.8835524561668213,0.9635057551156585,0.7896051302785398,128,1124,1252
7,0.98,embedding_0.98,RandomForest,cleaned,0.7848008768724881,0.9704139039582078,0.6335793274939155,36,553,589
7,0.98,embedding_0.98,RandomForest,leaked-only,0.9147084048027444,0.961375923246783,0.8422094574310689,92,571,663
7,0.98,embedding_0.98,LogisticRegression,baseline,0.6663980362792408,0.8637608429715303,0.41376230220629434,128,1124,1252
7,0.98,embedding_0.98,LogisticRegression,cleaned,0.6313055365686945,0.8099256580269238,0.3262119304987319,36,553,589
7,0.98,embedding_0.98,LogisticRegression,leaked-only,0.6703444022053826,0.8714497829894159,0.43631265877517594,92,571,663
7,0.99,embedding_0.99,RandomForest,baseline,0.8835524561668213,0.9635057551156585,0.7896051302785398,128,1124,1252
7,0.99,embedding_0.99,RandomForest,cleaned,0.8761528326745718,0.9669265296480039,0.7772515267994705,85,996,1081
7,0.99,embedding_0.99,RandomForest,leaked-only,0.8867953353363548,0.9472202034883721,0.7958327882277826,43,128,171
7,0.99,embedding_0.99,LogisticRegression,baseline,0.6663980362792408,0.8637608429715303,0.41376230220629434,128,1124,1252
7,0.99,embedding_0.99,LogisticRegression,cleaned,0.6516107354937806,0.8555398062839594,0.38430878223561404,85,996,1081
7,0.99,embedding_0.99,LogisticRegression,leaked-only,0.6473716580442097,0.8192223837209303,0.4010760833945282,43,128,171
7,1.0,embedding_1.0,RandomForest,baseline,0.8835524561668213,0.9635057551156585,0.7896051302785398,128,1124,1252
7,1.0,embedding_1.0,RandomForest,cleaned,0.8835524561668213,0.9635057551156585,0.7896051302785398,128,1124,1252
7,1.0,embedding_1.0,LogisticRegression,baseline,0.6663980362792408,0.8637608429715303,0.41376230220629434,128,1124,1252
7,1.0,embedding_1.0,LogisticRegression,cleaned,0.6663980362792408,0.8637608429715303,0.41376230220629434,128,1124,1252
8,0.9,embedding_0.9,RandomForest,baseline,0.8460974282537204,0.9785808580858085,0.6931279381864963,101,1200,1301
8,0.9,embedding_0.9,RandomForest,cleaned,0.48128342245989303,0.7793650793650793,0.0,7,90,97
8,0.9,embedding_0.9,RandomForest,leaked-only,0.860166661827473,0.9822263753114817,0.7203849406059548,94,1110,1204
8,0.9,embedding_0.9,LogisticRegression,baseline,0.6356778328259742,0.8757013201320132,0.3902180119802504,101,1200,1301
8,0.9,embedding_0.9,LogisticRegression,cleaned,0.47090909090909094,0.6111111111111112,0.10907945222784582,7,90,97
8,0.9,embedding_0.9,LogisticRegression,leaked-only,0.6520102725903403,0.8977669158520223,0.417253245409686,94,1110,1204
8,0.91,embedding_0.91,RandomForest,baseline,0.8460974282537204,0.9785808580858085,0.6931279381864963,101,1200,1301
8,0.91,embedding_0.91,RandomForest,cleaned,0.48186528497409326,0.7834101382488479,0.0,7,93,100
8,0.91,embedding_0.91,RandomForest,leaked-only,0.8601374170257365,0.9822166484076189,0.7203264753859803,94,1107,1201
8,0.91,embedding_0.91,LogisticRegression,baseline,0.6356778328259742,0.8757013201320132,0.3902180119802504,101,1200,1301
8,0.91,embedding_0.91,LogisticRegression,cleaned,0.46953405017921146,0.6067588325652842,0.10819985057921884,7,93,100
8,0.91,embedding_0.91,LogisticRegression,leaked-only,0.6526556373427247,0.8978742624305676,0.4180949257708116,94,1107,1201
8,0.92,embedding_0.92,RandomForest,baseline,0.8460974282537204,0.9785808580858085,0.6931279381864963,101,1200,1301
8,0.92,embedding_0.92,RandomForest,cleaned,0.4830917874396135,0.7742857142857142,0.0,7,100,107
8,0.92,embedding_0.92,RandomForest,leaked-only,0.8600685593741759,0.9824709864603483,0.7201888175103226,94,1100,1194
8,0.92,embedding_0.92,LogisticRegression,baseline,0.6356778328259742,0.8757013201320132,0.3902180119802504,101,1200,1301
8,0.92,embedding_0.92,LogisticRegression,cleaned,0.46285140562248994,0.6071428571428572,0.10244863975869428,7,100,107
8,0.92,embedding_0.92,LogisticRegression,leaked-only,0.6547231101399849,0.898936170212766,0.4207832517319076,94,1100,1194
8,0.93,embedding_0.93,RandomForest,baseline,0.8460974282537204,0.9785808580858085,0.6931279381864963,101,1200,1301
8,0.93,embedding_0.93,RandomForest,cleaned,0.481651376146789,0.8023809523809524,0.0,8,105,113
8,0.93,embedding_0.93,RandomForest,leaked-only,0.8622472769437626,0.9825305641478863,0.7245076810012155,93,1095,1188
8,0.93,embedding_0.93,LogisticRegression,baseline,0.6356778328259742,0.8757013201320132,0.3902180119802504,101,1200,1301
8,0.93,embedding_0.93,LogisticRegression,cleaned,0.47546419098143233,0.6392857142857142,0.1333794974665828,8,105,113
8,0.93,embedding_0.93,LogisticRegression,leaked-only,0.654585282102895,0.8989738302155448,0.42012139734941656,93,1095,1188
8,0.94,embedding_0.94,RandomForest,baseline,0.8460974282537204,0.9785808580858085,0.6931279381864963,101,1200,1301
8,0.94,embedding_0.94,RandomForest,cleaned,0.47767857142857145,0.8127572016460904,-0.026802813370944874,9,108,117
8,0.94,embedding_0.94,RandomForest,leaked-only,0.8667516974903402,0.9828694855868768,0.7335169243982438,92,1092,1184
8,0.94,embedding_0.94,LogisticRegression,baseline,0.6356778328259742,0.8757013201320132,0.3902180119802504,101,1200,1301
8,0.94,embedding_0.94,LogisticRegression,cleaned,0.4600722311396469,0.6296296296296297,0.09059076625181611,9,108,117
8,0.94,embedding_0.94,LogisticRegression,leaked-only,0.6577063629835587,0.9006808408982323,0.4269559426865765,92,1092,1184
8,0.95,embedding_0.95,RandomForest,baseline,0.8460974282537204,0.9785808580858085,0.6931279381864963,101,1200,1301
8,0.95,embedding_0.95,RandomForest,cleaned,0.4769874476987448,0.8304347826086956,-0.0264813570666188,10,115,125
8,0.95,embedding_0.95,RandomForest,leaked-only,0.8689826302729529,0.9830202056008508,0.7379652605459057,91,1085,1176
8,0.95,embedding_0.95,LogisticRegression,baseline,0.6356778328259742,0.8757013201320132,0.3902180119802504,101,1200,1301
8,0.95,embedding_0.95,LogisticRegression,cleaned,0.46873102610807527,0.6286956521739131,0.11520235936848006,10,115,125
8,0.95,embedding_0.95,LogisticRegression,leaked-only,0.6583251873574454,0.9022028662581658,0.4272949123785996,91,1085,1176
8,0.96,embedding_0.96,RandomForest,baseline,0.8460974282537204,0.9785808580858085,0.6931279381864963,101,1200,1301
8,0.96,embedding_0.96,RandomForest,cleaned,0.4749034749034749,0.864247311827957,-0.026773977630083295,12,124,136
8,0.96,embedding_0.96,RandomForest,leaked-only,0.8735658914728682,0.9830050958606574,0.7471885663011154,89,1076,1165
8,0.96,embedding_0.96,LogisticRegression,baseline,0.6356778328259742,0.8757013201320132,0.3902180119802504,101,1200,1301
8,0.96,embedding_0.96,LogisticRegression,cleaned,0.49501274117218785,0.6928763440860215,0.1662334618369018,12,124,136
8,0.96,embedding_0.96,LogisticRegression,leaked-only,0.6564110268994914,0.9000146192723778,0.42385093635323406,89,1076,1165
8,0.97,embedding_0.97,RandomForest,baseline,0.8460974282537204,0.9785808580858085,0.6931279381864963,101,1200,1301
8,0.97,embedding_0.97,RandomForest,cleaned,0.4781491002570694,0.8904886561954625,-0.03983147108962824,12,191,203
8,0.97,embedding_0.97,RandomForest,leaked-only,0.8826395139513952,0.9833353748844667,0.7653400707646294,89,1009,1098
8,0.97,embedding_0.97,LogisticRegression,baseline,0.6356778328259742,0.8757013201320132,0.3902180119802504,101,1200,1301
8,0.97,embedding_0.97,LogisticRegression,cleaned,0.5339285714285714,0.7399650959860384,0.2113696711234967,12,191,203
8,0.97,embedding_0.97,LogisticRegression,leaked-only,0.6551108466002084,0.8962372356655272,0.42250159604619064,89,1009,1098
8,0.98,embedding_0.98,RandomForest,baseline,0.8460974282537204,0.9785808580858085,0.6931279381864963,101,1200,1301
8,0.98,embedding_0.98,RandomForest,cleaned,0.6176068914801975,0.9318000000000001,0.2356459104898465,20,500,520
8,0.98,embedding_0.98,RandomForest,leaked-only,0.9033083430772405,0.9890564373897708,0.8076754192105354,81,700,781
8,0.98,embedding_0.98,LogisticRegression,baseline,0.6356778328259742,0.8757013201320132,0.3902180119802504,101,1200,1301
8,0.98,embedding_0.98,LogisticRegression,cleaned,0.555751400642092,0.7908,0.23041494433917378,20,500,520
8,0.98,embedding_0.98,LogisticRegression,leaked-only,0.6635692307692308,0.8908818342151674,0.4420745773880117,81,700,781
8,0.99,embedding_0.99,RandomForest,baseline,0.8460974282537204,0.9785808580858085,0.6931279381864963,101,1200,1301
8,0.99,embedding_0.99,RandomForest,cleaned,0.772294230892957,0.9679901960784314,0.5446212608747976,50,1020,1070
8,0.99,embedding_0.99,RandomForest,leaked-only,0.9198658649398705,0.990958605664488,0.8448460117079049,51,180,231
8,0.99,embedding_0.99,LogisticRegression,baseline,0.6356778328259742,0.8757013201320132,0.3902180119802504,101,1200,1301
8,0.99,embedding_0.99,LogisticRegression,cleaned,0.5906343255030989,0.855686274509804,0.31157188110107764,50,1020,1070
8,0.99,embedding_0.99,LogisticRegression,leaked-only,0.6749172185430463,0.8386710239651416,0.4586024804575203,51,180,231
8,1.0,embedding_1.0,RandomForest,baseline,0.8460974282537204,0.9785808580858085,0.6931279381864963,101,1200,1301
8,1.0,embedding_1.0,RandomForest,cleaned,0.8460974282537204,0.9785808580858085,0.6931279381864963,101,1200,1301
8,1.0,embedding_1.0,LogisticRegression,baseline,0.6356778328259742,0.8757013201320132,0.3902180119802504,101,1200,1301
8,1.0,embedding_1.0,LogisticRegression,cleaned,0.6356778328259742,0.8757013201320132,0.3902180119802504,101,1200,1301
9,0.9,embedding_0.9,RandomForest,baseline,0.8174241905270344,0.9598269581056467,0.6354871532312877,90,1220,1310
9,0.9,embedding_0.9,RandomForest,cleaned,0.4431818181818182,0.8717948717948718,0.0,10,39,49
9,0.9,embedding_0.9,RandomForest,leaked-only,0.8393074948571844,0.9633996613039797,0.6787539149823048,80,1181,1261
9,0.9,embedding_0.9,LogisticRegression,baseline,0.6049272592120634,0.8655373406193078,0.3417332668460192,90,1220,1310
9,0.9,embedding_0.9,LogisticRegression,cleaned,0.510212950890917,0.717948717948718,0.21446373810090183,10,39,49
9,0.9,embedding_0.9,LogisticRegression,leaked-only,0.6050015542095074,0.8694326841659611,0.3416725318919336,80,1181,1261
9,0.91,embedding_0.91,RandomForest,baseline,0.8174241905270344,0.9598269581056467,0.6354871532312877,90,1220,1310
9,0.91,embedding_0.91,RandomForest,cleaned,0.43820224719101125,0.8811188811188811,0.0,11,39,50
9,0.91,embedding_0.91,RandomForest,leaked-only,0.8416737348035058,0.9633222221031307,0.6835987523881303,79,1181,1260
9,0.91,embedding_0.91,LogisticRegression,baseline,0.6049272592120634,0.8655373406193078,0.3417332668460192,90,1220,1310
9,0.91,embedding_0.91,LogisticRegression,cleaned,0.5245969408846631,0.7389277389277389,0.23652495839563306,11,39,50
9,0.91,embedding_0.91,LogisticRegression,leaked-only,0.6032855665961766,0.8679407067599868,0.3387416640022358,79,1181,1260
9,0.92,embedding_0.92,RandomForest,baseline,0.8174241905270344,0.9598269581056467,0.6354871532312877,90,1220,1310
9,0.92,embedding_0.92,RandomForest,cleaned,0.42857142857142855,0.8945578231292517,0.0,14,42,56
9,0.92,embedding_0.92,RandomForest,leaked-only,0.8489120219764331,0.9633075685818961,0.6986357189267447,76,1178,1254
9,0.92,embedding_0.92,LogisticRegression,baseline,0.6049272592120634,0.8655373406193078,0.3417332668460192,90,1220,1310
9,0.92,embedding_0.92,LogisticRegression,cleaned,0.5303225806451612,0.7397959183673469,0.2581988897471611,14,42,56
9,0.92,embedding_0.92,LogisticRegression,leaked-only,0.599906015037594,0.8653382182110625,0.33203348598370885,76,1178,1254
9,0.93,embedding_0.93,RandomForest,baseline,0.8174241905270344,0.9598269581056467,0.6354871532312877,90,1220,1310
9,0.93,embedding_0.93,RandomForest,cleaned,0.4380165289256198,0.9182389937106918,0.0,15,53,68
9,0.93,embedding_0.93,RandomForest,leaked-only,0.8513011961644372,0.9638046272493573,0.7036832872969452,75,1167,1242
9,0.93,embedding_0.93,LogisticRegression,baseline,0.6049272592120634,0.8655373406193078,0.3417332668460192,90,1220,1310
9,0.93,embedding_0.93,LogisticRegression,cleaned,0.5268237934904602,0.7270440251572328,0.22890810783562057,15,53,68
9,0.93,embedding_0.93,LogisticRegression,leaked-only,0.6026856330014224,0.8741045415595544,0.3386611133511864,75,1167,1242
9,0.94,embedding_0.94,RandomForest,baseline,0.8174241905270344,0.9598269581056467,0.6354871532312877,90,1220,1310
9,0.94,embedding_0.94,RandomForest,cleaned,0.4375,0.9185267857142857,0.0,16,56,72
9,0.94,embedding_0.94,RandomForest,leaked-only,0.8537860872383495,0.9638885019039659,0.7089658197930938,74,1164,1238
9,0.94,embedding_0.94,LogisticRegression,baseline,0.6049272592120634,0.8655373406193078,0.3417332668460192,90,1220,1310
9,0.94,embedding_0.94,LogisticRegression,cleaned,0.5092221331194867,0.703125,0.18070158058105026,16,56,72
9,0.94,embedding_0.94,LogisticRegression,leaked-only,0.6045678482358232,0.8768923562737996,0.34420191734148425,74,1164,1238
9,0.95,embedding_0.95,RandomForest,baseline,0.8174241905270344,0.9598269581056467,0.6354871532312877,90,1220,1310
9,0.95,embedding_0.95,RandomForest,cleaned,0.4375,0.9097222222222222,-0.07537783614444091,18,72,90
9,0.95,embedding_0.95,RandomForest,leaked-only,0.8640225657381448,0.9645579268292682,0.7295455414681514,72,1148,1220
9,0.95,embedding_0.95,LogisticRegression,baseline,0.6049272592120634,0.8655373406193078,0.3417332668460192,90,1220,1310
9,0.95,embedding_0.95,LogisticRegression,cleaned,0.5273109243697479,0.7461419753086419,0.22360679774997896,18,72,90
9,0.95,embedding_0.95,LogisticRegression,leaked-only,0.6042731270505532,0.8753992450638791,0.34224982493700684,72,1148,1220
9,0.96,embedding_0.96,RandomForest,baseline,0.8174241905270344,0.9598269581056467,0.6354871532312877,90,1220,1310
9,0.96,embedding_0.96,RandomForest,cleaned,0.4444444444444444,0.8723404255319149,-0.06288129782588876,21,94,115
9,0.96,embedding_0.96,RandomForest,leaked-only,0.8719642857142857,0.9656279764203156,0.7467612960816722,69,1126,1195
9,0.96,embedding_0.96,LogisticRegression,baseline,0.6049272592120634,0.8655373406193078,0.3417332668460192,90,1220,1310
9,0.96,embedding_0.96,LogisticRegression,cleaned,0.5591666666666667,0.7558257345491388,0.28036218036637905,21,94,115
9,0.96,embedding_0.96,LogisticRegression,leaked-only,0.6016666666666667,0.876760110175818,0.33647821622857194,69,1126,1195
9,0.97,embedding_0.97,RandomForest,baseline,0.8174241905270344,0.9598269581056467,0.6354871532312877,90,1220,1310
9,0.97,embedding_0.97,RandomForest,cleaned,0.513922902494331,0.9432356742783282,0.09331239958522607,22,211,233
9,0.97,embedding_0.97,RandomForest,leaked-only,0.8694052976206517,0.9621421908704016,0.7417510636017585,68,1009,1077
9,0.97,embedding_0.97,LogisticRegression,baseline,0.6049272592120634,0.8655373406193078,0.3417332668460192,90,1220,1310
9,0.97,embedding_0.97,LogisticRegression,cleaned,0.6357623857623858,0.8586816027574322,0.38334047711419594,22,211,233
9,0.97,embedding_0.97,LogisticRegression,leaked-only,0.5968010534061423,0.8674721623039702,0.33046466524005425,68,1009,1077
9,0.98,embedding_0.98,RandomForest,baseline,0.8174241905270344,0.9598269581056467,0.6354871532312877,90,1220,1310
9,0.98,embedding_0.98,RandomForest,cleaned,0.6534591194968553,0.9701743955608403,0.33820667868395815,29,522,551
9,0.98,embedding_0.98,RandomForest,leaked-only,0.8705041910433304,0.9513011414345436,0.7432258785551984,61,698,759
9,0.98,embedding_0.98,LogisticRegression,baseline,0.6049272592120634,0.8655373406193078,0.3417332668460192,90,1220,1310
9,0.98,embedding_0.98,LogisticRegression,cleaned,0.6346829900086345,0.9006473774606949,0.3823039498326631,29,522,551
9,0.98,embedding_0.98,LogisticRegression,leaked-only,0.5845258105896404,0.8352905256235614,0.31565162098643906,61,698,759
9,0.99,embedding_0.99,RandomForest,baseline,0.8174241905270344,0.9598269581056467,0.6354871532312877,90,1220,1310
9,0.99,embedding_0.99,RandomForest,cleaned,0.7493589743589744,0.9571762696762697,0.5007840154148042,52,1036,1088
9,0.99,embedding_0.99,RandomForest,leaked-only,0.8978732439222903,0.9518735697940505,0.7958519469853657,38,184,222
9,0.99,embedding_0.99,LogisticRegression,baseline,0.6049272592120634,0.8655373406193078,0.3417332668460192,90,1220,1310
9,0.99,embedding_0.99,LogisticRegression,cleaned,0.5860156720916214,0.8610595485595486,0.2974969181168,52,1036,1088
9,0.99,embedding_0.99,LogisticRegression,leaked-only,0.5872108843537415,0.772883295194508,0.35469393531607984,38,184,222
9,1.0,embedding_1.0,RandomForest,baseline,0.8174241905270344,0.9598269581056467,0.6354871532312877,90,1220,1310
9,1.0,embedding_1.0,RandomForest,cleaned,0.8174241905270344,0.9598269581056467,0.6354871532312877,90,1220,1310
9,1.0,embedding_1.0,LogisticRegression,baseline,0.6049272592120634,0.8655373406193078,0.3417332668460192,90,1220,1310
9,1.0,embedding_1.0,LogisticRegression,cleaned,0.6049272592120634,0.8655373406193078,0.3417332668460192,90,1220,1310
10,0.9,embedding_0.9,RandomForest,baseline,0.876410185111623,0.9851967295890623,0.7530851247163449,84,1226,1310
10,0.9,embedding_0.9,RandomForest,cleaned,1.0,nan,nan,0,2,2
10,0.9,embedding_0.9,RandomForest,leaked-only,0.8763975649544424,0.9852698023653906,0.7530599449400966,84,1224,1308
10,0.9,embedding_0.9,LogisticRegression,baseline,0.6284692908400169,0.9077915015924805,0.4025622675325957,84,1226,1310
10,0.9,embedding_0.9,LogisticRegression,cleaned,1.0,nan,nan,0,2,2
10,0.9,embedding_0.9,LogisticRegression,leaked-only,0.6283632583299561,0.9076991907874261,0.40245481661322025,84,1224,1308
10,0.91,embedding_0.91,RandomForest,baseline,0.876410185111623,0.9851967295890623,0.7530851247163449,84,1226,1310
10,0.91,embedding_0.91,RandomForest,cleaned,1.0,nan,nan,0,2,2
10,0.91,embedding_0.91,RandomForest,leaked-only,0.8763975649544424,0.9852698023653906,0.7530599449400966,84,1224,1308
10,0.91,embedding_0.91,LogisticRegression,baseline,0.6284692908400169,0.9077915015924805,0.4025622675325957,84,1226,1310
10,0.91,embedding_0.91,LogisticRegression,cleaned,1.0,nan,nan,0,2,2
10,0.91,embedding_0.91,LogisticRegression,leaked-only,0.6283632583299561,0.9076991907874261,0.40245481661322025,84,1224,1308
10,0.92,embedding_0.92,RandomForest,baseline,0.876410185111623,0.9851967295890623,0.7530851247163449,84,1226,1310
10,0.92,embedding_0.92,RandomForest,cleaned,1.0,nan,nan,0,3,3
10,0.92,embedding_0.92,RandomForest,leaked-only,0.8763912394225983,0.9854135030954327,0.7530473242215112,84,1223,1307
10,0.92,embedding_0.92,LogisticRegression,baseline,0.6284692908400169,0.9077915015924805,0.4025622675325957,84,1226,1310
10,0.92,embedding_0.92,LogisticRegression,cleaned,0.4,nan,nan,0,3,3
10,0.92,embedding_0.92,LogisticRegression,leaked-only,0.6290183812606787,0.9077015924930888,0.4032730544690309,84,1223,1307
10,0.93,embedding_0.93,RandomForest,baseline,0.876410185111623,0.9851967295890623,0.7530851247163449,84,1226,1310
10,0.93,embedding_0.93,RandomForest,cleaned,1.0,nan,nan,0,3,3
10,0.93,embedding_0.93,RandomForest,leaked-only,0.8763912394225983,0.9854135030954327,0.7530473242215112,84,1223,1307
10,0.93,embedding_0.93,LogisticRegression,baseline,0.6284692908400169,0.9077915015924805,0.4025622675325957,84,1226,1310
10,0.93,embedding_0.93,LogisticRegression,cleaned,0.4,nan,nan,0,3,3
10,0.93,embedding_0.93,LogisticRegression,leaked-only,0.6290183812606787,0.9077015924930888,0.4032730544690309,84,1223,1307
10,0.94,embedding_0.94,RandomForest,baseline,0.876410185111623,0.9851967295890623,0.7530851247163449,84,1226,1310
10,0.94,embedding_0.94,RandomForest,cleaned,1.0,nan,nan,0,3,3
10,0.94,embedding_0.94,RandomForest,leaked-only,0.8763912394225983,0.9854135030954327,0.7530473242215112,84,1223,1307
10,0.94,embedding_0.94,LogisticRegression,baseline,0.6284692908400169,0.9077915015924805,0.4025622675325957,84,1226,1310
10,0.94,embedding_0.94,LogisticRegression,cleaned,0.4,nan,nan,0,3,3
10,0.94,embedding_0.94,LogisticRegression,leaked-only,0.6290183812606787,0.9077015924930888,0.4032730544690309,84,1223,1307
10,0.95,embedding_0.95,RandomForest,baseline,0.876410185111623,0.9851967295890623,0.7530851247163449,84,1226,1310
10,0.95,embedding_0.95,RandomForest,cleaned,1.0,nan,nan,0,5,5
10,0.95,embedding_0.95,RandomForest,leaked-only,0.8763785573260475,0.9854676104676104,0.7530220208713447,84,1221,1305
10,0.95,embedding_0.95,LogisticRegression,baseline,0.6284692908400169,0.9077915015924805,0.4025622675325957,84,1226,1310
10,0.95,embedding_0.95,LogisticRegression,cleaned,0.375,nan,nan,0,5,5
10,0.95,embedding_0.95,LogisticRegression,leaked-only,0.6296230598669623,0.9077259077259078,0.40404124166951366,84,1221,1305
10,0.96,embedding_0.96,RandomForest,baseline,0.876410185111623,0.9851967295890623,0.7530851247163449,84,1226,1310
10,0.96,embedding_0.96,RandomForest,cleaned,1.0,nan,nan,0,24,24
10,0.96,embedding_0.96,RandomForest,leaked-only,0.8762559760149097,0.9852378971555343,0.7527774466037075,84,1202,1286
10,0.96,embedding_0.96,LogisticRegression,baseline,0.6284692908400169,0.9077915015924805,0.4025622675325957,84,1226,1310
10,0.96,embedding_0.96,LogisticRegression,cleaned,0.4782608695652174,nan,nan,0,24,24
10,0.96,embedding_0.96,LogisticRegression,leaked-only,0.6286004377157555,0.9064753189129229,0.4030019608303977,84,1202,1286
10,0.97,embedding_0.97,RandomForest,baseline,0.876410185111623,0.9851967295890623,0.7530851247163449,84,1226,1310
10,0.97,embedding_0.97,RandomForest,cleaned,0.8316384180790961,1.0,0.7047138579747255,1,148,149
10,0.97,embedding_0.97,RandomForest,leaked-only,0.8765323162442049,0.984213291011914,0.753501956094027,83,1078,1161
10,0.97,embedding_0.97,LogisticRegression,baseline,0.6284692908400169,0.9077915015924805,0.4025622675325957,84,1226,1310
10,0.97,embedding_0.97,LogisticRegression,cleaned,0.6342660775650466,0.9864864864864865,0.40129295537803306,1,148,149
10,0.97,embedding_0.97,LogisticRegression,leaked-only,0.6216657972526517,0.8995462368956345,0.3956292421701738,83,1078,1161
10,0.98,embedding_0.98,RandomForest,baseline,0.876410185111623,0.9851967295890623,0.7530851247163449,84,1226,1310
10,0.98,embedding_0.98,RandomForest,cleaned,0.7460079840319361,0.992544731610338,0.5091866981232,6,503,509
10,0.98,embedding_0.98,RandomForest,leaked-only,0.8883322800104093,0.9810529488952725,0.7781113197389073,78,723,801
10,0.98,embedding_0.98,LogisticRegression,baseline,0.6284692908400169,0.9077915015924805,0.4025622675325957,84,1226,1310
10,0.98,embedding_0.98,LogisticRegression,cleaned,0.5974815986373867,0.9751491053677932,0.3507069448504482,6,503,509
10,0.98,embedding_0.98,LogisticRegression,leaked-only,0.6084406061593612,0.8728942795332837,0.38270774872969515,78,723,801
10,0.99,embedding_0.99,RandomForest,baseline,0.876410185111623,0.9851967295890623,0.7530851247163449,84,1226,1310
10,0.99,embedding_0.99,RandomForest,cleaned,0.8127221264551278,0.9801859099804305,0.6255171169226753,34,1022,1056
10,0.99,embedding_0.99,RandomForest,leaked-only,0.9158404485790748,0.9844607843137254,0.8335343660945563,50,204,254
10,0.99,embedding_0.99,LogisticRegression,baseline,0.6284692908400169,0.9077915015924805,0.4025622675325957,84,1226,1310
10,0.99,embedding_0.99,LogisticRegression,cleaned,0.5925925925925926,0.8867272936571889,0.3286803946242048,34,1022,1056
10,0.99,embedding_0.99,LogisticRegression,leaked-only,0.5846415489272632,0.8430392156862745,0.3857430027488198,50,204,254
10,1.0,embedding_1.0,RandomForest,baseline,0.876410185111623,0.9851967295890623,0.7530851247163449,84,1226,1310
10,1.0,embedding_1.0,RandomForest,cleaned,0.876410185111623,0.9851967295890623,0.7530851247163449,84,1226,1310
10,1.0,embedding_1.0,LogisticRegression,baseline,0.6284692908400169,0.9077915015924805,0.4025622675325957,84,1226,1310
10,1.0,embedding_1.0,LogisticRegression,cleaned,0.6284692908400169,0.9077915015924805,0.4025622675325957,84,1226,1310
11,0.9,embedding_0.9,RandomForest,baseline,0.7964370680865527,0.9360511590727417,0.6001815740099965,80,1251,1331
11,0.9,embedding_0.9,RandomForest,cleaned,0.45794392523364486,0.9705215419501134,0.0,9,49,58
11,0.9,embedding_0.9,RandomForest,leaked-only,0.8189275046228248,0.9378149094232617,0.6405061572760243,71,1202,1273
11,0.9,embedding_0.9,LogisticRegression,baseline,0.6002000350976544,0.869834132693845,0.3429067292585693,80,1251,1331
11,0.9,embedding_0.9,LogisticRegression,cleaned,0.5423242467718795,0.7891156462585034,0.20391953983381747,9,49,58
11,0.9,embedding_0.9,LogisticRegression,leaked-only,0.6016512986230249,0.8739659253357082,0.3502652188919996,71,1202,1273
11,0.91,embedding_0.91,RandomForest,baseline,0.7964370680865527,0.9360511590727417,0.6001815740099965,80,1251,1331
11,0.91,embedding_0.91,RandomForest,cleaned,0.45161290322580644,0.9419642857142857,0.0,12,56,68
11,0.91,embedding_0.91,RandomForest,leaked-only,0.8271802022518766,0.9372507999015506,0.6558547739340378,68,1195,1263
11,0.91,embedding_0.91,LogisticRegression,baseline,0.6002000350976544,0.869834132693845,0.3429067292585693,80,1251,1331
11,0.91,embedding_0.91,LogisticRegression,cleaned,0.5632411067193676,0.8005952380952381,0.25913374465524097,12,56,68
11,0.91,embedding_0.91,LogisticRegression,leaked-only,0.5985353038509523,0.8723603248830912,0.3441197198076867,68,1195,1263
11,0.92,embedding_0.92,RandomForest,baseline,0.7964370680865527,0.9360511590727417,0.6001815740099965,80,1251,1331
11,0.92,embedding_0.92,RandomForest,cleaned,0.45112781954887216,0.9294871794871795,0.0,13,60,73
11,0.92,embedding_0.92,RandomForest,leaked-only,0.8300016809326209,0.9372783437973858,0.6611727845783472,67,1191,1258
11,0.92,embedding_0.92,LogisticRegression,baseline,0.6002000350976544,0.869834132693845,0.3429067292585693,80,1251,1331
11,0.92,embedding_0.92,LogisticRegression,cleaned,0.554597096570587,0.791025641025641,0.2570406895219433,13,60,73
11,0.92,embedding_0.92,LogisticRegression,leaked-only,0.5985079047346705,0.872300963695377,0.3432853292203301,67,1191,1258
11,0.93,embedding_0.93,RandomForest,baseline,0.7964370680865527,0.9360511590727417,0.6001815740099965,80,1251,1331
11,0.93,embedding_0.93,RandomForest,cleaned,0.44966442953020136,0.9303482587064676,0.0,15,67,82
11,0.93,embedding_0.93,RandomForest,leaked-only,0.8357825537294563,0.937279106029106,0.6721888462434468,65,1184,1249
11,0.93,embedding_0.93,LogisticRegression,baseline,0.6002000350976544,0.869834132693845,0.3429067292585693,80,1251,1331
11,0.93,embedding_0.93,LogisticRegression,cleaned,0.5465191932335719,0.7601990049751244,0.26112601194689733,15,67,82
11,0.93,embedding_0.93,LogisticRegression,leaked-only,0.5977667216551761,0.8725571725571725,0.34070677392274323,65,1184,1249
11,0.94,embedding_0.94,RandomForest,baseline,0.7964370680865527,0.9360511590727417,0.6001815740099965,80,1251,1331
11,0.94,embedding_0.94,RandomForest,cleaned,0.44871794871794873,0.9375,0.0,16,70,86
11,0.94,embedding_0.94,RandomForest,leaked-only,0.838743762441033,0.9368583298052499,0.6778958243340221,64,1181,1245
11,0.94,embedding_0.94,LogisticRegression,baseline,0.6002000350976544,0.869834132693845,0.3429067292585693,80,1251,1331
11,0.94,embedding_0.94,LogisticRegression,cleaned,0.546041055718475,0.7589285714285714,0.26610034650473097,16,70,86
11,0.94,embedding_0.94,LogisticRegression,leaked-only,0.5970439098068832,0.8716924216765454,0.3389476292951011,64,1181,1245
11,0.95,embedding_0.95,RandomForest,baseline,0.7964370680865527,0.9360511590727417,0.6001815740099965,80,1251,1331
11,0.95,embedding_0.95,RandomForest,cleaned,0.499438202247191,0.9365131578947369,0.20727892860286046,19,80,99
11,0.95,embedding_0.95,RandomForest,leaked-only,0.8423208191126279,0.9352941999972001,0.6847512190945302,61,1171,1232
11,0.95,embedding_0.95,LogisticRegression,baseline,0.6002000350976544,0.869834132693845,0.3429067292585693,80,1251,1331
11,0.95,embedding_0.95,LogisticRegression,cleaned,0.5801339285714285,0.763157894736842,0.31882151052392216,19,80,99
11,0.95,embedding_0.95,LogisticRegression,leaked-only,0.5918752225076735,0.86934244235696,0.32985323438735764,61,1171,1232
11,0.96,embedding_0.96,RandomForest,baseline,0.7964370680865527,0.9360511590727417,0.6001815740099965,80,1251,1331
11,0.96,embedding_0.96,RandomForest,cleaned,0.6004842615012107,0.9491424012764259,0.32733015943677324,23,109,132
11,0.96,embedding_0.96,RandomForest,leaked-only,0.8407777152855893,0.9315067440931576,0.6816800093589133,57,1142,1199
11,0.96,embedding_0.96,LogisticRegression,baseline,0.6002000350976544,0.869834132693845,0.3429067292585693,80,1251,1331
11,0.96,embedding_0.96,LogisticRegression,cleaned,0.6348917223234163,0.8069405664140408,0.39814031279414963,23,109,132
11,0.96,embedding_0.96,LogisticRegression,leaked-only,0.5839670395036098,0.8641810305097244,0.31629096019186537,57,1142,1199
11,0.97,embedding_0.97,RandomForest,baseline,0.7964370680865527,0.9360511590727417,0.6001815740099965,80,1251,1331
11,0.97,embedding_0.97,RandomForest,cleaned,0.6118489583333333,0.9503205128205129,0.30617885453596355,24,247,271
11,0.97,embedding_0.97,RandomForest,leaked-only,0.8465852555404794,0.926437108708025,0.6933035506972623,56,1004,1060
11,0.97,embedding_0.97,LogisticRegression,baseline,0.6002000350976544,0.869834132693845,0.3429067292585693,80,1251,1331
11,0.97,embedding_0.97,LogisticRegression,cleaned,0.6669124877089478,0.8711201079622133,0.4283271492100532,24,247,271
11,0.97,embedding_0.97,LogisticRegression,leaked-only,0.5817935292911647,0.866338218554354,0.3195758428956919,56,1004,1060
11,0.98,embedding_0.98,RandomForest,baseline,0.7964370680865527,0.9360511590727417,0.6001815740099965,80,1251,1331
11,0.98,embedding_0.98,RandomForest,cleaned,0.6663334210295536,0.9449146359258719,0.3849339730361963,33,623,656
11,0.98,embedding_0.98,RandomForest,leaked-only,0.8584608932690292,0.9249051361973167,0.7169701240709444,47,628,675
11,0.98,embedding_0.98,LogisticRegression,baseline,0.6002000350976544,0.869834132693845,0.3429067292585693,80,1251,1331
11,0.98,embedding_0.98,LogisticRegression,cleaned,0.6295497715488474,0.8760640108954716,0.36432481388015825,33,623,656
11,0.98,embedding_0.98,LogisticRegression,leaked-only,0.5737679613830265,0.8563829787234043,0.3251957527840598,47,628,675
11,0.99,embedding_0.99,RandomForest,baseline,0.7964370680865527,0.9360511590727417,0.6001815740099965,80,1251,1331
11,0.99,embedding_0.99,RandomForest,cleaned,0.740063233965673,0.9285551206784084,0.5021469413210169,56,1095,1151
11,0.99,embedding_0.99,RandomForest,leaked-only,0.8876123876123876,0.9464476495726496,0.7785962012072837,24,156,180
11,0.99,embedding_0.99,LogisticRegression,baseline,0.6002000350976544,0.869834132693845,0.3429067292585693,80,1251,1331
11,0.99,embedding_0.99,LogisticRegression,cleaned,0.6007303473507393,0.861399217221135,0.32625951642290046,56,1095,1151
11,0.99,embedding_0.99,LogisticRegression,leaked-only,0.5288607246177159,0.8247863247863247,0.32597149958186294,24,156,180
11,1.0,embedding_1.0,RandomForest,baseline,0.7964370680865527,0.9360511590727417,0.6001815740099965,80,1251,1331
11,1.0,embedding_1.0,RandomForest,cleaned,0.7964370680865527,0.9360511590727417,0.6001815740099965,80,1251,1331
11,1.0,embedding_1.0,LogisticRegression,baseline,0.6002000350976544,0.869834132693845,0.3429067292585693,80,1251,1331
11,1.0,embedding_1.0,LogisticRegression,cleaned,0.6002000350976544,0.869834132693845,0.3429067292585693,80,1251,1331
12,0.9,embedding_0.9,RandomForest,baseline,0.7865730129390018,0.9407472189831011,0.6043301051046229,81,1334,1415
12,0.9,embedding_0.9,RandomForest,cleaned,0.4770992366412214,0.8826666666666667,0.0,12,125,137
12,0.9,embedding_0.9,RandomForest,leaked-only,0.8194516389612365,0.9487479171911151,0.6574937988630118,69,1209,1278
12,0.9,embedding_0.9,LogisticRegression,baseline,0.610834889952877,0.8718881300090695,0.35240630400049555,81,1334,1415
12,0.9,embedding_0.9,LogisticRegression,cleaned,0.5762489455431624,0.7686666666666667,0.23292120466307772,12,125,137
12,0.9,embedding_0.9,LogisticRegression,leaked-only,0.614902962206333,0.8918018244806464,0.36925060017573247,69,1209,1278
12,0.91,embedding_0.91,RandomForest,baseline,0.7865730129390018,0.9407472189831011,0.6043301051046229,81,1334,1415
12,0.91,embedding_0.91,RandomForest,cleaned,0.47794117647058826,0.8807692307692307,0.0,12,130,142
12,0.91,embedding_0.91,RandomForest,leaked-only,0.8194188317711117,0.9490767490009148,0.6574363396509519,69,1204,1273
12,0.91,embedding_0.91,LogisticRegression,baseline,0.610834889952877,0.8718881300090695,0.35240630400049555,81,1334,1415
12,0.91,embedding_0.91,LogisticRegression,cleaned,0.5683890577507599,0.7666666666666667,0.22341116783310075,12,130,142
12,0.91,embedding_0.91,LogisticRegression,leaked-only,0.6161156130149696,0.8920506524146564,0.37081666636702854,69,1204,1273
12,0.92,embedding_0.92,RandomForest,baseline,0.7865730129390018,0.9407472189831011,0.6043301051046229,81,1334,1415
12,0.92,embedding_0.92,RandomForest,cleaned,0.5503018108651911,0.8880090497737557,0.26586852142754824,13,136,149
12,0.92,embedding_0.92,RandomForest,leaked-only,0.816269801399913,0.9488362957870962,0.65164201637676,68,1198,1266
12,0.92,embedding_0.92,LogisticRegression,baseline,0.610834889952877,0.8718881300090695,0.35240630400049555,81,1334,1415
12,0.92,embedding_0.92,LogisticRegression,cleaned,0.5754331921447824,0.782239819004525,0.2420387481677177,13,136,149
12,0.92,embedding_0.92,LogisticRegression,leaked-only,0.6154091920911352,0.8908843169989198,0.3692570908226533,68,1198,1266
12,0.93,embedding_0.93,RandomForest,baseline,0.7865730129390018,0.9407472189831011,0.6043301051046229,81,1334,1415
12,0.93,embedding_0.93,RandomForest,cleaned,0.5388513513513513,0.8912529550827424,0.24626238301925565,15,141,156
12,0.93,embedding_0.93,RandomForest,leaked-only,0.8225956942810029,0.948989052300033,0.6621442925014898,66,1193,1259
12,0.93,embedding_0.93,LogisticRegression,baseline,0.610834889952877,0.8718881300090695,0.35240630400049555,81,1334,1415
12,0.93,embedding_0.93,LogisticRegression,cleaned,0.5873015873015873,0.7962174940898346,0.2722828818618406,15,141,156
12,0.93,embedding_0.93,LogisticRegression,leaked-only,0.6135370798565731,0.8899387843226904,0.36543631354810757,66,1193,1259
12,0.94,embedding_0.94,RandomForest,baseline,0.7865730129390018,0.9407472189831011,0.6043301051046229,81,1334,1415
12,0.94,embedding_0.94,RandomForest,cleaned,0.5340710541642399,0.8945312499999999,0.23791547571544322,16,144,160
12,0.94,embedding_0.94,RandomForest,leaked-only,0.8258395781293366,0.9490303813833226,0.6675695067812573,65,1190,1255
12,0.94,embedding_0.94,LogisticRegression,baseline,0.610834889952877,0.8718881300090695,0.35240630400049555,81,1334,1415
12,0.94,embedding_0.94,LogisticRegression,cleaned,0.5703125,0.7790798611111112,0.23640271442232508,16,144,160
12,0.94,embedding_0.94,LogisticRegression,leaked-only,0.616322154873371,0.8944667097608274,0.37259453450036456,65,1190,1255
12,0.95,embedding_0.95,RandomForest,baseline,0.7865730129390018,0.9407472189831011,0.6043301051046229,81,1334,1415
12,0.95,embedding_0.95,RandomForest,cleaned,0.5272584446190103,0.8719426974143956,0.22402989519123098,18,159,177
12,0.95,embedding_0.95,RandomForest,leaked-only,0.8324496457288433,0.9499966227625802,0.678705643629966,63,1175,1238
12,0.95,embedding_0.95,LogisticRegression,baseline,0.610834889952877,0.8718881300090695,0.35240630400049555,81,1334,1415
12,0.95,embedding_0.95,LogisticRegression,cleaned,0.5859752152490918,0.7847658979734451,0.26977535310531975,18,159,177
12,0.95,embedding_0.95,LogisticRegression,leaked-only,0.6138902625427082,0.8952516041877744,0.36817895707722287,63,1175,1238
12,0.96,embedding_0.96,RandomForest,baseline,0.7865730129390018,0.9407472189831011,0.6043301051046229,81,1334,1415
12,0.96,embedding_0.96,RandomForest,cleaned,0.5986516853932584,0.9109048228766539,0.353830361564536,22,213,235
12,0.96,embedding_0.96,RandomForest,leaked-only,0.8329203539823009,0.9482378022044482,0.678375675876975,59,1121,1180
12,0.96,embedding_0.96,LogisticRegression,baseline,0.610834889952877,0.8718881300090695,0.35240630400049555,81,1334,1415
12,0.96,embedding_0.96,LogisticRegression,cleaned,0.6122474393698827,0.7936406316688006,0.3095373441023768,22,213,235
12,0.96,embedding_0.96,LogisticRegression,leaked-only,0.6095588235294118,0.9002555224602731,0.3649073809025942,59,1121,1180
12,0.97,embedding_0.97,RandomForest,baseline,0.7865730129390018,0.9407472189831011,0.6043301051046229,81,1334,1415
12,0.97,embedding_0.97,RandomForest,cleaned,0.6174373795761079,0.9359931113662456,0.37995452159842175,26,335,361
12,0.97,embedding_0.97,RandomForest,leaked-only,0.8401652417183048,0.9438620438620438,0.6901836665214418,55,999,1054
12,0.97,embedding_0.97,LogisticRegression,baseline,0.610834889952877,0.8718881300090695,0.35240630400049555,81,1334,1415
12,0.97,embedding_0.97,LogisticRegression,cleaned,0.6221873364730508,0.8035591274397244,0.3168070141817529,26,335,361
12,0.97,embedding_0.97,LogisticRegression,leaked-only,0.6070847312766519,0.9065247065247065,0.3706340748893981,55,999,1054
12,0.98,embedding_0.98,RandomForest,baseline,0.7865730129390018,0.9407472189831011,0.6043301051046229,81,1334,1415
12,0.98,embedding_0.98,RandomForest,cleaned,0.677351150202977,0.9549183303085299,0.45038675288688335,38,725,763
12,0.98,embedding_0.98,RandomForest,leaked-only,0.8550789064236497,0.9237407874136022,0.7159415682112616,43,609,652
12,0.98,embedding_0.98,LogisticRegression,baseline,0.610834889952877,0.8718881300090695,0.35240630400049555,81,1334,1415
12,0.98,embedding_0.98,LogisticRegression,cleaned,0.6254295532646048,0.8582214156079854,0.3449408296600827,38,725,763
12,0.98,embedding_0.98,LogisticRegression,leaked-only,0.5925243317477061,0.877381907053118,0.3570659811566497,43,609,652
12,0.99,embedding_0.99,RandomForest,baseline,0.7865730129390018,0.9407472189831011,0.6043301051046229,81,1334,1415
12,0.99,embedding_0.99,RandomForest,cleaned,0.7472073961113229,0.9396855084510944,0.5443172455086143,60,1203,1263
12,0.99,embedding_0.99,RandomForest,leaked-only,0.867634252539913,0.9347509996364958,0.7383742890000403,21,131,152
12,0.99,embedding_0.99,LogisticRegression,baseline,0.610834889952877,0.8718881300090695,0.35240630400049555,81,1334,1415
12,0.99,embedding_0.99,LogisticRegression,cleaned,0.6043557434450131,0.8667775006927126,0.329994910544591,60,1203,1263
12,0.99,embedding_0.99,LogisticRegression,leaked-only,0.5789473684210527,0.8287895310796074,0.3729154296779256,21,131,152
12,1.0,embedding_1.0,RandomForest,baseline,0.7865730129390018,0.9407472189831011,0.6043301051046229,81,1334,1415
12,1.0,embedding_1.0,RandomForest,cleaned,0.7865730129390018,0.9407472189831011,0.6043301051046229,81,1334,1415
12,1.0,embedding_1.0,LogisticRegression,baseline,0.610834889952877,0.8718881300090695,0.35240630400049555,81,1334,1415
12,1.0,embedding_1.0,LogisticRegression,cleaned,0.610834889952877,0.8718881300090695,0.35240630400049555,81,1334,1415
13,0.9,embedding_0.9,RandomForest,baseline,0.8011816480698593,0.969845289194948,0.6079686098705646,53,1222,1275
13,0.9,embedding_0.9,RandomForest,cleaned,0.4690265486725664,0.8126684636118598,0.0,7,53,60
13,0.9,embedding_0.9,RandomForest,leaked-only,0.8271446862996159,0.9767452672295162,0.6554969382573326,46,1169,1215
13,0.9,embedding_0.9,LogisticRegression,baseline,0.5574642044424754,0.920899854862119,0.3111381355992206,53,1222,1275
13,0.9,embedding_0.9,LogisticRegression,cleaned,0.5634920634920635,0.8867924528301887,0.3757447603342896,7,53,60
13,0.9,embedding_0.9,LogisticRegression,leaked-only,0.5530086543356525,0.9214676237586938,0.30005929970502787,46,1169,1215
13,0.91,embedding_0.91,RandomForest,baseline,0.8011816480698593,0.969845289194948,0.6079686098705646,53,1222,1275
13,0.91,embedding_0.91,RandomForest,cleaned,0.46923076923076923,0.824795081967213,0.0,8,61,69
13,0.91,embedding_0.91,RandomForest,leaked-only,0.8311903857305685,0.976887740453632,0.6631794635275857,45,1161,1206
13,0.91,embedding_0.91,LogisticRegression,baseline,0.5574642044424754,0.920899854862119,0.3111381355992206,53,1222,1275
13,0.91,embedding_0.91,LogisticRegression,cleaned,0.5315564495851144,0.8360655737704918,0.28762457073589603,8,61,69
13,0.91,embedding_0.91,LogisticRegression,leaked-only,0.5554995150339477,0.9280888123265384,0.30818347261179174,45,1161,1206
13,0.92,embedding_0.92,RandomForest,baseline,0.8011816480698593,0.969845289194948,0.6079686098705646,53,1222,1275
13,0.92,embedding_0.92,RandomForest,cleaned,0.46715328467153283,0.8428819444444444,0.0,9,64,73
13,0.92,embedding_0.92,RandomForest,leaked-only,0.835354995814626,0.9772825404302089,0.6711743742767099,44,1158,1202
13,0.92,embedding_0.92,LogisticRegression,baseline,0.5574642044424754,0.920899854862119,0.3111381355992206,53,1222,1275
13,0.92,embedding_0.92,LogisticRegression,cleaned,0.5342134213421342,0.8489583333333334,0.2968315048568951,9,64,73
13,0.92,embedding_0.92,LogisticRegression,leaked-only,0.5543571681356275,0.9272059978018528,0.30586146769356565,44,1158,1202
13,0.93,embedding_0.93,RandomForest,baseline,0.8011816480698593,0.969845289194948,0.6079686098705646,53,1222,1275
13,0.93,embedding_0.93,RandomForest,cleaned,0.46853146853146854,0.8366500829187397,0.0,9,67,76
13,0.93,embedding_0.93,RandomForest,leaked-only,0.8353398947127489,0.9774891774891774,0.6711442746503667,44,1155,1199
13,0.93,embedding_0.93,LogisticRegression,baseline,0.5574642044424754,0.920899854862119,0.3111381355992206,53,1222,1275
13,0.93,embedding_0.93,LogisticRegression,cleaned,0.5225937183383992,0.8474295190713101,0.2850620368313789,9,67,76
13,0.93,embedding_0.93,LogisticRegression,leaked-only,0.5554080523538869,0.9273907910271547,0.3071494925559979,44,1155,1199
13,0.94,embedding_0.94,RandomForest,baseline,0.8011816480698593,0.969845289194948,0.6079686098705646,53,1222,1275
13,0.94,embedding_0.94,RandomForest,cleaned,0.46794871794871795,0.8417808219178082,0.0,10,73,83
13,0.94,embedding_0.94,RandomForest,leaked-only,0.8395859213250518,0.9777561883943571,0.6793854002247973,43,1149,1192
13,0.94,embedding_0.94,LogisticRegression,baseline,0.5574642044424754,0.920899854862119,0.3111381355992206,53,1222,1275
13,0.94,embedding_0.94,LogisticRegression,cleaned,0.5329923273657289,0.8602739726027397,0.3005743366041953,10,73,83
13,0.94,embedding_0.94,LogisticRegression,leaked-only,0.5540462760446644,0.9263869492177222,0.3046164999625897,43,1149,1192
13,0.95,embedding_0.95,RandomForest,baseline,0.8011816480698593,0.969845289194948,0.6079686098705646,53,1222,1275
13,0.95,embedding_0.95,RandomForest,cleaned,0.46745562130177515,0.8567318757192176,0.0,11,79,90
13,0.95,embedding_0.95,RandomForest,leaked-only,0.8439319148039469,0.9776277965254343,0.6879190941045473,42,1143,1185
13,0.95,embedding_0.95,LogisticRegression,baseline,0.5574642044424754,0.920899854862119,0.3111381355992206,53,1222,1275
13,0.95,embedding_0.95,LogisticRegression,cleaned,0.5418181818181818,0.8757192174913694,0.3136737589037994,11,79,90
13,0.95,embedding_0.95,LogisticRegression,leaked-only,0.552649599662874,0.9248427279923344,0.3020066111824756,42,1143,1185
13,0.96,embedding_0.96,RandomForest,baseline,0.8011816480698593,0.969845289194948,0.6079686098705646,53,1222,1275
13,0.96,embedding_0.96,RandomForest,cleaned,0.47280334728033474,0.8975493533015656,0.0,13,113,126
13,0.96,embedding_0.96,RandomForest,leaked-only,0.8528375014617684,0.9782236248872859,0.7057344279373354,40,1109,1149
13,0.96,embedding_0.96,LogisticRegression,baseline,0.5574642044424754,0.920899854862119,0.3111381355992206,53,1222,1275
13,0.96,embedding_0.96,LogisticRegression,cleaned,0.5811170212765957,0.8897208985704561,0.35816329155692717,13,113,126
13,0.96,embedding_0.96,LogisticRegression,leaked-only,0.5489692281196616,0.9246844003606853,0.2962329827007506,40,1109,1149
13,0.97,embedding_0.97,RandomForest,baseline,0.8011816480698593,0.969845289194948,0.6079686098705646,53,1222,1275
13,0.97,embedding_0.97,RandomForest,cleaned,0.5482723577235773,0.9527196652719665,0.250953386325104,15,239,254
13,0.97,embedding_0.97,RandomForest,leaked-only,0.8533735443104078,0.9754644750227554,0.7070060191841296,38,983,1021
13,0.97,embedding_0.97,LogisticRegression,baseline,0.5574642044424754,0.920899854862119,0.3111381355992206,53,1222,1275
13,0.97,embedding_0.97,LogisticRegression,cleaned,0.6323941493456505,0.9352859135285914,0.4111563486169794,15,239,254
13,0.97,embedding_0.97,LogisticRegression,leaked-only,0.539496457749681,0.9176527279541682,0.28655969587575886,38,983,1021
13,0.98,embedding_0.98,RandomForest,baseline,0.8011816480698593,0.969845289194948,0.6079686098705646,53,1222,1275
13,0.98,embedding_0.98,RandomForest,cleaned,0.7267973856209151,0.9606608119781169,0.5445123402086964,23,604,627
13,0.98,embedding_0.98,RandomForest,leaked-only,0.8356331168831168,0.9806903991370011,0.6727880198418772,30,618,648
13,0.98,embedding_0.98,LogisticRegression,baseline,0.5574642044424754,0.920899854862119,0.3111381355992206,53,1222,1275
13,0.98,embedding_0.98,LogisticRegression,cleaned,0.6156449893390192,0.9486035128131298,0.37627932455441193,23,604,627
13,0.98,embedding_0.98,LogisticRegression,leaked-only,0.5122217936282643,0.8990830636461704,0.26926156575651394,30,618,648
13,0.99,embedding_0.99,RandomForest,baseline,0.8011816480698593,0.969845289194948,0.6079686098705646,53,1222,1275
13,0.99,embedding_0.99,RandomForest,cleaned,0.738935085294997,0.964517625231911,0.4972256701810366,36,1078,1114
13,0.99,embedding_0.99,RandomForest,leaked-only,0.8931247036510195,0.9805964052287581,0.7897467369039126,17,144,161
13,0.99,embedding_0.99,LogisticRegression,baseline,0.5574642044424754,0.920899854862119,0.3111381355992206,53,1222,1275
13,0.99,embedding_0.99,LogisticRegression,cleaned,0.5560916941981104,0.925041228612657,0.2926786455651628,36,1078,1114
13,0.99,embedding_0.99,LogisticRegression,leaked-only,0.4891110628124321,0.8370098039215685,0.3051765325993837,17,144,161
13,1.0,embedding_1.0,RandomForest,baseline,0.8011816480698593,0.969845289194948,0.6079686098705646,53,1222,1275
13,1.0,embedding_1.0,RandomForest,cleaned,0.8011816480698593,0.969845289194948,0.6079686098705646,53,1222,1275
13,1.0,embedding_1.0,LogisticRegression,baseline,0.5574642044424754,0.920899854862119,0.3111381355992206,53,1222,1275
13,1.0,embedding_1.0,LogisticRegression,cleaned,0.5574642044424754,0.920899854862119,0.3111381355992206,53,1222,1275
14,0.9,embedding_0.9,RandomForest,baseline,0.7956062138064159,0.9662181462827933,0.6097882342652767,53,1255,1308
14,0.9,embedding_0.9,RandomForest,cleaned,0.48677248677248675,0.9728260869565217,0.0,5,92,97
14,0.9,embedding_0.9,RandomForest,leaked-only,0.8147937201048407,0.9723953854972771,0.6418893143064628,48,1163,1211
14,0.9,embedding_0.9,LogisticRegression,baseline,0.5564123159303882,0.8799218221453808,0.28759924880207993,53,1255,1308
14,0.9,embedding_0.9,LogisticRegression,cleaned,0.5435723696593262,0.7565217391304349,0.2630687153165611,5,92,97
14,0.9,embedding_0.9,LogisticRegression,leaked-only,0.5573830409356725,0.8946331327027802,0.2896919281140654,48,1163,1211
14,0.91,embedding_0.91,RandomForest,baseline,0.7956062138064159,0.9662181462827933,0.6097882342652767,53,1255,1308
14,0.91,embedding_0.91,RandomForest,cleaned,0.4873096446700508,0.9739583333333334,0.0,5,96,101
14,0.91,embedding_0.91,RandomForest,leaked-only,0.8147724807247596,0.9727315214265171,0.6418503180671798,48,1159,1207
14,0.91,embedding_0.91,LogisticRegression,baseline,0.5564123159303882,0.8799218221453808,0.28759924880207993,53,1255,1308
14,0.91,embedding_0.91,LogisticRegression,cleaned,0.540266106442577,0.7562500000000001,0.2587104064264885,5,96,101
14,0.91,embedding_0.91,LogisticRegression,leaked-only,0.5577647536472988,0.8945930399769917,0.29021248665572885,48,1159,1207
14,0.92,embedding_0.92,RandomForest,baseline,0.7956062138064159,0.9662181462827933,0.6097882342652767,53,1255,1308
14,0.92,embedding_0.92,RandomForest,cleaned,0.48325358851674644,0.9667609618104667,0.0,7,101,108
14,0.92,embedding_0.92,RandomForest,leaked-only,0.8232974656275394,0.9729014392283928,0.6564761347155244,46,1154,1200
14,0.92,embedding_0.92,LogisticRegression,baseline,0.5564123159303882,0.8799218221453808,0.28759924880207993,53,1255,1308
14,0.92,embedding_0.92,LogisticRegression,cleaned,0.5566502463054187,0.7977369165487977,0.29984712356687343,7,101,108
14,0.92,embedding_0.92,LogisticRegression,leaked-only,0.5554335176976687,0.891982518272926,0.2848756101546409,46,1154,1200
14,0.93,embedding_0.93,RandomForest,baseline,0.7956062138064159,0.9662181462827933,0.6097882342652767,53,1255,1308
14,0.93,embedding_0.93,RandomForest,cleaned,0.484304932735426,0.9669312169312169,0.0,7,108,115
14,0.93,embedding_0.93,RandomForest,leaked-only,0.8232621685239749,0.9733330806262083,0.6564103597156923,46,1147,1193
14,0.93,embedding_0.93,LogisticRegression,baseline,0.5564123159303882,0.8799218221453808,0.28759924880207993,53,1255,1308
14,0.93,embedding_0.93,LogisticRegression,cleaned,0.5441441441441441,0.7962962962962963,0.2850806878135235,7,108,115
14,0.93,embedding_0.93,LogisticRegression,leaked-only,0.5568977714892112,0.8925173420264584,0.28672339938202995,46,1147,1193
14,0.94,embedding_0.94,RandomForest,baseline,0.7956062138064159,0.9662181462827933,0.6097882342652767,53,1255,1308
14,0.94,embedding_0.94,RandomForest,cleaned,0.4808510638297872,0.9744346116027531,0.0,9,113,122
14,0.94,embedding_0.94,RandomForest,leaked-only,0.8322157145686557,0.9729839993631587,0.6720164460731095,44,1142,1186
14,0.94,embedding_0.94,LogisticRegression,baseline,0.5564123159303882,0.8799218221453808,0.28759924880207993,53,1255,1308
14,0.94,embedding_0.94,LogisticRegression,cleaned,0.5661891699685055,0.8279252704031465,0.32349760432603253,9,113,122
14,0.94,embedding_0.94,LogisticRegression,leaked-only,0.5531623746141975,0.889090113039325,0.2795516183599841,44,1142,1186
14,0.95,embedding_0.95,RandomForest,baseline,0.7956062138064159,0.9662181462827933,0.6097882342652767,53,1255,1308
14,0.95,embedding_0.95,RandomForest,cleaned,0.4823529411764706,0.976513098464318,0.0,9,123,132
14,0.95,embedding_0.95,RandomForest,leaked-only,0.8321678321678322,0.9735685030517186,0.6719259060065735,44,1132,1176
14,0.95,embedding_0.95,LogisticRegression,baseline,0.5564123159303882,0.8799218221453808,0.28759924880207993,53,1255,1308
14,0.95,embedding_0.95,LogisticRegression,cleaned,0.5576719576719577,0.8319783197831977,0.3127096582514283,9,123,132
14,0.95,embedding_0.95,LogisticRegression,leaked-only,0.5544573135097576,0.8894555091551558,0.2812599746136675,44,1132,1176
14,0.96,embedding_0.96,RandomForest,baseline,0.7956062138064159,0.9662181462827933,0.6097882342652767,53,1255,1308
14,0.96,embedding_0.96,RandomForest,cleaned,0.48231511254019294,0.963939393939394,0.0,11,150,161
14,0.96,embedding_0.96,RandomForest,leaked-only,0.8414841520204297,0.9740142210730446,0.688435339645472,42,1105,1147
14,0.96,embedding_0.96,LogisticRegression,baseline,0.5564123159303882,0.8799218221453808,0.28759924880207993,53,1255,1308
14,0.96,embedding_0.96,LogisticRegression,cleaned,0.5757185757185757,0.8563636363636364,0.33942236925227715,11,150,161
14,0.96,embedding_0.96,LogisticRegression,leaked-only,0.5511300421744418,0.8853695324283559,0.2747770246570322,42,1105,1147
14,0.97,embedding_0.97,RandomForest,baseline,0.7956062138064159,0.9662181462827933,0.6097882342652767,53,1255,1308
14,0.97,embedding_0.97,RandomForest,cleaned,0.6148989898989898,0.9549582719685812,0.3704044198293768,14,291,305
14,0.97,embedding_0.97,RandomForest,leaked-only,0.8371753246753246,0.9744919672305565,0.6792793565743113,39,964,1003
14,0.97,embedding_0.97,LogisticRegression,baseline,0.5564123159303882,0.8799218221453808,0.28759924880207993,53,1255,1308
14,0.97,embedding_0.97,LogisticRegression,cleaned,0.6242361521781983,0.8868433971526755,0.39530445745422044,14,291,305
14,0.97,embedding_0.97,LogisticRegression,leaked-only,0.538189199303282,0.8760506436854986,0.2576328992139224,39,964,1003
14,0.98,embedding_0.98,RandomForest,baseline,0.7956062138064159,0.9662181462827933,0.6097882342652767,53,1255,1308
14,0.98,embedding_0.98,RandomForest,cleaned,0.6796875,0.9536324786324787,0.4729361891981353,26,630,656
14,0.98,embedding_0.98,RandomForest,leaked-only,0.8647703703703704,0.981037037037037,0.7295407407407407,27,625,652
14,0.98,embedding_0.98,LogisticRegression,baseline,0.5564123159303882,0.8799218221453808,0.28759924880207993,53,1255,1308
14,0.98,embedding_0.98,LogisticRegression,cleaned,0.6160483338053431,0.8791819291819292,0.3501328425364968,26,630,656
14,0.98,embedding_0.98,LogisticRegression,leaked-only,0.5097744360902255,0.893037037037037,0.2491492692164041,27,625,652
14,0.99,embedding_0.99,RandomForest,baseline,0.7956062138064159,0.9662181462827933,0.6097882342652767,53,1255,1308
14,0.99,embedding_0.99,RandomForest,cleaned,0.719927398590182,0.9574809466506218,0.4744537228326675,36,1108,1144
14,0.99,embedding_0.99,RandomForest,leaked-only,0.9157678479712379,0.9907963185274109,0.8320252974684366,17,147,164
14,0.99,embedding_0.99,LogisticRegression,baseline,0.5564123159303882,0.8799218221453808,0.28759924880207993,53,1255,1308
14,0.99,embedding_0.99,LogisticRegression,cleaned,0.5493697478991597,0.8559215804251905,0.2545731515555847,36,1108,1144
14,0.99,embedding_0.99,LogisticRegression,leaked-only,0.5117152103559871,0.8771508603441376,0.32386489006175534,17,147,164
14,1.0,embedding_1.0,RandomForest,baseline,0.7956062138064159,0.9662181462827933,0.6097882342652767,53,1255,1308
14,1.0,embedding_1.0,RandomForest,cleaned,0.7956062138064159,0.9662181462827933,0.6097882342652767,53,1255,1308
14,1.0,embedding_1.0,LogisticRegression,baseline,0.5564123159303882,0.8799218221453808,0.28759924880207993,53,1255,1308
14,1.0,embedding_1.0,LogisticRegression,cleaned,0.5564123159303882,0.8799218221453808,0.28759924880207993,53,1255,1308
15,0.9,embedding_0.9,RandomForest,baseline,0.8742348979553869,0.9915497747173341,0.7523600464669797,45,1307,1352
15,0.9,embedding_0.9,RandomForest,cleaned,0.4957983193277311,1.0,0.0,2,118,120
15,0.9,embedding_0.9,RandomForest,leaked-only,0.883724832214765,0.9921567860425998,0.7698089950546867,43,1189,1232
15,0.9,embedding_0.9,LogisticRegression,baseline,0.5435174069627852,0.932466207600102,0.2969009933752562,45,1307,1352
15,0.9,embedding_0.9,LogisticRegression,cleaned,0.4771241830065359,0.9491525423728814,0.20705406502281615,2,118,120
15,0.9,embedding_0.9,LogisticRegression,leaked-only,0.5501780269918768,0.9341639446867605,0.3055401565925264,43,1189,1232
15,0.91,embedding_0.91,RandomForest,baseline,0.8742348979553869,0.9915497747173341,0.7523600464669797,45,1307,1352
15,0.91,embedding_0.91,RandomForest,cleaned,0.4939759036144578,0.981029810298103,0.0,3,123,126
15,0.91,embedding_0.91,RandomForest,leaked-only,0.8888230995321843,0.993384009009009,0.7793437840320099,42,1184,1226
15,0.91,embedding_0.91,LogisticRegression,baseline,0.5435174069627852,0.932466207600102,0.2969009933752562,45,1307,1352
15,0.91,embedding_0.91,LogisticRegression,cleaned,0.494811320754717,0.9214092140921409,0.24221565705396308,3,123,126
15,0.91,embedding_0.91,LogisticRegression,leaked-only,0.5488744588744588,0.9343227155727155,0.3031200251775781,42,1184,1226
15,0.92,embedding_0.92,RandomForest,baseline,0.8742348979553869,0.9915497747173341,0.7523600464669797,45,1307,1352
15,0.92,embedding_0.92,RandomForest,cleaned,0.4944237918215613,0.9799498746867168,0.0,3,133,136
15,0.92,embedding_0.92,RandomForest,leaked-only,0.8887926536013815,0.9933479354263,0.7792839350240721,42,1174,1216
15,0.92,embedding_0.92,LogisticRegression,baseline,0.5435174069627852,0.932466207600102,0.2969009933752562,45,1307,1352
15,0.92,embedding_0.92,LogisticRegression,cleaned,0.49741315594974134,0.9273182957393483,0.24118819447136003,3,133,136
15,0.92,embedding_0.92,LogisticRegression,leaked-only,0.548847187482459,0.9338038452178146,0.3033640535741622,42,1174,1216
15,0.93,embedding_0.93,RandomForest,baseline,0.8742348979553869,0.9915497747173341,0.7523600464669797,45,1307,1352
15,0.93,embedding_0.93,RandomForest,cleaned,0.4946236559139785,0.9758454106280193,0.0,3,138,141
15,0.93,embedding_0.93,RandomForest,leaked-only,0.8887772357196497,0.9934009531956495,0.7792536274574468,42,1169,1211
15,0.93,embedding_0.93,LogisticRegression,baseline,0.5435174069627852,0.932466207600102,0.2969009933752562,45,1307,1352
15,0.93,embedding_0.93,LogisticRegression,cleaned,0.48834988540870894,0.927536231884058,0.230265649529252,3,138,141
15,0.93,embedding_0.93,LogisticRegression,leaked-only,0.5503330783981202,0.9341113690985376,0.3052015102043324,42,1169,1211
15,0.94,embedding_0.94,RandomForest,baseline,0.8742348979553869,0.9915497747173341,0.7523600464669797,45,1307,1352
15,0.94,embedding_0.94,RandomForest,cleaned,0.4931506849315068,0.982638888888889,0.0,4,144,148
15,0.94,embedding_0.94,RandomForest,leaked-only,0.8940024210410475,0.9934358156995156,0.7891323737911737,41,1163,1204
15,0.94,embedding_0.94,LogisticRegression,baseline,0.5435174069627852,0.932466207600102,0.2969009933752562,45,1307,1352
15,0.94,embedding_0.94,LogisticRegression,cleaned,0.5026881720430108,0.921875,0.25623537159526916,4,144,148
15,0.94,embedding_0.94,LogisticRegression,leaked-only,0.5489341085271318,0.9340226076379423,0.30266960722738484,41,1163,1204
15,0.95,embedding_0.95,RandomForest,baseline,0.8742348979553869,0.9915497747173341,0.7523600464669797,45,1307,1352
15,0.95,embedding_0.95,RandomForest,cleaned,0.4923547400611621,0.9850931677018634,0.0,5,161,166
15,0.95,embedding_0.95,RandomForest,leaked-only,0.8993294287411935,0.994022687609075,0.7993173666575939,40,1146,1186
15,0.95,embedding_0.95,LogisticRegression,baseline,0.5435174069627852,0.932466207600102,0.2969009933752562,45,1307,1352
15,0.95,embedding_0.95,LogisticRegression,cleaned,0.484472049689441,0.8782608695652174,0.1882310910662695,5,161,166
15,0.95,embedding_0.95,LogisticRegression,leaked-only,0.5527119000841987,0.9390052356020943,0.3131641149607382,40,1146,1186
15,0.96,embedding_0.96,RandomForest,baseline,0.8742348979553869,0.9915497747173341,0.7523600464669797,45,1307,1352
15,0.96,embedding_0.96,RandomForest,cleaned,0.4918032786885246,0.9842592592592593,0.0,6,180,186
15,0.96,embedding_0.96,RandomForest,leaked-only,0.9047918999626726,0.9941073419334289,0.80988792834812,39,1127,1166
15,0.96,embedding_0.96,LogisticRegression,baseline,0.5435174069627852,0.932466207600102,0.2969009933752562,45,1307,1352
15,0.96,embedding_0.96,LogisticRegression,cleaned,0.48425430778371953,0.888888888888889,0.19948124964375882,6,180,186
15,0.96,embedding_0.96,LogisticRegression,leaked-only,0.5542513563603668,0.9393215480172001,0.3144815069856388,39,1127,1166
15,0.97,embedding_0.97,RandomForest,baseline,0.8742348979553869,0.9915497747173341,0.7523600464669797,45,1307,1352
15,0.97,embedding_0.97,RandomForest,cleaned,0.6950657894736842,0.989202657807309,0.495089897407186,8,301,309
15,0.97,embedding_0.97,RandomForest,leaked-only,0.8993021074699328,0.9933910053194347,0.7989404861025214,37,1006,1043
15,0.97,embedding_0.97,LogisticRegression,baseline,0.5435174069627852,0.932466207600102,0.2969009933752562,45,1307,1352
15,0.97,embedding_0.97,LogisticRegression,cleaned,0.5240361404234775,0.9177740863787376,0.24515257380393604,8,301,309
15,0.97,embedding_0.97,LogisticRegression,leaked-only,0.5484316833476744,0.9364623072376552,0.3095071825122695,37,1006,1043
15,0.98,embedding_0.98,RandomForest,baseline,0.8742348979553869,0.9915497747173341,0.7523600464669797,45,1307,1352
15,0.98,embedding_0.98,RandomForest,cleaned,0.7461597542242704,0.9901471984805318,0.5175458126682574,13,648,661
15,0.98,embedding_0.98,RandomForest,leaked-only,0.9155669599217986,0.9922704855842185,0.8316165452923087,32,659,691
15,0.98,embedding_0.98,LogisticRegression,baseline,0.5435174069627852,0.932466207600102,0.2969009933752562,45,1307,1352
15,0.98,embedding_0.98,LogisticRegression,cleaned,0.5461387258333782,0.9418328584995252,0.25699077251015895,13,648,661
15,0.98,embedding_0.98,LogisticRegression,leaked-only,0.5278410461159195,0.9192431714719271,0.3059722067134341,32,659,691
15,0.99,embedding_0.99,RandomForest,baseline,0.8742348979553869,0.9915497747173341,0.7523600464669797,45,1307,1352
15,0.99,embedding_0.99,RandomForest,cleaned,0.8147156136757523,0.9892441355343179,0.6357262675713871,25,1151,1176
15,0.99,embedding_0.99,RandomForest,leaked-only,0.9409989943010393,0.9931089743589744,0.8835757578989061,20,156,176
15,0.99,embedding_0.99,LogisticRegression,baseline,0.5435174069627852,0.932466207600102,0.2969009933752562,45,1307,1352
15,0.99,embedding_0.99,LogisticRegression,cleaned,0.5337336630166019,0.9366811468288445,0.2610794549949027,25,1151,1176
15,0.99,embedding_0.99,LogisticRegression,leaked-only,0.468464672004495,0.8506410256410257,0.2909703832163111,20,156,176
15,1.0,embedding_1.0,RandomForest,baseline,0.8742348979553869,0.9915497747173341,0.7523600464669797,45,1307,1352
15,1.0,embedding_1.0,RandomForest,cleaned,0.8742348979553869,0.9915497747173341,0.7523600464669797,45,1307,1352
15,1.0,embedding_1.0,LogisticRegression,baseline,0.5435174069627852,0.932466207600102,0.2969009933752562,45,1307,1352
15,1.0,embedding_1.0,LogisticRegression,cleaned,0.5435174069627852,0.932466207600102,0.2969009933752562,45,1307,1352
