pair,threshold,leakage_method,classifier,subset,f1_macro,auc,mcc,support_buggy,support_clean,total
1,0.9,embedding_0.9,RandomForest,baseline,0.5380874145934387,0.8749659609231397,0.3026880953740726,148,397,545
1,0.9,embedding_0.9,RandomForest,cleaned,0.3620689655172414,0.8008742559523809,0.0,64,84,148
1,0.9,embedding_0.9,RandomForest,leaked-only,0.6287827269636178,0.8780427506465844,0.42067739245911084,84,313,397
1,0.9,embedding_0.9,LogisticRegression,baseline,0.8085931510034081,0.7992205051399005,0.6565996082720127,148,397,545
1,0.9,embedding_0.9,LogisticRegression,cleaned,0.7584928052217772,0.7976190476190476,0.552902553784991,64,84,148
1,0.9,embedding_0.9,LogisticRegression,leaked-only,0.8252316960148285,0.7751407272174045,0.6988080244239626,84,313,397
1,0.91,embedding_0.91,RandomForest,baseline,0.5380874145934387,0.8749659609231397,0.3026880953740726,148,397,545
1,0.91,embedding_0.91,RandomForest,cleaned,0.3617886178861789,0.8181592861863847,0.0,68,89,157
1,0.91,embedding_0.91,RandomForest,leaked-only,0.6379507555234484,0.8725852272727272,0.43277857767835193,80,308,388
1,0.91,embedding_0.91,LogisticRegression,baseline,0.8085931510034081,0.7992205051399005,0.6565996082720127,148,397,545
1,0.91,embedding_0.91,LogisticRegression,cleaned,0.7736071662661131,0.8117977528089888,0.5794077498646624,68,89,157
1,0.91,embedding_0.91,LogisticRegression,leaked-only,0.815210307314383,0.7634334415584415,0.6836234639495837,80,308,388
1,0.92,embedding_0.92,RandomForest,baseline,0.5380874145934387,0.8749659609231397,0.3026880953740726,148,397,545
1,0.92,embedding_0.92,RandomForest,cleaned,0.35968379446640314,0.8101687045349018,0.0,71,91,162
1,0.92,embedding_0.92,RandomForest,leaked-only,0.6455094517217037,0.873228079110432,0.44269556481023253,77,306,383
1,0.92,embedding_0.92,LogisticRegression,baseline,0.8085931510034081,0.7992205051399005,0.6565996082720127,148,397,545
1,0.92,embedding_0.92,LogisticRegression,cleaned,0.7675753228120517,0.8039003250270855,0.5711428794049022,71,91,162
1,0.92,embedding_0.92,LogisticRegression,leaked-only,0.8196798493408664,0.7672099142687379,0.690230627054162,77,306,383
1,0.93,embedding_0.93,RandomForest,baseline,0.5380874145934387,0.8749659609231397,0.3026880953740726,148,397,545
1,0.93,embedding_0.93,RandomForest,cleaned,0.3619402985074627,0.8185427695736973,0.0,74,97,171
1,0.93,embedding_0.93,RandomForest,leaked-only,0.6529692470837752,0.8715765765765766,0.4527474584799306,74,300,374
1,0.93,embedding_0.93,LogisticRegression,baseline,0.8085931510034081,0.7992205051399005,0.6565996082720127,148,397,545
1,0.93,embedding_0.93,LogisticRegression,cleaned,0.7793548387096774,0.8129005293953748,0.5915880656735149,74,97,171
1,0.93,embedding_0.93,LogisticRegression,leaked-only,0.8109838274932615,0.7581531531531532,0.6771220041426866,74,300,374
1,0.94,embedding_0.94,RandomForest,baseline,0.5380874145934387,0.8749659609231397,0.3026880953740726,148,397,545
1,0.94,embedding_0.94,RandomForest,cleaned,0.356401384083045,0.8348344835653291,0.0,83,103,186
1,0.94,embedding_0.94,RandomForest,leaked-only,0.6798595958637701,0.8572736787022501,0.48862541234927936,65,294,359
1,0.94,embedding_0.94,LogisticRegression,baseline,0.8085931510034081,0.7992205051399005,0.6565996082720127,148,397,545
1,0.94,embedding_0.94,LogisticRegression,cleaned,0.7823891625615763,0.825242718446602,0.5997366365977062,83,103,186
1,0.94,embedding_0.94,LogisticRegression,leaked-only,0.8033268589073161,0.732443746729461,0.6653008827918487,65,294,359
1,0.95,embedding_0.95,RandomForest,baseline,0.5380874145934387,0.8749659609231397,0.3026880953740726,148,397,545
1,0.95,embedding_0.95,RandomForest,cleaned,0.36570827489481067,0.846053946053946,0.07774288420142414,91,110,201
1,0.95,embedding_0.95,RandomForest,leaked-only,0.6971564398274496,0.8430221896203923,0.5116277651930381,57,287,344
1,0.95,embedding_0.95,LogisticRegression,baseline,0.8085931510034081,0.7992205051399005,0.6565996082720127,148,397,545
1,0.95,embedding_0.95,LogisticRegression,cleaned,0.7894847088395476,0.8322677322677322,0.6135822228397817,91,110,201
1,0.95,embedding_0.95,LogisticRegression,leaked-only,0.787633177337449,0.710128980989058,0.6416181408632102,57,287,344
1,0.96,embedding_0.96,RandomForest,baseline,0.5380874145934387,0.8749659609231397,0.3026880953740726,148,397,545
1,0.96,embedding_0.96,RandomForest,cleaned,0.3713634122287969,0.84702329594478,0.07710654384236036,95,122,217
1,0.96,embedding_0.96,RandomForest,leaked-only,0.7121404193076548,0.842229845626072,0.5325650698277906,53,275,328
1,0.96,embedding_0.96,LogisticRegression,baseline,0.8085931510034081,0.7992205051399005,0.6565996082720127,148,397,545
1,0.96,embedding_0.96,LogisticRegression,cleaned,0.7921076642335767,0.8202761000862813,0.6193873188139561,95,122,217
1,0.96,embedding_0.96,LogisticRegression,leaked-only,0.7866451337953928,0.7243224699828473,0.6400254463660237,53,275,328
1,0.97,embedding_0.97,RandomForest,baseline,0.5380874145934387,0.8749659609231397,0.3026880953740726,148,397,545
1,0.97,embedding_0.97,RandomForest,cleaned,0.39183364246714913,0.8606991904864244,0.10940029128448249,99,141,240
1,0.97,embedding_0.97,RandomForest,leaked-only,0.715878616796048,0.8338647959183674,0.5378151260504201,49,256,305
1,0.97,embedding_0.97,LogisticRegression,baseline,0.8085931510034081,0.7992205051399005,0.6565996082720127,148,397,545
1,0.97,embedding_0.97,LogisticRegression,cleaned,0.8025673891832947,0.8217637366573537,0.6376835104112841,99,141,240
1,0.97,embedding_0.97,LogisticRegression,leaked-only,0.7740740740740741,0.7231345663265305,0.6215447750924047,49,256,305
1,0.98,embedding_0.98,RandomForest,baseline,0.5380874145934387,0.8749659609231397,0.3026880953740726,148,397,545
1,0.98,embedding_0.98,RandomForest,cleaned,0.4322820037105751,0.8900262594825908,0.15726499753365522,106,194,300
1,0.98,embedding_0.98,RandomForest,leaked-only,0.717741935483871,0.8003753225428102,0.5412294272573258,42,203,245
1,0.98,embedding_0.98,LogisticRegression,baseline,0.8085931510034081,0.7992205051399005,0.6565996082720127,148,397,545
1,0.98,embedding_0.98,LogisticRegression,cleaned,0.8162841471856861,0.8254716981132075,0.6622648903262922,106,194,300
1,0.98,embedding_0.98,LogisticRegression,leaked-only,0.7591332730347242,0.7178043631245602,0.6003166805604059,42,203,245
1,0.99,embedding_0.99,RandomForest,baseline,0.5380874145934387,0.8749659609231397,0.3026880953740726,148,397,545
1,0.99,embedding_0.99,RandomForest,cleaned,0.5068493150684932,0.8764328854924195,0.2648508129458721,133,305,438
1,0.99,embedding_0.99,RandomForest,leaked-only,0.7242268041237113,0.8793478260869565,0.5483188805533162,15,92,107
1,0.99,embedding_0.99,LogisticRegression,baseline,0.8085931510034081,0.7992205051399005,0.6565996082720127,148,397,545
1,0.99,embedding_0.99,LogisticRegression,cleaned,0.8095117845117845,0.8043633674349809,0.656217953616044,133,305,438
1,0.99,embedding_0.99,LogisticRegression,leaked-only,0.7623982235381199,0.7202898550724639,0.6036194460449102,15,92,107
1,1.0,embedding_1.0,RandomForest,baseline,0.5380874145934387,0.8749659609231397,0.3026880953740726,148,397,545
1,1.0,embedding_1.0,RandomForest,cleaned,0.5380874145934387,0.8749659609231397,0.3026880953740726,148,397,545
1,1.0,embedding_1.0,LogisticRegression,baseline,0.8085931510034081,0.7992205051399005,0.6565996082720127,148,397,545
1,1.0,embedding_1.0,LogisticRegression,cleaned,0.8085931510034081,0.7992205051399005,0.6565996082720127,148,397,545
2,0.9,embedding_0.9,RandomForest,baseline,0.6814739688979039,0.830527154182411,0.5077002771823935,264,409,673
2,0.9,embedding_0.9,RandomForest,cleaned,0.4408988280830018,0.7066278124152886,0.23266014529002052,119,124,243
2,0.9,embedding_0.9,RandomForest,leaked-only,0.8184762524308127,0.9390562613430128,0.6907804254414074,145,285,430
2,0.9,embedding_0.9,LogisticRegression,baseline,0.8030406746031746,0.8332129362080463,0.6331212330714739,264,409,673
2,0.9,embedding_0.9,LogisticRegression,cleaned,0.6530058546337285,0.7138113309840064,0.36896607928464825,119,124,243
2,0.9,embedding_0.9,LogisticRegression,leaked-only,0.8957083407796982,0.9023109497882636,0.8018875287079887,145,285,430
2,0.91,embedding_0.91,RandomForest,baseline,0.6814739688979039,0.830527154182411,0.5077002771823935,264,409,673
2,0.91,embedding_0.91,RandomForest,cleaned,0.4495155737048603,0.7138376856118793,0.2455174961111017,124,126,250
2,0.91,embedding_0.91,RandomForest,leaked-only,0.8228950103950103,0.938402322059566,0.6972025014490495,140,283,423
2,0.91,embedding_0.91,LogisticRegression,baseline,0.8030406746031746,0.8332129362080463,0.6331212330714739,264,409,673
2,0.91,embedding_0.91,LogisticRegression,cleaned,0.6607528773181887,0.7247183819764466,0.3834360309643674,124,126,250
2,0.91,embedding_0.91,LogisticRegression,leaked-only,0.8956801685007565,0.899469964664311,0.8016239289379236,140,283,423
2,0.92,embedding_0.92,RandomForest,baseline,0.6814739688979039,0.830527154182411,0.5077002771823935,264,409,673
2,0.92,embedding_0.92,RandomForest,cleaned,0.4517711978964132,0.7141440653251677,0.2449645280754747,127,135,262
2,0.92,embedding_0.92,RandomForest,leaked-only,0.8288239169449556,0.9403138153337951,0.7060313329881998,137,274,411
2,0.92,embedding_0.92,LogisticRegression,baseline,0.8030406746031746,0.8332129362080463,0.6331212330714739,264,409,673
2,0.92,embedding_0.92,LogisticRegression,cleaned,0.6708946078431373,0.7321668124817731,0.3969189279184238,127,135,262
2,0.92,embedding_0.92,LogisticRegression,leaked-only,0.8955792682926829,0.898449571101284,0.8028520157132446,137,274,411
2,0.93,embedding_0.93,RandomForest,baseline,0.6814739688979039,0.830527154182411,0.5077002771823935,264,409,673
2,0.93,embedding_0.93,RandomForest,cleaned,0.47834107245086194,0.7283902691511386,0.2804333238366593,138,140,278
2,0.93,embedding_0.93,RandomForest,leaked-only,0.8337206169596552,0.9432642945654097,0.7131851998764308,126,269,395
2,0.93,embedding_0.93,LogisticRegression,baseline,0.8030406746031746,0.8332129362080463,0.6331212330714739,264,409,673
2,0.93,embedding_0.93,LogisticRegression,cleaned,0.6785176419965577,0.7427018633540373,0.409497783126334,138,140,278
2,0.93,embedding_0.93,LogisticRegression,leaked-only,0.9008347454967678,0.8985956216439488,0.8132313421422049,126,269,395
2,0.94,embedding_0.94,RandomForest,baseline,0.6814739688979039,0.830527154182411,0.5077002771823935,264,409,673
2,0.94,embedding_0.94,RandomForest,cleaned,0.4965683494044243,0.7422760770975058,0.30342528231633803,147,144,291
2,0.94,embedding_0.94,RandomForest,leaked-only,0.8377290189125295,0.9402031930333816,0.7190829409203917,117,265,382
2,0.94,embedding_0.94,LogisticRegression,baseline,0.8030406746031746,0.8332129362080463,0.6331212330714739,264,409,673
2,0.94,embedding_0.94,LogisticRegression,cleaned,0.6919360922841046,0.7542044595616025,0.4338160837256337,147,144,291
2,0.94,embedding_0.94,LogisticRegression,leaked-only,0.8979093926462347,0.8968230930495081,0.8078211222423782,117,265,382
2,0.95,embedding_0.95,RandomForest,baseline,0.6814739688979039,0.830527154182411,0.5077002771823935,264,409,673
2,0.95,embedding_0.95,RandomForest,cleaned,0.5280109310950615,0.7539447731755424,0.3380617018914066,156,156,312
2,0.95,embedding_0.95,RandomForest,leaked-only,0.8320930232558139,0.9388998682476942,0.7104935590092918,108,253,361
2,0.95,embedding_0.95,LogisticRegression,baseline,0.8030406746031746,0.8332129362080463,0.6331212330714739,264,409,673
2,0.95,embedding_0.95,LogisticRegression,cleaned,0.7062675199661501,0.7634368836291914,0.45664956396256345,156,156,312
2,0.95,embedding_0.95,LogisticRegression,leaked-only,0.8967768016485738,0.8921826965305227,0.807551296439058,108,253,361
2,0.96,embedding_0.96,RandomForest,baseline,0.6814739688979039,0.830527154182411,0.5077002771823935,264,409,673
2,0.96,embedding_0.96,RandomForest,cleaned,0.5440378820490746,0.7652610441767068,0.3558273028734759,165,166,331
2,0.96,embedding_0.96,RandomForest,leaked-only,0.8353949078307744,0.9340524587438168,0.7153495817378488,99,243,342
2,0.96,embedding_0.96,LogisticRegression,baseline,0.8030406746031746,0.8332129362080463,0.6331212330714739,264,409,673
2,0.96,embedding_0.96,LogisticRegression,cleaned,0.7237657649209996,0.7796641109894121,0.4874317198374493,165,166,331
2,0.96,embedding_0.96,LogisticRegression,leaked-only,0.8878092372430799,0.8821133142120796,0.7919393117130442,99,243,342
2,0.97,embedding_0.97,RandomForest,baseline,0.6814739688979039,0.830527154182411,0.5077002771823935,264,409,673
2,0.97,embedding_0.97,RandomForest,cleaned,0.5722679200940071,0.784948185745793,0.3860513588445099,177,187,364
2,0.97,embedding_0.97,RandomForest,leaked-only,0.8320652173913043,0.9298436367401884,0.7102186884368589,87,222,309
2,0.97,embedding_0.97,LogisticRegression,baseline,0.8030406746031746,0.8332129362080463,0.6331212330714739,264,409,673
2,0.97,embedding_0.97,LogisticRegression,cleaned,0.7417654808959157,0.7918063989848636,0.5202102701895134,177,187,364
2,0.97,embedding_0.97,LogisticRegression,leaked-only,0.8816881035778606,0.875944910427669,0.7809267761480612,87,222,309
2,0.98,embedding_0.98,RandomForest,baseline,0.6814739688979039,0.830527154182411,0.5077002771823935,264,409,673
2,0.98,embedding_0.98,RandomForest,cleaned,0.5902362744468007,0.7964764532210444,0.40543873721107637,194,213,407
2,0.98,embedding_0.98,RandomForest,leaked-only,0.8483114030455995,0.9277696793002915,0.7347858966402018,70,196,266
2,0.98,embedding_0.98,LogisticRegression,baseline,0.8030406746031746,0.8332129362080463,0.6331212330714739,264,409,673
2,0.98,embedding_0.98,LogisticRegression,cleaned,0.7502754820936639,0.7995498765790618,0.5337068816953313,194,213,407
2,0.98,embedding_0.98,LogisticRegression,leaked-only,0.8923948220064726,0.8693148688046647,0.8050764858994133,70,196,266
2,0.99,embedding_0.99,RandomForest,baseline,0.6814739688979039,0.830527154182411,0.5077002771823935,264,409,673
2,0.99,embedding_0.99,RandomForest,cleaned,0.639552190513169,0.8215042653526201,0.45796606034188825,233,324,557
2,0.99,embedding_0.99,RandomForest,leaked-only,0.9034540158135664,0.9398481973434536,0.8234762149912169,31,85,116
2,0.99,embedding_0.99,LogisticRegression,baseline,0.8030406746031746,0.8332129362080463,0.6331212330714739,264,409,673
2,0.99,embedding_0.99,LogisticRegression,cleaned,0.7845094398019189,0.8185238170932018,0.59848320254187,233,324,557
2,0.99,embedding_0.99,LogisticRegression,leaked-only,0.9034540158135664,0.8819734345351044,0.8234762149912169,31,85,116
2,1.0,embedding_1.0,RandomForest,baseline,0.6814739688979039,0.830527154182411,0.5077002771823935,264,409,673
2,1.0,embedding_1.0,RandomForest,cleaned,0.6814739688979039,0.830527154182411,0.5077002771823935,264,409,673
2,1.0,embedding_1.0,LogisticRegression,baseline,0.8030406746031746,0.8332129362080463,0.6331212330714739,264,409,673
2,1.0,embedding_1.0,LogisticRegression,cleaned,0.8030406746031746,0.8332129362080463,0.6331212330714739,264,409,673
3,0.9,embedding_0.9,RandomForest,baseline,0.847574802278635,0.9125391349281133,0.7264925102291904,334,394,728
3,0.9,embedding_0.9,RandomForest,cleaned,0.7112533858655503,0.8427109974424553,0.4842801201855867,92,51,143
3,0.9,embedding_0.9,RandomForest,leaked-only,0.8791587350517528,0.9085246849625328,0.7841441894630993,242,343,585
3,0.9,embedding_0.9,LogisticRegression,baseline,0.8286463960487729,0.8726785008662876,0.6648267780157215,334,394,728
3,0.9,embedding_0.9,LogisticRegression,cleaned,0.7075664621676891,0.7316709292412618,0.4473711286912083,92,51,143
3,0.9,embedding_0.9,LogisticRegression,leaked-only,0.8545763117594164,0.9184396308700575,0.7131462540014228,242,343,585
3,0.91,embedding_0.91,RandomForest,baseline,0.847574802278635,0.9125391349281133,0.7264925102291904,334,394,728
3,0.91,embedding_0.91,RandomForest,cleaned,0.7350869148359664,0.8556140350877193,0.5236465295084498,95,60,155
3,0.91,embedding_0.91,RandomForest,leaked-only,0.8769691704461746,0.9106932578357929,0.7806609562494629,239,334,573
3,0.91,embedding_0.91,LogisticRegression,baseline,0.8286463960487729,0.8726785008662876,0.6648267780157215,334,394,728
3,0.91,embedding_0.91,LogisticRegression,cleaned,0.7057086198894561,0.7419298245614034,0.4289865042999909,95,60,155
3,0.91,embedding_0.91,LogisticRegression,leaked-only,0.8587915622509625,0.9193871670884173,0.723109571866402,239,334,573
3,0.92,embedding_0.92,RandomForest,baseline,0.847574802278635,0.9125391349281133,0.7264925102291904,334,394,728
3,0.92,embedding_0.92,RandomForest,cleaned,0.7352116576096361,0.8482104042892333,0.5280329579941893,103,67,170
3,0.92,embedding_0.92,RandomForest,leaked-only,0.8812828069685925,0.9159021406727829,0.7875470050598496,231,327,558
3,0.92,embedding_0.92,LogisticRegression,baseline,0.8286463960487729,0.8726785008662876,0.6648267780157215,334,394,728
3,0.92,embedding_0.92,LogisticRegression,cleaned,0.6898245614035088,0.7426459933342994,0.39225480254386946,103,67,170
3,0.92,embedding_0.92,LogisticRegression,leaked-only,0.8675842429995254,0.9210320769953798,0.7415009632291594,231,327,558
3,0.93,embedding_0.93,RandomForest,baseline,0.847574802278635,0.9125391349281133,0.7264925102291904,334,394,728
3,0.93,embedding_0.93,RandomForest,cleaned,0.7206483540127662,0.8184784726280927,0.5148796772800949,118,87,205
3,0.93,embedding_0.93,RandomForest,leaked-only,0.8990780887570935,0.9316941126794548,0.8165363981811976,216,307,523
3,0.93,embedding_0.93,LogisticRegression,baseline,0.8286463960487729,0.8726785008662876,0.6648267780157215,334,394,728
3,0.93,embedding_0.93,LogisticRegression,cleaned,0.6872019835971772,0.7415741281901422,0.3904664364717251,118,87,205
3,0.93,embedding_0.93,LogisticRegression,leaked-only,0.8832589285714285,0.924372662564845,0.7713381901680153,216,307,523
3,0.94,embedding_0.94,RandomForest,baseline,0.847574802278635,0.9125391349281133,0.7264925102291904,334,394,728
3,0.94,embedding_0.94,RandomForest,cleaned,0.7170437405731523,0.8082608695652174,0.515749377368562,138,100,238
3,0.94,embedding_0.94,RandomForest,leaked-only,0.9136587283299673,0.9441985978064695,0.8409561268028239,196,294,490
3,0.94,embedding_0.94,LogisticRegression,baseline,0.8286463960487729,0.8726785008662876,0.6648267780157215,334,394,728
3,0.94,embedding_0.94,LogisticRegression,cleaned,0.6967079646017699,0.7495652173913044,0.41031511593399667,138,100,238
3,0.94,embedding_0.94,LogisticRegression,leaked-only,0.8914488258750555,0.9284673052894628,0.786945478042484,196,294,490
3,0.95,embedding_0.95,RandomForest,baseline,0.847574802278635,0.9125391349281133,0.7264925102291904,334,394,728
3,0.95,embedding_0.95,RandomForest,cleaned,0.729270874110159,0.8101096151554866,0.5362360970992902,154,109,263
3,0.95,embedding_0.95,RandomForest,leaked-only,0.9172282263191354,0.9484697855750487,0.8470229729273384,180,285,465
3,0.95,embedding_0.95,LogisticRegression,baseline,0.8286463960487729,0.8726785008662876,0.6648267780157215,334,394,728
3,0.95,embedding_0.95,LogisticRegression,cleaned,0.7055213831813754,0.7631359466221851,0.4240301632979549,154,109,263
3,0.95,embedding_0.95,LogisticRegression,leaked-only,0.8952917569467727,0.9280506822612086,0.795683230833227,180,285,465
3,0.96,embedding_0.96,RandomForest,baseline,0.847574802278635,0.9125391349281133,0.7264925102291904,334,394,728
3,0.96,embedding_0.96,RandomForest,cleaned,0.7461641590942947,0.8233788832591227,0.5622077594096196,167,117,284
3,0.96,embedding_0.96,RandomForest,leaked-only,0.914421768707483,0.9484640826649948,0.8422233445586098,167,277,444
3,0.96,embedding_0.96,LogisticRegression,baseline,0.8286463960487729,0.8726785008662876,0.6648267780157215,334,394,728
3,0.96,embedding_0.96,LogisticRegression,cleaned,0.7162837162837163,0.779415527918522,0.44481843245847347,167,117,284
3,0.96,embedding_0.96,LogisticRegression,leaked-only,0.8962339743589745,0.9251821267212866,0.7977274235271233,167,277,444
3,0.97,embedding_0.97,RandomForest,baseline,0.847574802278635,0.9125391349281133,0.7264925102291904,334,394,728
3,0.97,embedding_0.97,RandomForest,cleaned,0.7584004602991945,0.8372005394256703,0.58294794524628,191,132,323
3,0.97,embedding_0.97,RandomForest,leaked-only,0.9203741152679474,0.9571745048844285,0.8523786205414876,143,262,405
3,0.97,embedding_0.97,LogisticRegression,baseline,0.8286463960487729,0.8726785008662876,0.6648267780157215,334,394,728
3,0.97,embedding_0.97,LogisticRegression,cleaned,0.7256370656370656,0.7904172616214501,0.4658280748040377,191,132,323
3,0.97,embedding_0.97,LogisticRegression,leaked-only,0.9055555555555556,0.9319382907169167,0.8146556448662745,143,262,405
3,0.98,embedding_0.98,RandomForest,baseline,0.847574802278635,0.9125391349281133,0.7264925102291904,334,394,728
3,0.98,embedding_0.98,RandomForest,cleaned,0.7790087463556852,0.8649449500056173,0.6156456261498159,207,172,379
3,0.98,embedding_0.98,RandomForest,leaked-only,0.9255911825504973,0.9538908987727885,0.8614067175397798,127,222,349
3,0.98,embedding_0.98,LogisticRegression,baseline,0.8286463960487729,0.8726785008662876,0.6648267780157215,334,394,728
3,0.98,embedding_0.98,LogisticRegression,cleaned,0.7546105808391987,0.8116784630940344,0.5207511282260422,207,172,379
3,0.98,embedding_0.98,LogisticRegression,leaked-only,0.9077401299896992,0.9329999290629212,0.8195839531278104,127,222,349
3,0.99,embedding_0.99,RandomForest,baseline,0.847574802278635,0.9125391349281133,0.7264925102291904,334,394,728
3,0.99,embedding_0.99,RandomForest,cleaned,0.8227184637068358,0.903478672066348,0.685981286128188,274,301,575
3,0.99,embedding_0.99,RandomForest,leaked-only,0.9436671575846833,0.9648745519713261,0.8933195408028406,60,93,153
3,0.99,embedding_0.99,LogisticRegression,baseline,0.8286463960487729,0.8726785008662876,0.6648267780157215,334,394,728
3,0.99,embedding_0.99,LogisticRegression,cleaned,0.8094297007340485,0.8517350922715039,0.6277708653418016,274,301,575
3,0.99,embedding_0.99,LogisticRegression,leaked-only,0.9021381578947368,0.9417562724014337,0.8074339623538922,60,93,153
3,1.0,embedding_1.0,RandomForest,baseline,0.847574802278635,0.9125391349281133,0.7264925102291904,334,394,728
3,1.0,embedding_1.0,RandomForest,cleaned,0.847574802278635,0.9125391349281133,0.7264925102291904,334,394,728
3,1.0,embedding_1.0,LogisticRegression,baseline,0.8286463960487729,0.8726785008662876,0.6648267780157215,334,394,728
3,1.0,embedding_1.0,LogisticRegression,cleaned,0.8286463960487729,0.8726785008662876,0.6648267780157215,334,394,728
4,0.9,embedding_0.9,RandomForest,baseline,0.8556403609226936,0.919852590939858,0.7116747017241281,353,452,805
4,0.9,embedding_0.9,RandomForest,cleaned,0.7971457696228339,0.8709874034945144,0.5949463394968422,107,92,199
4,0.9,embedding_0.9,RandomForest,leaked-only,0.8719971684325905,0.9369354110207769,0.7453222763651689,246,360,606
4,0.9,embedding_0.9,LogisticRegression,baseline,0.8081602448324303,0.8475143523277094,0.6163307498330162,353,452,805
4,0.9,embedding_0.9,LogisticRegression,cleaned,0.7131041808938463,0.7540633888663144,0.42797984140715956,107,92,199
4,0.9,embedding_0.9,LogisticRegression,leaked-only,0.8379929929225703,0.8901196928635953,0.6761070845022656,246,360,606
4,0.91,embedding_0.91,RandomForest,baseline,0.8556403609226936,0.919852590939858,0.7116747017241281,353,452,805
4,0.91,embedding_0.91,RandomForest,cleaned,0.7969935245143386,0.8694229351032449,0.5945815778935225,113,96,209
4,0.91,embedding_0.91,RandomForest,leaked-only,0.8729632436528989,0.937564372659176,0.7473091823703305,240,356,596
4,0.91,embedding_0.91,LogisticRegression,baseline,0.8081602448324303,0.8475143523277094,0.6163307498330162,353,452,805
4,0.91,embedding_0.91,LogisticRegression,cleaned,0.7170555976228172,0.7578355457227138,0.4357276966837046,113,96,209
4,0.91,embedding_0.91,LogisticRegression,leaked-only,0.8383528485396404,0.8909176029962547,0.6768314991013528,240,356,596
4,0.92,embedding_0.92,RandomForest,baseline,0.8556403609226936,0.919852590939858,0.7116747017241281,353,452,805
4,0.92,embedding_0.92,RandomForest,cleaned,0.794253938832252,0.8648681941364867,0.5888056514400188,123,99,222
4,0.92,embedding_0.92,RandomForest,leaked-only,0.8746217020679767,0.9400295602906762,0.7505335341694982,230,353,583
4,0.92,embedding_0.92,LogisticRegression,baseline,0.8081602448324303,0.8475143523277094,0.6163307498330162,353,452,805
4,0.92,embedding_0.92,LogisticRegression,cleaned,0.7279411764705883,0.7702225507103555,0.4569580959930881,123,99,222
4,0.92,embedding_0.92,LogisticRegression,leaked-only,0.8353350034384517,0.8883975859095948,0.6707549405624341,230,353,583
4,0.93,embedding_0.93,RandomForest,baseline,0.8556403609226936,0.919852590939858,0.7116747017241281,353,452,805
4,0.93,embedding_0.93,RandomForest,cleaned,0.7928906180917853,0.8634220157657658,0.587166997191262,128,111,239
4,0.93,embedding_0.93,RandomForest,leaked-only,0.8782316280024228,0.9421309872922776,0.7586741021116746,225,341,566
4,0.93,embedding_0.93,LogisticRegression,baseline,0.8081602448324303,0.8475143523277094,0.6163307498330162,353,452,805
4,0.93,embedding_0.93,LogisticRegression,cleaned,0.7187000439174351,0.7577421171171171,0.4376278573134484,128,111,239
4,0.93,embedding_0.93,LogisticRegression,leaked-only,0.8433567435394018,0.8966047572499185,0.6867191714914979,225,341,566
4,0.94,embedding_0.94,RandomForest,baseline,0.8556403609226936,0.919852590939858,0.7116747017241281,353,452,805
4,0.94,embedding_0.94,RandomForest,cleaned,0.7857946026986506,0.8638032990974167,0.572478150746339,135,119,254
4,0.94,embedding_0.94,RandomForest,leaked-only,0.8843700159489634,0.9427638647822134,0.7708550132134774,218,333,551
4,0.94,embedding_0.94,LogisticRegression,baseline,0.8081602448324303,0.8475143523277094,0.6163307498330162,353,452,805
4,0.94,embedding_0.94,LogisticRegression,cleaned,0.7156716417910447,0.7586056644880175,0.4314324665427576,135,119,254
4,0.94,embedding_0.94,LogisticRegression,leaked-only,0.8481968206738849,0.9006942722539053,0.6963936413477698,218,333,551
4,0.95,embedding_0.95,RandomForest,baseline,0.8556403609226936,0.919852590939858,0.7116747017241281,353,452,805
4,0.95,embedding_0.95,RandomForest,cleaned,0.802,0.8821215986394557,0.6047751326075451,147,128,275
4,0.95,embedding_0.95,RandomForest,leaked-only,0.8788128229752595,0.9398822366055377,0.7599311511899336,206,324,530
4,0.95,embedding_0.95,LogisticRegression,baseline,0.8081602448324303,0.8475143523277094,0.6163307498330162,353,452,805
4,0.95,embedding_0.95,LogisticRegression,cleaned,0.737177445046193,0.7784332482993197,0.474433369096091,147,128,275
4,0.95,embedding_0.95,LogisticRegression,leaked-only,0.8411842262974949,0.8946721802708858,0.6823684525949898,206,324,530
4,0.96,embedding_0.96,RandomForest,baseline,0.8556403609226936,0.919852590939858,0.7116747017241281,353,452,805
4,0.96,embedding_0.96,RandomForest,cleaned,0.8125421804197153,0.8931137724550898,0.6252422168045264,167,140,307
4,0.96,embedding_0.96,RandomForest,leaked-only,0.8755671282597546,0.9379911083540116,0.7529928402960748,186,312,498
4,0.96,embedding_0.96,LogisticRegression,baseline,0.8081602448324303,0.8475143523277094,0.6163307498330162,353,452,805
4,0.96,embedding_0.96,LogisticRegression,cleaned,0.737674100657951,0.7897775876817793,0.4754115081232196,167,140,307
4,0.96,embedding_0.96,LogisticRegression,leaked-only,0.8455334987593052,0.8956437827405569,0.6910669975186104,186,312,498
4,0.97,embedding_0.97,RandomForest,baseline,0.8556403609226936,0.919852590939858,0.7116747017241281,353,452,805
4,0.97,embedding_0.97,RandomForest,cleaned,0.8170898219624292,0.8919693732193732,0.6345464444773599,180,156,336
4,0.97,embedding_0.97,RandomForest,leaked-only,0.8759389302309332,0.9379784408686143,0.7546220134501976,173,296,469
4,0.97,embedding_0.97,LogisticRegression,baseline,0.8081602448324303,0.8475143523277094,0.6163307498330162,353,452,805
4,0.97,embedding_0.97,LogisticRegression,cleaned,0.7458328512819601,0.7903133903133903,0.49167901882671305,180,156,336
4,0.97,embedding_0.97,LogisticRegression,leaked-only,0.8464061392575213,0.9010896734885174,0.6928210619661719,173,296,469
4,0.98,embedding_0.98,RandomForest,baseline,0.8556403609226936,0.919852590939858,0.7116747017241281,353,452,805
4,0.98,embedding_0.98,RandomForest,cleaned,0.8132723112128146,0.8935025693335129,0.627180433026349,223,233,456
4,0.98,embedding_0.98,RandomForest,leaked-only,0.9106999479428606,0.9403055848261328,0.8215542889617544,130,219,349
4,0.98,embedding_0.98,LogisticRegression,baseline,0.8081602448324303,0.8475143523277094,0.6163307498330162,353,452,805
4,0.98,embedding_0.98,LogisticRegression,cleaned,0.7498797128505168,0.7924902326834621,0.4997594257010335,223,233,456
4,0.98,embedding_0.98,LogisticRegression,leaked-only,0.8831747709654687,0.9193888303477344,0.7664157236141811,130,219,349
4,0.99,embedding_0.99,RandomForest,baseline,0.8556403609226936,0.919852590939858,0.7116747017241281,353,452,805
4,0.99,embedding_0.99,RandomForest,cleaned,0.8420204954184385,0.9134215413184772,0.6843613083159004,300,359,659
4,0.99,embedding_0.99,RandomForest,leaked-only,0.9175014126470438,0.9417731791438425,0.8359250628850956,53,93,146
4,0.99,embedding_0.99,LogisticRegression,baseline,0.8081602448324303,0.8475143523277094,0.6163307498330162,353,452,805
4,0.99,embedding_0.99,LogisticRegression,cleaned,0.7874277413051701,0.8298792943361188,0.5748591581083574,300,359,659
4,0.99,embedding_0.99,LogisticRegression,leaked-only,0.9025016694919608,0.9125583282613106,0.8059090621026991,53,93,146
4,1.0,embedding_1.0,RandomForest,baseline,0.8556403609226936,0.919852590939858,0.7116747017241281,353,452,805
4,1.0,embedding_1.0,RandomForest,cleaned,0.8556403609226936,0.919852590939858,0.7116747017241281,353,452,805
4,1.0,embedding_1.0,LogisticRegression,baseline,0.8081602448324303,0.8475143523277094,0.6163307498330162,353,452,805
4,1.0,embedding_1.0,LogisticRegression,cleaned,0.8081602448324303,0.8475143523277094,0.6163307498330162,353,452,805
5,0.9,embedding_0.9,RandomForest,baseline,0.8462132272192866,0.9177641802641803,0.6924720388134841,312,495,807
5,0.9,embedding_0.9,RandomForest,cleaned,0.7253585596582239,0.8228,0.4763834872675867,50,50,100
5,0.9,embedding_0.9,RandomForest,leaked-only,0.861038694558139,0.9321597049489665,0.7223988556274934,262,445,707
5,0.9,embedding_0.9,LogisticRegression,baseline,0.8518166649368898,0.8895590520590521,0.7053913995339034,312,495,807
5,0.9,embedding_0.9,LogisticRegression,cleaned,0.6691729323308271,0.6686000000000001,0.3417128571881321,50,50,100
5,0.9,embedding_0.9,LogisticRegression,leaked-only,0.8775059161595673,0.923269577150699,0.7565682797982495,262,445,707
5,0.91,embedding_0.91,RandomForest,baseline,0.8462132272192866,0.9177641802641803,0.6924720388134841,312,495,807
5,0.91,embedding_0.91,RandomForest,cleaned,0.7227822580645161,0.8131613756613757,0.47768861557951176,54,56,110
5,0.91,embedding_0.91,RandomForest,leaked-only,0.8632602104512217,0.9336361710017481,0.7271136525438912,258,439,697
5,0.91,embedding_0.91,LogisticRegression,baseline,0.8518166649368898,0.8895590520590521,0.7053913995339034,312,495,807
5,0.91,embedding_0.91,LogisticRegression,cleaned,0.6629399585921325,0.677414021164021,0.33128783404893103,54,56,110
5,0.91,embedding_0.91,LogisticRegression,leaked-only,0.8816174549255291,0.9261711783298899,0.7645422773945381,258,439,697
5,0.92,embedding_0.92,RandomForest,baseline,0.8462132272192866,0.9177641802641803,0.6924720388134841,312,495,807
5,0.92,embedding_0.92,RandomForest,cleaned,0.7130759651307597,0.80224609375,0.45590272631808526,64,64,128
5,0.92,embedding_0.92,RandomForest,leaked-only,0.8681341063680631,0.93657847466507,0.7371375255305215,248,431,679
5,0.92,embedding_0.92,LogisticRegression,baseline,0.8518166649368898,0.8895590520590521,0.7053913995339034,312,495,807
5,0.92,embedding_0.92,LogisticRegression,cleaned,0.6705882352941177,0.6832275390625,0.3464674335917916,64,64,128
5,0.92,embedding_0.92,LogisticRegression,leaked-only,0.8856546362619238,0.9350160916099095,0.7725565468804715,248,431,679
5,0.93,embedding_0.93,RandomForest,baseline,0.8462132272192866,0.9177641802641803,0.6924720388134841,312,495,807
5,0.93,embedding_0.93,RandomForest,cleaned,0.7179526355996945,0.8080357142857143,0.46949150183001687,72,70,142
5,0.93,embedding_0.93,RandomForest,leaked-only,0.8691274248233152,0.9381960784313725,0.739615610759049,240,425,665
5,0.93,embedding_0.93,LogisticRegression,baseline,0.8518166649368898,0.8895590520590521,0.7053913995339034,312,495,807
5,0.93,embedding_0.93,LogisticRegression,cleaned,0.6804201050262566,0.6927579365079365,0.36916371783546964,72,70,142
5,0.93,embedding_0.93,LogisticRegression,leaked-only,0.8872837688627162,0.9374117647058823,0.7754623053238735,240,425,665
5,0.94,embedding_0.94,RandomForest,baseline,0.8462132272192866,0.9177641802641803,0.6924720388134841,312,495,807
5,0.94,embedding_0.94,RandomForest,cleaned,0.7395276292335116,0.8336206896551723,0.5122015498864009,87,80,167
5,0.94,embedding_0.94,RandomForest,leaked-only,0.866922024623803,0.9383186077643909,0.7359384385780255,225,415,640
5,0.94,embedding_0.94,LogisticRegression,baseline,0.8518166649368898,0.8895590520590521,0.7053913995339034,312,495,807
5,0.94,embedding_0.94,LogisticRegression,cleaned,0.7023172905525846,0.7173850574712644,0.41339846241703654,87,80,167
5,0.94,embedding_0.94,LogisticRegression,leaked-only,0.8882291302829199,0.9384953145917001,0.777185109854668,225,415,640
5,0.95,embedding_0.95,RandomForest,baseline,0.8462132272192866,0.9177641802641803,0.6924720388134841,312,495,807
5,0.95,embedding_0.95,RandomForest,cleaned,0.7377491535778835,0.8206521739130435,0.4926889455992489,110,92,202
5,0.95,embedding_0.95,RandomForest,leaked-only,0.872731953745828,0.9441625924379038,0.7472518743496886,202,403,605
5,0.95,embedding_0.95,LogisticRegression,baseline,0.8518166649368898,0.8895590520590521,0.7053913995339034,312,495,807
5,0.95,embedding_0.95,LogisticRegression,cleaned,0.7211555354767463,0.7257905138339921,0.4485474798588745,110,92,202
5,0.95,embedding_0.95,LogisticRegression,leaked-only,0.8901012400697539,0.9426577893521362,0.7810526363677681,202,403,605
5,0.96,embedding_0.96,RandomForest,baseline,0.8462132272192866,0.9177641802641803,0.6924720388134841,312,495,807
5,0.96,embedding_0.96,RandomForest,cleaned,0.7302757302757303,0.8255674232309747,0.4671278249657903,140,107,247
5,0.96,embedding_0.96,RandomForest,leaked-only,0.8844107394043177,0.9460710860704866,0.7699642467420734,172,388,560
5,0.96,embedding_0.96,LogisticRegression,baseline,0.8518166649368898,0.8895590520590521,0.7053913995339034,312,495,807
5,0.96,embedding_0.96,LogisticRegression,cleaned,0.74416314332773,0.7480974632843792,0.49271169247013774,140,107,247
5,0.96,embedding_0.96,LogisticRegression,leaked-only,0.8888169892346609,0.9464307120594581,0.7787019412259604,172,388,560
5,0.97,embedding_0.97,RandomForest,baseline,0.8462132272192866,0.9177641802641803,0.6924720388134841,312,495,807
5,0.97,embedding_0.97,RandomForest,cleaned,0.7522321428571428,0.8431684171733923,0.5070188281639717,162,134,296
5,0.97,embedding_0.97,RandomForest,leaked-only,0.8897260273972603,0.9479870729455218,0.780091953462599,150,361,511
5,0.97,embedding_0.97,LogisticRegression,baseline,0.8518166649368898,0.8895590520590521,0.7053913995339034,312,495,807
5,0.97,embedding_0.97,LogisticRegression,cleaned,0.7591145833333333,0.7670213746084392,0.5208076533327088,162,134,296
5,0.97,embedding_0.97,LogisticRegression,leaked-only,0.8963801781747229,0.9585780240073869,0.7943407546542778,150,361,511
5,0.98,embedding_0.98,RandomForest,baseline,0.8462132272192866,0.9177641802641803,0.6924720388134841,312,495,807
5,0.98,embedding_0.98,RandomForest,cleaned,0.7857261273209549,0.8634665282823042,0.5717460301416079,205,235,440
5,0.98,embedding_0.98,RandomForest,leaked-only,0.9204077206679679,0.9667325664989216,0.8408951791217593,107,260,367
5,0.98,embedding_0.98,LogisticRegression,baseline,0.8518166649368898,0.8895590520590521,0.7053913995339034,312,495,807
5,0.98,embedding_0.98,LogisticRegression,cleaned,0.7794075842856331,0.8130877010897768,0.561730414118858,205,235,440
5,0.98,embedding_0.98,LogisticRegression,leaked-only,0.9415811814644499,0.970273184759166,0.8838696934149741,107,260,367
5,0.99,embedding_0.99,RandomForest,baseline,0.8462132272192866,0.9177641802641803,0.6924720388134841,312,495,807
5,0.99,embedding_0.99,RandomForest,cleaned,0.8301616313658029,0.9068603734365481,0.6603232627316059,284,393,677
5,0.99,embedding_0.99,RandomForest,leaked-only,0.935,0.9702380952380952,0.8734508155844746,28,102,130
5,0.99,embedding_0.99,LogisticRegression,baseline,0.8518166649368898,0.8895590520590521,0.7053913995339034,312,495,807
5,0.99,embedding_0.99,LogisticRegression,cleaned,0.8376671817552086,0.8735754219976346,0.676844703108355,284,393,677
5,0.99,embedding_0.99,LogisticRegression,leaked-only,0.9250350111211796,0.9600840336134454,0.8552765839278649,28,102,130
5,1.0,embedding_1.0,RandomForest,baseline,0.8462132272192866,0.9177641802641803,0.6924720388134841,312,495,807
5,1.0,embedding_1.0,RandomForest,cleaned,0.8462132272192866,0.9177641802641803,0.6924720388134841,312,495,807
5,1.0,embedding_1.0,LogisticRegression,baseline,0.8518166649368898,0.8895590520590521,0.7053913995339034,312,495,807
5,1.0,embedding_1.0,LogisticRegression,cleaned,0.8518166649368898,0.8895590520590521,0.7053913995339034,312,495,807
6,0.9,embedding_0.9,RandomForest,baseline,0.8801349490787939,0.9312593703148425,0.7613785845054905,290,414,704
6,0.9,embedding_0.9,RandomForest,cleaned,0.7830195282424581,0.816247582205029,0.5670807236297686,47,77,124
6,0.9,embedding_0.9,RandomForest,leaked-only,0.8999802916830902,0.9490664419777509,0.8010824129841704,243,337,580
6,0.9,embedding_0.9,LogisticRegression,baseline,0.834456247252354,0.8980676328502416,0.6753152301658253,290,414,704
6,0.9,embedding_0.9,LogisticRegression,cleaned,0.7299188172397861,0.7949709864603481,0.4820628969750273,47,77,124
6,0.9,embedding_0.9,LogisticRegression,leaked-only,0.8567659707749575,0.9214870987043753,0.7176320631080829,243,337,580
6,0.91,embedding_0.91,RandomForest,baseline,0.8801349490787939,0.9312593703148425,0.7613785845054905,290,414,704
6,0.91,embedding_0.91,RandomForest,cleaned,0.7961084905660378,0.831002331002331,0.5937687391714637,55,78,133
6,0.91,embedding_0.91,RandomForest,leaked-only,0.899678959893945,0.9491324721377913,0.8003657584863032,235,336,571
6,0.91,embedding_0.91,LogisticRegression,baseline,0.834456247252354,0.8980676328502416,0.6753152301658253,290,414,704
6,0.91,embedding_0.91,LogisticRegression,cleaned,0.7431849159472967,0.8072261072261072,0.503154007844127,55,78,133
6,0.91,embedding_0.91,LogisticRegression,leaked-only,0.8558516722402815,0.9216122087132725,0.716262677075594,235,336,571
6,0.92,embedding_0.92,RandomForest,baseline,0.8801349490787939,0.9312593703148425,0.7613785845054905,290,414,704
6,0.92,embedding_0.92,RandomForest,cleaned,0.8047438330170777,0.8443877551020408,0.609798939383715,63,84,147
6,0.92,embedding_0.92,RandomForest,leaked-only,0.9003762760482579,0.9497196635963154,0.802178235649578,227,330,557
6,0.92,embedding_0.92,LogisticRegression,baseline,0.834456247252354,0.8980676328502416,0.6753152301658253,290,414,704
6,0.92,embedding_0.92,LogisticRegression,cleaned,0.7272727272727273,0.7806122448979592,0.46790960017870326,63,84,147
6,0.92,embedding_0.92,LogisticRegression,leaked-only,0.8629307714266028,0.9328327326124682,0.7307099785625105,227,330,557
6,0.93,embedding_0.93,RandomForest,baseline,0.8801349490787939,0.9312593703148425,0.7613785845054905,290,414,704
6,0.93,embedding_0.93,RandomForest,cleaned,0.8271212121212121,0.8641107078039927,0.6544943750248922,76,87,163
6,0.93,embedding_0.93,RandomForest,leaked-only,0.8962239908504255,0.9492054645745807,0.7939856460171512,214,327,541
6,0.93,embedding_0.93,LogisticRegression,baseline,0.834456247252354,0.8980676328502416,0.6753152301658253,290,414,704
6,0.93,embedding_0.93,LogisticRegression,cleaned,0.7239263803680982,0.779491833030853,0.45447670901391407,76,87,163
6,0.93,embedding_0.93,LogisticRegression,leaked-only,0.8676429470152384,0.939931121209523,0.7416412624593149,214,327,541
6,0.94,embedding_0.94,RandomForest,baseline,0.8801349490787939,0.9312593703148425,0.7613785845054905,290,414,704
6,0.94,embedding_0.94,RandomForest,cleaned,0.8348774613967984,0.8774343297101449,0.6701812829929458,92,96,188
6,0.94,embedding_0.94,RandomForest,leaked-only,0.896093435360451,0.9486690807445523,0.7936934451012748,198,318,516
6,0.94,embedding_0.94,LogisticRegression,baseline,0.834456247252354,0.8980676328502416,0.6753152301658253,290,414,704
6,0.94,embedding_0.94,LogisticRegression,cleaned,0.7439564181137215,0.8055366847826088,0.49624957336177056,92,96,188
6,0.94,embedding_0.94,LogisticRegression,leaked-only,0.8659870142455665,0.938663363191665,0.7377941837377011,198,318,516
6,0.95,embedding_0.95,RandomForest,baseline,0.8801349490787939,0.9312593703148425,0.7613785845054905,290,414,704
6,0.95,embedding_0.95,RandomForest,cleaned,0.8441697293685265,0.8867630006243867,0.6886782857100071,111,101,212
6,0.95,embedding_0.95,RandomForest,leaked-only,0.8927325581395349,0.9484891213165081,0.7871957737459901,179,313,492
6,0.95,embedding_0.95,LogisticRegression,baseline,0.834456247252354,0.8980676328502416,0.6753152301658253,290,414,704
6,0.95,embedding_0.95,LogisticRegression,cleaned,0.7610890732059141,0.8144679332798145,0.5289935748626318,111,101,212
6,0.95,embedding_0.95,LogisticRegression,leaked-only,0.861581810863101,0.941438949078123,0.7297143930829418,179,313,492
6,0.96,embedding_0.96,RandomForest,baseline,0.8801349490787939,0.9312593703148425,0.7613785845054905,290,414,704
6,0.96,embedding_0.96,RandomForest,cleaned,0.8402910221092039,0.8862704918032787,0.6807007901021046,122,116,238
6,0.96,embedding_0.96,RandomForest,leaked-only,0.8978335908143027,0.9505233301374241,0.7979262527752206,168,298,466
6,0.96,embedding_0.96,LogisticRegression,baseline,0.834456247252354,0.8980676328502416,0.6753152301658253,290,414,704
6,0.96,embedding_0.96,LogisticRegression,cleaned,0.7707783405864308,0.818046919163369,0.5505827853621172,122,116,238
6,0.96,embedding_0.96,LogisticRegression,leaked-only,0.8620974040779892,0.9455297219558965,0.7296767012570211,168,298,466
6,0.97,embedding_0.97,RandomForest,baseline,0.8801349490787939,0.9312593703148425,0.7613785845054905,290,414,704
6,0.97,embedding_0.97,RandomForest,cleaned,0.8581818181818182,0.9013805141225008,0.7163863323812546,138,137,275
6,0.97,embedding_0.97,RandomForest,leaked-only,0.8902412280701755,0.9485322059661789,0.7835603240173663,152,277,429
6,0.97,embedding_0.97,LogisticRegression,baseline,0.834456247252354,0.8980676328502416,0.6753152301658253,290,414,704
6,0.97,embedding_0.97,LogisticRegression,cleaned,0.7913921826965304,0.8378821538136042,0.5921738182658727,138,137,275
6,0.97,embedding_0.97,LogisticRegression,leaked-only,0.8565316665897873,0.9435208056241687,0.7181039835947886,152,277,429
6,0.98,embedding_0.98,RandomForest,baseline,0.8801349490787939,0.9312593703148425,0.7613785845054905,290,414,704
6,0.98,embedding_0.98,RandomForest,cleaned,0.8414589823468328,0.9030572755417957,0.6873251964940754,190,204,394
6,0.98,embedding_0.98,RandomForest,leaked-only,0.930420195863014,0.9597380952380954,0.8610630242933544,100,210,310
6,0.98,embedding_0.98,LogisticRegression,baseline,0.834456247252354,0.8980676328502416,0.6753152301658253,290,414,704
6,0.98,embedding_0.98,LogisticRegression,cleaned,0.7686047487205303,0.8456914344685242,0.5468157656921483,190,204,394
6,0.98,embedding_0.98,LogisticRegression,leaked-only,0.913984461709212,0.9552857142857142,0.8313256582296263,100,210,310
6,0.99,embedding_0.99,RandomForest,baseline,0.8801349490787939,0.9312593703148425,0.7613785845054905,290,414,704
6,0.99,embedding_0.99,RandomForest,cleaned,0.8617294802768927,0.9199211707511159,0.7254591466215049,249,323,572
6,0.99,embedding_0.99,RandomForest,leaked-only,0.965079365079365,0.9778879656928438,0.9307445731661286,41,91,132
6,0.99,embedding_0.99,LogisticRegression,baseline,0.834456247252354,0.8980676328502416,0.6753152301658253,290,414,704
6,0.99,embedding_0.99,LogisticRegression,cleaned,0.8105193418970149,0.8780011687617343,0.6290553612967261,249,323,572
6,0.99,embedding_0.99,LogisticRegression,leaked-only,0.9392704567860664,0.973197534173144,0.8798040765304531,41,91,132
6,1.0,embedding_1.0,RandomForest,baseline,0.8801349490787939,0.9312593703148425,0.7613785845054905,290,414,704
6,1.0,embedding_1.0,RandomForest,cleaned,0.8801349490787939,0.9312593703148425,0.7613785845054905,290,414,704
6,1.0,embedding_1.0,LogisticRegression,baseline,0.834456247252354,0.8980676328502416,0.6753152301658253,290,414,704
6,1.0,embedding_1.0,LogisticRegression,cleaned,0.834456247252354,0.8980676328502416,0.6753152301658253,290,414,704
7,0.9,embedding_0.9,RandomForest,baseline,0.8602516221911578,0.9288480553724456,0.7215378128156561,296,492,788
7,0.9,embedding_0.9,RandomForest,cleaned,0.7996031746031746,0.892103948025987,0.6207232169334557,87,115,202
7,0.9,embedding_0.9,RandomForest,leaked-only,0.8815039494470773,0.9424123970403463,0.7631035858181671,209,377,586
7,0.9,embedding_0.9,LogisticRegression,baseline,0.8035060707740969,0.8596324983520106,0.6121496390217095,296,492,788
7,0.9,embedding_0.9,LogisticRegression,cleaned,0.7234873939122427,0.7548225887056472,0.44730209787773567,87,115,202
7,0.9,embedding_0.9,LogisticRegression,leaked-only,0.8315535821315425,0.9033162844415112,0.6716170100347082,209,377,586
7,0.91,embedding_0.91,RandomForest,baseline,0.8602516221911578,0.9288480553724456,0.7215378128156561,296,492,788
7,0.91,embedding_0.91,RandomForest,cleaned,0.815158371040724,0.90296743697479,0.6490327841690922,96,119,215
7,0.91,embedding_0.91,RandomForest,leaked-only,0.8776653945718023,0.9422184986595175,0.7554321684090206,200,373,573
7,0.91,embedding_0.91,LogisticRegression,baseline,0.8035060707740969,0.8596324983520106,0.6121496390217095,296,492,788
7,0.91,embedding_0.91,LogisticRegression,cleaned,0.7281091923949067,0.7626050420168067,0.45672908478342245,96,119,215
7,0.91,embedding_0.91,LogisticRegression,leaked-only,0.8319989174316065,0.9043163538873994,0.6725777495378696,200,373,573
7,0.92,embedding_0.92,RandomForest,baseline,0.8602516221911578,0.9288480553724456,0.7215378128156561,296,492,788
7,0.92,embedding_0.92,RandomForest,cleaned,0.8206243205466688,0.9031268927922471,0.654463644208277,104,127,231
7,0.92,embedding_0.92,RandomForest,leaked-only,0.8771067015885669,0.9427582762557077,0.7542406082661457,192,365,557
7,0.92,embedding_0.92,LogisticRegression,baseline,0.8035060707740969,0.8596324983520106,0.6121496390217095,296,492,788
7,0.92,embedding_0.92,LogisticRegression,cleaned,0.7388453421766656,0.7779376135675349,0.4786972586823149,104,127,231
7,0.92,embedding_0.92,LogisticRegression,leaked-only,0.8300857231973622,0.902568493150685,0.6683997803765355,192,365,557
7,0.93,embedding_0.93,RandomForest,baseline,0.8602516221911578,0.9288480553724456,0.7215378128156561,296,492,788
7,0.93,embedding_0.93,RandomForest,cleaned,0.818368700265252,0.900832899531494,0.6457718250311041,113,136,249
7,0.93,embedding_0.93,RandomForest,leaked-only,0.8800346902437527,0.9434825320808007,0.7600693804875054,183,356,539
7,0.93,embedding_0.93,LogisticRegression,baseline,0.8035060707740969,0.8596324983520106,0.6121496390217095,296,492,788
7,0.93,embedding_0.93,LogisticRegression,cleaned,0.7422693750808642,0.7846824570536178,0.4869478814681833,113,136,249
7,0.93,embedding_0.93,LogisticRegression,leaked-only,0.8308916621450533,0.9037575980843617,0.6688823106098225,183,356,539
7,0.94,embedding_0.94,RandomForest,baseline,0.8602516221911578,0.9288480553724456,0.7215378128156561,296,492,788
7,0.94,embedding_0.94,RandomForest,cleaned,0.8289870689655172,0.9115079365079365,0.6671451166182337,126,150,276
7,0.94,embedding_0.94,RandomForest,leaked-only,0.8770729364956869,0.9428792569659443,0.7541791613120851,170,342,512
7,0.94,embedding_0.94,LogisticRegression,baseline,0.8035060707740969,0.8596324983520106,0.6121496390217095,296,492,788
7,0.94,embedding_0.94,LogisticRegression,cleaned,0.7384574888128455,0.789153439153439,0.4788646202527515,126,150,276
7,0.94,embedding_0.94,LogisticRegression,leaked-only,0.8376430568768197,0.9090299277605779,0.6833254585338336,170,342,512
7,0.95,embedding_0.95,RandomForest,baseline,0.8602516221911578,0.9288480553724456,0.7215378128156561,296,492,788
7,0.95,embedding_0.95,RandomForest,cleaned,0.8392108938547487,0.9159939888364106,0.6845148534335185,137,170,307
7,0.95,embedding_0.95,RandomForest,leaked-only,0.8731688737841322,0.942038751513731,0.7463377475682644,159,322,481
7,0.95,embedding_0.95,LogisticRegression,baseline,0.8035060707740969,0.8596324983520106,0.6121496390217095,296,492,788
7,0.95,embedding_0.95,LogisticRegression,cleaned,0.7449514314928425,0.8019750966079863,0.49302762960387375,137,170,307
7,0.95,embedding_0.95,LogisticRegression,leaked-only,0.8399709472599048,0.9073205984608774,0.6870479070748513,159,322,481
7,0.96,embedding_0.96,RandomForest,baseline,0.8602516221911578,0.9288480553724456,0.7215378128156561,296,492,788
7,0.96,embedding_0.96,RandomForest,cleaned,0.8469180877487077,0.9231301939058172,0.6982379478974614,152,190,342
7,0.96,embedding_0.96,RandomForest,leaked-only,0.8690010654533936,0.9399719462840324,0.7380133781905471,144,302,446
7,0.96,embedding_0.96,LogisticRegression,baseline,0.8035060707740969,0.8596324983520106,0.6121496390217095,296,492,788
7,0.96,embedding_0.96,LogisticRegression,cleaned,0.7533653846153847,0.8131232686980608,0.5100589167166549,152,190,342
7,0.96,embedding_0.96,LogisticRegression,leaked-only,0.8404995736018266,0.9089174025018396,0.6882943324115824,144,302,446
7,0.97,embedding_0.97,RandomForest,baseline,0.8602516221911578,0.9288480553724456,0.7215378128156561,296,492,788
7,0.97,embedding_0.97,RandomForest,cleaned,0.8528089652721152,0.9272051740745838,0.7091395221896444,169,215,384
7,0.97,embedding_0.97,RandomForest,leaked-only,0.8647722821635865,0.9381591290258393,0.7295585692145139,127,277,404
7,0.97,embedding_0.97,LogisticRegression,baseline,0.8035060707740969,0.8596324983520106,0.6121496390217095,296,492,788
7,0.97,embedding_0.97,LogisticRegression,cleaned,0.7618434235007872,0.8218522086142838,0.5274578575822872,169,215,384
7,0.97,embedding_0.97,LogisticRegression,leaked-only,0.8409664721053346,0.9090082151283436,0.6891193469076763,127,277,404
7,0.98,embedding_0.98,RandomForest,baseline,0.8602516221911578,0.9288480553724456,0.7215378128156561,296,492,788
7,0.98,embedding_0.98,RandomForest,cleaned,0.8492974846803831,0.92112277997238,0.7030995562978443,214,291,505
7,0.98,embedding_0.98,RandomForest,leaked-only,0.8784958176030795,0.9520385875500545,0.7584718501055896,82,201,283
7,0.98,embedding_0.98,LogisticRegression,baseline,0.8035060707740969,0.8596324983520106,0.6121496390217095,296,492,788
7,0.98,embedding_0.98,LogisticRegression,cleaned,0.7663784206967723,0.8259787391206603,0.5386377148630965,214,291,505
7,0.98,embedding_0.98,LogisticRegression,leaked-only,0.8680652680652681,0.9185171702463293,0.7403008890009874,82,201,283
7,0.99,embedding_0.99,RandomForest,baseline,0.8602516221911578,0.9288480553724456,0.7215378128156561,296,492,788
7,0.99,embedding_0.99,RandomForest,cleaned,0.8463837823554083,0.919086899238128,0.6943459665205283,253,414,667
7,0.99,embedding_0.99,RandomForest,leaked-only,0.9371894697812384,0.9652653548002386,0.8745290677744713,43,78,121
7,0.99,embedding_0.99,LogisticRegression,baseline,0.8035060707740969,0.8596324983520106,0.6121496390217095,296,492,788
7,0.99,embedding_0.99,LogisticRegression,cleaned,0.7817757822560998,0.842661014683699,0.5704482224249439,253,414,667
7,0.99,embedding_0.99,LogisticRegression,leaked-only,0.9278473464519976,0.9409660107334525,0.8556946929039952,43,78,121
7,1.0,embedding_1.0,RandomForest,baseline,0.8602516221911578,0.9288480553724456,0.7215378128156561,296,492,788
7,1.0,embedding_1.0,RandomForest,cleaned,0.8602516221911578,0.9288480553724456,0.7215378128156561,296,492,788
7,1.0,embedding_1.0,LogisticRegression,baseline,0.8035060707740969,0.8596324983520106,0.6121496390217095,296,492,788
7,1.0,embedding_1.0,LogisticRegression,cleaned,0.8035060707740969,0.8596324983520106,0.6121496390217095,296,492,788
8,0.9,embedding_0.9,RandomForest,baseline,0.864717202141901,0.9347088333661223,0.73805175601101,312,391,703
8,0.9,embedding_0.9,RandomForest,cleaned,0.7319783197831978,0.8529209621993127,0.51006475315253,97,75,172
8,0.9,embedding_0.9,RandomForest,leaked-only,0.908790141896938,0.9537312334412718,0.8198871291642588,215,316,531
8,0.9,embedding_0.9,LogisticRegression,baseline,0.8157122962234784,0.8573840907600498,0.6314380828445915,312,391,703
8,0.9,embedding_0.9,LogisticRegression,cleaned,0.6627450980392157,0.7068041237113402,0.3436613326730626,97,75,172
8,0.9,embedding_0.9,LogisticRegression,leaked-only,0.865189322501088,0.9219899911686783,0.7334799958906575,215,316,531
8,0.91,embedding_0.91,RandomForest,baseline,0.864717202141901,0.9347088333661223,0.73805175601101,312,391,703
8,0.91,embedding_0.91,RandomForest,cleaned,0.7420602789023841,0.8572891566265061,0.5226401357046925,100,83,183
8,0.91,embedding_0.91,RandomForest,leaked-only,0.9090113735783028,0.9537337662337662,0.8206971429361594,212,308,520
8,0.91,embedding_0.91,LogisticRegression,baseline,0.8157122962234784,0.8573840907600498,0.6314380828445915,312,391,703
8,0.91,embedding_0.91,LogisticRegression,cleaned,0.6611920688007644,0.7136144578313253,0.3325711700731501,100,83,183
8,0.91,embedding_0.91,LogisticRegression,leaked-only,0.8701554200275428,0.9236706689536877,0.7424887442481861,212,308,520
8,0.92,embedding_0.92,RandomForest,baseline,0.864717202141901,0.9347088333661223,0.73805175601101,312,391,703
8,0.92,embedding_0.92,RandomForest,cleaned,0.7412781393363918,0.8429641519529161,0.5143065211889909,105,89,194
8,0.92,embedding_0.92,RandomForest,leaked-only,0.9130466614603671,0.9572255814697508,0.8292147886201651,207,302,509
8,0.92,embedding_0.92,LogisticRegression,baseline,0.8157122962234784,0.8573840907600498,0.6314380828445915,312,391,703
8,0.92,embedding_0.92,LogisticRegression,cleaned,0.6649395509499136,0.7136436597110754,0.33787768148321623,105,89,194
8,0.92,embedding_0.92,LogisticRegression,leaked-only,0.8732514614797804,0.926304507790255,0.7485414652376527,207,302,509
8,0.93,embedding_0.93,RandomForest,baseline,0.864717202141901,0.9347088333661223,0.73805175601101,312,391,703
8,0.93,embedding_0.93,RandomForest,cleaned,0.7663043478260869,0.8602136529442418,0.5592791086902897,114,101,215
8,0.93,embedding_0.93,RandomForest,leaked-only,0.9091489361702128,0.9564524555903866,0.8216901384847051,198,290,488
8,0.93,embedding_0.93,LogisticRegression,baseline,0.8157122962234784,0.8573840907600498,0.6314380828445915,312,391,703
8,0.93,embedding_0.93,LogisticRegression,cleaned,0.6883451245105039,0.7376237623762376,0.38342497184313873,114,101,215
8,0.93,embedding_0.93,LogisticRegression,leaked-only,0.8719760535698158,0.9258620689655174,0.7461673631933011,198,290,488
8,0.94,embedding_0.94,RandomForest,baseline,0.864717202141901,0.9347088333661223,0.73805175601101,312,391,703
8,0.94,embedding_0.94,RandomForest,cleaned,0.7863715232136286,0.881651376146789,0.5962918361051982,130,109,239
8,0.94,embedding_0.94,RandomForest,leaked-only,0.9054167598876377,0.9539786454680073,0.814296037237857,182,282,464
8,0.94,embedding_0.94,LogisticRegression,baseline,0.8157122962234784,0.8573840907600498,0.6314380828445915,312,391,703
8,0.94,embedding_0.94,LogisticRegression,cleaned,0.7027415257948673,0.7537050105857446,0.41104673077283255,130,109,239
8,0.94,embedding_0.94,LogisticRegression,leaked-only,0.8730944737940665,0.9264671498714051,0.7486825979297407,182,282,464
8,0.95,embedding_0.95,RandomForest,baseline,0.864717202141901,0.9347088333661223,0.73805175601101,312,391,703
8,0.95,embedding_0.95,RandomForest,cleaned,0.8028759073625994,0.8885454950439916,0.6246506788429027,146,123,269
8,0.95,embedding_0.95,RandomForest,leaked-only,0.902564545376047,0.9573930048552419,0.8091728516505036,166,268,434
8,0.95,embedding_0.95,LogisticRegression,baseline,0.8157122962234784,0.8573840907600498,0.6314380828445915,312,391,703
8,0.95,embedding_0.95,LogisticRegression,cleaned,0.7247206549397057,0.7730259494375765,0.4545930703578836,146,123,269
8,0.95,embedding_0.95,LogisticRegression,leaked-only,0.8707335907335907,0.927868189174609,0.7446888846445718,166,268,434
8,0.96,embedding_0.96,RandomForest,baseline,0.864717202141901,0.9347088333661223,0.73805175601101,312,391,703
8,0.96,embedding_0.96,RandomForest,cleaned,0.8168857471903419,0.9015679442508711,0.6485482243660348,164,154,318
8,0.96,embedding_0.96,RandomForest,leaked-only,0.9042960753348541,0.9593739308929181,0.8132106778586875,148,237,385
8,0.96,embedding_0.96,LogisticRegression,baseline,0.8157122962234784,0.8573840907600498,0.6314380828445915,312,391,703
8,0.96,embedding_0.96,LogisticRegression,cleaned,0.7452603471295061,0.7882087424770352,0.493016215174531,164,154,318
8,0.96,embedding_0.96,LogisticRegression,leaked-only,0.8732390419547598,0.9326034895655149,0.7493261234915479,148,237,385
8,0.97,embedding_0.97,RandomForest,baseline,0.864717202141901,0.9347088333661223,0.73805175601101,312,391,703
8,0.97,embedding_0.97,RandomForest,cleaned,0.825407489407184,0.9073371380001214,0.6615341719624371,182,181,363
8,0.97,embedding_0.97,RandomForest,leaked-only,0.9068044121400013,0.9601098901098901,0.820340612790599,130,210,340
8,0.97,embedding_0.97,LogisticRegression,baseline,0.8157122962234784,0.8573840907600498,0.6314380828445915,312,391,703
8,0.97,embedding_0.97,LogisticRegression,cleaned,0.7574266447967923,0.8063262704146681,0.5160049816563247,182,181,363
8,0.97,embedding_0.97,LogisticRegression,leaked-only,0.8774509803921569,0.9316117216117216,0.7572641427531651,130,210,340
8,0.98,embedding_0.98,RandomForest,baseline,0.864717202141901,0.9347088333661223,0.73805175601101,312,391,703
8,0.98,embedding_0.98,RandomForest,cleaned,0.8339483713362078,0.9147933407927304,0.6791319440216053,226,261,487
8,0.98,embedding_0.98,RandomForest,leaked-only,0.9359591306132689,0.9663237924865833,0.8755907566804173,86,130,216
8,0.98,embedding_0.98,LogisticRegression,baseline,0.8157122962234784,0.8573840907600498,0.6314380828445915,312,391,703
8,0.98,embedding_0.98,LogisticRegression,cleaned,0.7752101463084122,0.8230088495575222,0.55047956672694,226,261,487
8,0.98,embedding_0.98,LogisticRegression,leaked-only,0.9080459770114943,0.9331842576028622,0.8161343056488702,86,130,216
8,0.99,embedding_0.99,RandomForest,baseline,0.864717202141901,0.9347088333661223,0.73805175601101,312,391,703
8,0.99,embedding_0.99,RandomForest,cleaned,0.8536839485781322,0.927800269905533,0.7162958233907294,273,342,615
8,0.99,embedding_0.99,RandomForest,leaked-only,0.9414815799973401,0.9649398220826791,0.8894229165062354,39,49,88
8,0.99,embedding_0.99,LogisticRegression,baseline,0.8157122962234784,0.8573840907600498,0.6314380828445915,312,391,703
8,0.99,embedding_0.99,LogisticRegression,cleaned,0.8010980169941384,0.8495597969282178,0.602303984256649,273,342,615
8,0.99,embedding_0.99,LogisticRegression,leaked-only,0.9186798679867987,0.9120879120879122,0.8395899518984667,39,49,88
8,1.0,embedding_1.0,RandomForest,baseline,0.864717202141901,0.9347088333661223,0.73805175601101,312,391,703
8,1.0,embedding_1.0,RandomForest,cleaned,0.864717202141901,0.9347088333661223,0.73805175601101,312,391,703
8,1.0,embedding_1.0,LogisticRegression,baseline,0.8157122962234784,0.8573840907600498,0.6314380828445915,312,391,703
8,1.0,embedding_1.0,LogisticRegression,cleaned,0.8157122962234784,0.8573840907600498,0.6314380828445915,312,391,703
9,0.9,embedding_0.9,RandomForest,baseline,0.9074501804801471,0.9554545671603778,0.8159628729541805,323,389,712
9,0.9,embedding_0.9,RandomForest,cleaned,0.8767533490937747,0.9380912339709903,0.7535988606000049,71,67,138
9,0.9,embedding_0.9,RandomForest,leaked-only,0.9144560357675111,0.9576370403233757,0.8303972701652543,252,322,574
9,0.9,embedding_0.9,LogisticRegression,baseline,0.8668332709893591,0.897864652558358,0.7336665419787182,323,389,712
9,0.9,embedding_0.9,LogisticRegression,cleaned,0.7605552342394448,0.8030271179314694,0.5211905232020173,71,67,138
9,0.9,embedding_0.9,LogisticRegression,leaked-only,0.8920769953919891,0.9299763383614316,0.7841595651758926,252,322,574
9,0.91,embedding_0.91,RandomForest,baseline,0.9074501804801471,0.9554545671603778,0.8159628729541805,323,389,712
9,0.91,embedding_0.91,RandomForest,cleaned,0.8749512881576098,0.9371968121968122,0.749978374666605,78,74,152
9,0.91,embedding_0.91,RandomForest,leaked-only,0.9158730780786665,0.9590670553935859,0.8333125701421245,245,315,560
9,0.91,embedding_0.91,LogisticRegression,baseline,0.8668332709893591,0.897864652558358,0.7336665419787182,323,389,712
9,0.91,embedding_0.91,LogisticRegression,cleaned,0.7563152649594871,0.801975051975052,0.5126961223151838,78,74,152
9,0.91,embedding_0.91,LogisticRegression,leaked-only,0.8965513888753853,0.9350178166504697,0.7931086729706776,245,315,560
9,0.92,embedding_0.92,RandomForest,baseline,0.9074501804801471,0.9554545671603778,0.8159628729541805,323,389,712
9,0.92,embedding_0.92,RandomForest,cleaned,0.8840385545755647,0.944601638123604,0.7681429635046211,85,79,164
9,0.92,embedding_0.92,RandomForest,leaked-only,0.9138364779874214,0.9580374085117918,0.829312118141539,238,310,548
9,0.92,embedding_0.92,LogisticRegression,baseline,0.8668332709893591,0.897864652558358,0.7336665419787182,323,389,712
9,0.92,embedding_0.92,LogisticRegression,cleaned,0.7677400119260585,0.8160833953834697,0.535709341873014,85,79,164
9,0.92,embedding_0.92,LogisticRegression,leaked-only,0.8959121928717761,0.9335050149091894,0.7918490952607666,238,310,548
9,0.93,embedding_0.93,RandomForest,baseline,0.9074501804801471,0.9554545671603778,0.8159628729541805,323,389,712
9,0.93,embedding_0.93,RandomForest,cleaned,0.889231603565739,0.9488536155202821,0.7785236348380754,91,81,172
9,0.93,embedding_0.93,RandomForest,leaked-only,0.9122683092224231,0.9576032803403492,0.8262325289043482,232,308,540
9,0.93,embedding_0.93,LogisticRegression,baseline,0.8668332709893591,0.897864652558358,0.7336665419787182,323,389,712
9,0.93,embedding_0.93,LogisticRegression,cleaned,0.7666530999864334,0.8144078144078144,0.5333061999728667,91,81,172
9,0.93,embedding_0.93,LogisticRegression,leaked-only,0.8979791759964173,0.9371781236005374,0.7959583519928347,232,308,540
9,0.94,embedding_0.94,RandomForest,baseline,0.9074501804801471,0.9554545671603778,0.8159628729541805,323,389,712
9,0.94,embedding_0.94,RandomForest,cleaned,0.8806239074895792,0.9429400386847195,0.7616748332953244,99,94,193
9,0.94,embedding_0.94,RandomForest,leaked-only,0.9165083499310556,0.9593825665859563,0.8359108657537054,224,295,519
9,0.94,embedding_0.94,LogisticRegression,baseline,0.8668332709893591,0.897864652558358,0.7336665419787182,323,389,712
9,0.94,embedding_0.94,LogisticRegression,cleaned,0.7768186096544305,0.8185041908446163,0.5540138037346554,99,94,193
9,0.94,embedding_0.94,LogisticRegression,leaked-only,0.8996949428728422,0.9399667070217919,0.7994523891029367,224,295,519
9,0.95,embedding_0.95,RandomForest,baseline,0.9074501804801471,0.9554545671603778,0.8159628729541805,323,389,712
9,0.95,embedding_0.95,RandomForest,cleaned,0.8699488224532802,0.9363888888888889,0.7399380013877139,108,100,208
9,0.95,embedding_0.95,RandomForest,leaked-only,0.9220043005147587,0.9603444113623562,0.8465221501683164,215,289,504
9,0.95,embedding_0.95,LogisticRegression,baseline,0.8668332709893591,0.897864652558358,0.7336665419787182,323,389,712
9,0.95,embedding_0.95,LogisticRegression,cleaned,0.7734047238254178,0.8134259259259259,0.5471328331904642,108,100,208
9,0.95,embedding_0.95,LogisticRegression,leaked-only,0.9045173668914535,0.9458276333789329,0.8091017666706151,215,289,504
9,0.96,embedding_0.96,RandomForest,baseline,0.9074501804801471,0.9554545671603778,0.8159628729541805,323,389,712
9,0.96,embedding_0.96,RandomForest,cleaned,0.8660088127598833,0.9293734491315137,0.7321252143788489,130,124,254
9,0.96,embedding_0.96,RandomForest,leaked-only,0.929532516390961,0.9637696744549809,0.8625294242186721,193,265,458
9,0.96,embedding_0.96,LogisticRegression,baseline,0.8668332709893591,0.897864652558358,0.7336665419787182,323,389,712
9,0.96,embedding_0.96,LogisticRegression,cleaned,0.7751688795713954,0.8163771712158809,0.5509406832652795,130,124,254
9,0.96,embedding_0.96,LogisticRegression,leaked-only,0.9168641303014693,0.9595072832143904,0.8339591434772098,193,265,458
9,0.97,embedding_0.97,RandomForest,baseline,0.9074501804801471,0.9554545671603778,0.8159628729541805,323,389,712
9,0.97,embedding_0.97,RandomForest,cleaned,0.877417585431408,0.9412951912951912,0.754854431089659,148,154,302
9,0.97,embedding_0.97,RandomForest,leaked-only,0.9292772479731894,0.9613617021276596,0.8615872508566308,175,235,410
9,0.97,embedding_0.97,LogisticRegression,baseline,0.8668332709893591,0.897864652558358,0.7336665419787182,323,389,712
9,0.97,embedding_0.97,LogisticRegression,cleaned,0.8013157894736842,0.8410845910845911,0.6029128009995383,148,154,302
9,0.97,embedding_0.97,LogisticRegression,leaked-only,0.9150020731201678,0.9562796352583587,0.8301867426373455,175,235,410
9,0.98,embedding_0.98,RandomForest,baseline,0.9074501804801471,0.9554545671603778,0.8159628729541805,323,389,712
9,0.98,embedding_0.98,RandomForest,cleaned,0.8672291631607352,0.929537037037037,0.7356814145717663,200,216,416
9,0.98,embedding_0.98,RandomForest,leaked-only,0.9649621212121212,0.9825884675031721,0.9307764768560799,123,173,296
9,0.98,embedding_0.98,LogisticRegression,baseline,0.8668332709893591,0.897864652558358,0.7336665419787182,323,389,712
9,0.98,embedding_0.98,LogisticRegression,cleaned,0.8050981276787728,0.8423611111111111,0.6102801440242634,200,216,416
9,0.98,embedding_0.98,LogisticRegression,leaked-only,0.9546263869727735,0.9790873631279666,0.9094618066616947,123,173,296
9,0.99,embedding_0.99,RandomForest,baseline,0.9074501804801471,0.9554545671603778,0.8159628729541805,323,389,712
9,0.99,embedding_0.99,RandomForest,cleaned,0.8953606237816765,0.9493973829201102,0.791905090323091,264,330,594
9,0.99,embedding_0.99,RandomForest,leaked-only,0.9660919540229885,0.9803217466245332,0.9327394470282498,59,59,118
9,0.99,embedding_0.99,LogisticRegression,baseline,0.8668332709893591,0.897864652558358,0.7336665419787182,323,389,712
9,0.99,embedding_0.99,LogisticRegression,cleaned,0.8467052818718817,0.8819214876033058,0.6934301739890059,264,330,594
9,0.99,embedding_0.99,LogisticRegression,leaked-only,0.9660919540229885,0.9767308244757253,0.9327394470282498,59,59,118
9,1.0,embedding_1.0,RandomForest,baseline,0.9074501804801471,0.9554545671603778,0.8159628729541805,323,389,712
9,1.0,embedding_1.0,RandomForest,cleaned,0.9074501804801471,0.9554545671603778,0.8159628729541805,323,389,712
9,1.0,embedding_1.0,LogisticRegression,baseline,0.8668332709893591,0.897864652558358,0.7336665419787182,323,389,712
9,1.0,embedding_1.0,LogisticRegression,cleaned,0.8668332709893591,0.897864652558358,0.7336665419787182,323,389,712
10,0.9,embedding_0.9,RandomForest,baseline,0.8984036003135965,0.9461088709677419,0.7968108731959592,310,400,710
10,0.9,embedding_0.9,RandomForest,cleaned,0.7817364788958434,0.8348968105065666,0.5950876387929089,41,39,80
10,0.9,embedding_0.9,RandomForest,leaked-only,0.911978390461997,0.9543193730756161,0.82444031450844,269,361,630
10,0.9,embedding_0.9,LogisticRegression,baseline,0.8697848961765815,0.9111935483870969,0.7395733458822066,310,400,710
10,0.9,embedding_0.9,LogisticRegression,cleaned,0.7234443746071653,0.7817385866166354,0.4505484820762931,41,39,80
10,0.9,embedding_0.9,LogisticRegression,leaked-only,0.8879278117950371,0.9303772049964473,0.7758976681884009,269,361,630
10,0.91,embedding_0.91,RandomForest,baseline,0.8984036003135965,0.9461088709677419,0.7968108731959592,310,400,710
10,0.91,embedding_0.91,RandomForest,cleaned,0.7944231042822592,0.848669623059867,0.6172901812840502,44,41,85
10,0.91,embedding_0.91,RandomForest,leaked-only,0.9111879499810535,0.9539709301107924,0.8228676751779473,266,359,625
10,0.91,embedding_0.91,LogisticRegression,baseline,0.8697848961765815,0.9111935483870969,0.7395733458822066,310,400,710
10,0.91,embedding_0.91,LogisticRegression,cleaned,0.7280567533732091,0.7782705099778271,0.45794447493976626,44,41,85
10,0.91,embedding_0.91,LogisticRegression,leaked-only,0.8886268343815513,0.9325926236203322,0.77727268384411,266,359,625
10,0.92,embedding_0.92,RandomForest,baseline,0.8984036003135965,0.9461088709677419,0.7968108731959592,310,400,710
10,0.92,embedding_0.92,RandomForest,cleaned,0.7908168105492837,0.8824708454810496,0.6173951461432462,56,49,105
10,0.92,embedding_0.92,RandomForest,leaked-only,0.9144765114332889,0.9541074993830898,0.8299991517887217,254,351,605
10,0.92,embedding_0.92,LogisticRegression,baseline,0.8697848961765815,0.9111935483870969,0.7395733458822066,310,400,710
10,0.92,embedding_0.92,LogisticRegression,cleaned,0.712171052631579,0.7846209912536444,0.42486518882610214,56,49,105
10,0.92,embedding_0.92,LogisticRegression,leaked-only,0.8964567183190666,0.9362900150301725,0.7929185868681794,254,351,605
10,0.93,embedding_0.93,RandomForest,baseline,0.8984036003135965,0.9461088709677419,0.7968108731959592,310,400,710
10,0.93,embedding_0.93,RandomForest,cleaned,0.8096086788066641,0.9022189349112425,0.6493759998561613,65,52,117
10,0.93,embedding_0.93,RandomForest,leaked-only,0.9122677239910049,0.9530084447572131,0.8256330373194021,245,348,593
10,0.93,embedding_0.93,LogisticRegression,baseline,0.8697848961765815,0.9111935483870969,0.7395733458822066,310,400,710
10,0.93,embedding_0.93,LogisticRegression,cleaned,0.7393048128342246,0.8091715976331362,0.4790537937574786,65,52,117
10,0.93,embedding_0.93,LogisticRegression,leaked-only,0.893868844859506,0.9343185550082103,0.787743081625713,245,348,593
10,0.94,embedding_0.94,RandomForest,baseline,0.8984036003135965,0.9461088709677419,0.7968108731959592,310,400,710
10,0.94,embedding_0.94,RandomForest,cleaned,0.8425311539083995,0.9212614870509608,0.7065104213974864,76,63,139
10,0.94,embedding_0.94,RandomForest,leaked-only,0.9085967114025202,0.9517360318547261,0.8183794918634718,234,337,571
10,0.94,embedding_0.94,LogisticRegression,baseline,0.8697848961765815,0.9111935483870969,0.7395733458822066,310,400,710
10,0.94,embedding_0.94,LogisticRegression,cleaned,0.7746928104575164,0.8408521303258145,0.5494672277179182,76,63,139
10,0.94,embedding_0.94,LogisticRegression,leaked-only,0.8913870501407594,0.9316492936670978,0.7827741002815187,234,337,571
10,0.95,embedding_0.95,RandomForest,baseline,0.8984036003135965,0.9461088709677419,0.7968108731959592,310,400,710
10,0.95,embedding_0.95,RandomForest,cleaned,0.8606060606060606,0.9393960674157302,0.7396171483623197,89,80,169
10,0.95,embedding_0.95,RandomForest,leaked-only,0.9070766059773274,0.9500707013574661,0.8158874924229439,221,320,541
10,0.95,embedding_0.95,LogisticRegression,baseline,0.8697848961765815,0.9111935483870969,0.7395733458822066,310,400,710
10,0.95,embedding_0.95,LogisticRegression,cleaned,0.7979606188466948,0.8667134831460673,0.5961464444241632,89,80,169
10,0.95,embedding_0.95,LogisticRegression,leaked-only,0.890912371188725,0.9287754524886878,0.7818312413883044,221,320,541
10,0.96,embedding_0.96,RandomForest,baseline,0.8984036003135965,0.9461088709677419,0.7968108731959592,310,400,710
10,0.96,embedding_0.96,RandomForest,cleaned,0.8707545019375427,0.9434850863422292,0.7579900499959078,98,91,189
10,0.96,embedding_0.96,RandomForest,leaked-only,0.9052525682446942,0.9491512487024485,0.8126235556294471,212,309,521
10,0.96,embedding_0.96,LogisticRegression,baseline,0.8697848961765815,0.9111935483870969,0.7395733458822066,310,400,710
10,0.96,embedding_0.96,LogisticRegression,cleaned,0.8090909090909091,0.87015025790536,0.6183637682187241,98,91,189
10,0.96,embedding_0.96,LogisticRegression,leaked-only,0.8905616853233118,0.9294589973743664,0.7811303919356831,212,309,521
10,0.97,embedding_0.97,RandomForest,baseline,0.8984036003135965,0.9461088709677419,0.7968108731959592,310,400,710
10,0.97,embedding_0.97,RandomForest,cleaned,0.8883821042382001,0.9531677613574165,0.7836223064360811,116,126,242
10,0.97,embedding_0.97,RandomForest,leaked-only,0.9020305631149257,0.9451802242456167,0.8058082780424247,194,274,468
10,0.97,embedding_0.97,LogisticRegression,baseline,0.8697848961765815,0.9111935483870969,0.7395733458822066,310,400,710
10,0.97,embedding_0.97,LogisticRegression,cleaned,0.8304366401777321,0.8906677613574165,0.6611289434719392,116,126,242
10,0.97,embedding_0.97,LogisticRegression,leaked-only,0.8897786151672162,0.9253329821657009,0.7795916905390324,194,274,468
10,0.98,embedding_0.98,RandomForest,baseline,0.8984036003135965,0.9461088709677419,0.7968108731959592,310,400,710
10,0.98,embedding_0.98,RandomForest,cleaned,0.8820478613773823,0.940957190957191,0.7647460394186995,168,198,366
10,0.98,embedding_0.98,RandomForest,leaked-only,0.9154939463063696,0.9562299539813136,0.8315864721067526,142,202,344
10,0.98,embedding_0.98,LogisticRegression,baseline,0.8697848961765815,0.9111935483870969,0.7395733458822066,310,400,710
10,0.98,embedding_0.98,LogisticRegression,cleaned,0.823953823953824,0.8895502645502645,0.6479076479076479,168,198,366
10,0.98,embedding_0.98,LogisticRegression,leaked-only,0.9191328196421575,0.9264049644401059,0.8382820869398794,142,202,344
10,0.99,embedding_0.99,RandomForest,baseline,0.8984036003135965,0.9461088709677419,0.7968108731959592,310,400,710
10,0.99,embedding_0.99,RandomForest,cleaned,0.8901443816698054,0.945302782324059,0.7803125631241303,235,325,560
10,0.99,embedding_0.99,RandomForest,leaked-only,0.926663407262545,0.9416,0.853409195300264,75,75,150
10,0.99,embedding_0.99,LogisticRegression,baseline,0.8697848961765815,0.9111935483870969,0.7395733458822066,310,400,710
10,0.99,embedding_0.99,LogisticRegression,cleaned,0.8516090408565848,0.908975450081833,0.7032237728757772,235,325,560
10,0.99,embedding_0.99,LogisticRegression,leaked-only,0.9333333333333333,0.9052444444444444,0.8666666666666667,75,75,150
10,1.0,embedding_1.0,RandomForest,baseline,0.8984036003135965,0.9461088709677419,0.7968108731959592,310,400,710
10,1.0,embedding_1.0,RandomForest,cleaned,0.8984036003135965,0.9461088709677419,0.7968108731959592,310,400,710
10,1.0,embedding_1.0,LogisticRegression,baseline,0.8697848961765815,0.9111935483870969,0.7395733458822066,310,400,710
10,1.0,embedding_1.0,LogisticRegression,cleaned,0.8697848961765815,0.9111935483870969,0.7395733458822066,310,400,710
11,0.9,embedding_0.9,RandomForest,baseline,0.8993639575971731,0.9564988962832031,0.7991891015393503,293,419,712
11,0.9,embedding_0.9,RandomForest,cleaned,0.7624223602484472,0.8801587301587303,0.5344402432698848,30,21,51
11,0.9,embedding_0.9,RandomForest,leaked-only,0.9095947998473931,0.9610839367942373,0.8194128400743251,263,398,661
11,0.9,embedding_0.9,LogisticRegression,baseline,0.8803043836676328,0.9300544934713726,0.7610503580284653,293,419,712
11,0.9,embedding_0.9,LogisticRegression,cleaned,0.7202194357366771,0.7365079365079366,0.4427268892800284,30,21,51
11,0.9,embedding_0.9,LogisticRegression,leaked-only,0.8919312761677294,0.9474368037908172,0.7845993450780252,263,398,661
11,0.91,embedding_0.91,RandomForest,baseline,0.8993639575971731,0.9564988962832031,0.7991891015393503,293,419,712
11,0.91,embedding_0.91,RandomForest,cleaned,0.7755340942347089,0.8821428571428571,0.5552193923424837,35,24,59
11,0.91,embedding_0.91,RandomForest,leaked-only,0.9097941704655339,0.9615494063389265,0.8198890848111728,258,395,653
11,0.91,embedding_0.91,LogisticRegression,baseline,0.8803043836676328,0.9300544934713726,0.7610503580284653,293,419,712
11,0.91,embedding_0.91,LogisticRegression,cleaned,0.738243123336291,0.7595238095238096,0.47693142634363456,35,24,59
11,0.91,embedding_0.91,LogisticRegression,leaked-only,0.8919042611201995,0.9473996663722893,0.7844549887192706,258,395,653
11,0.92,embedding_0.92,RandomForest,baseline,0.8993639575971731,0.9564988962832031,0.7991891015393503,293,419,712
11,0.92,embedding_0.92,RandomForest,cleaned,0.7756410256410255,0.8902439024390244,0.557610531903103,41,24,65
11,0.92,embedding_0.92,RandomForest,leaked-only,0.9101636165802848,0.9614828209764918,0.8205639761383274,252,395,647
11,0.92,embedding_0.92,LogisticRegression,baseline,0.8803043836676328,0.9300544934713726,0.7610503580284653,293,419,712
11,0.92,embedding_0.92,LogisticRegression,cleaned,0.7543461829176115,0.7784552845528456,0.5090891355818543,41,24,65
11,0.92,embedding_0.92,LogisticRegression,leaked-only,0.8904067276459218,0.9467098653807515,0.7814764483592167,252,395,647
11,0.93,embedding_0.93,RandomForest,baseline,0.8993639575971731,0.9564988962832031,0.7991891015393503,293,419,712
11,0.93,embedding_0.93,RandomForest,cleaned,0.7841513897102306,0.9017713365539454,0.5711926945077922,46,27,73
11,0.93,embedding_0.93,RandomForest,leaked-only,0.9103535353535352,0.9613680492439891,0.8210264634809352,247,392,639
11,0.93,embedding_0.93,LogisticRegression,baseline,0.8803043836676328,0.9300544934713726,0.7610503580284653,293,419,712
11,0.93,embedding_0.93,LogisticRegression,cleaned,0.7812187812187812,0.8051529790660226,0.5627643638896441,46,27,73
11,0.93,embedding_0.93,LogisticRegression,leaked-only,0.8887648733334699,0.9456901181525241,0.7782112458353082,247,392,639
11,0.94,embedding_0.94,RandomForest,baseline,0.8993639575971731,0.9564988962832031,0.7991891015393503,293,419,712
11,0.94,embedding_0.94,RandomForest,cleaned,0.7832792207792207,0.8961074561403508,0.5674506036959187,57,32,89
11,0.94,embedding_0.94,RandomForest,leaked-only,0.9123573562390871,0.9624337581570533,0.8251485500211615,236,387,623
11,0.94,embedding_0.94,LogisticRegression,baseline,0.8803043836676328,0.9300544934713726,0.7610503580284653,293,419,712
11,0.94,embedding_0.94,LogisticRegression,cleaned,0.7804276315789473,0.8092105263157895,0.5608552631578947,57,32,89
11,0.94,embedding_0.94,LogisticRegression,leaked-only,0.8901171956616711,0.947307624928831,0.7808463808073989,236,387,623
11,0.95,embedding_0.95,RandomForest,baseline,0.8993639575971731,0.9564988962832031,0.7991891015393503,293,419,712
11,0.95,embedding_0.95,RandomForest,cleaned,0.835024549918167,0.9309947299077734,0.6706075876927269,66,46,112
11,0.95,embedding_0.95,RandomForest,leaked-only,0.908921794776397,0.9613208772779346,0.8183101872504343,227,373,600
11,0.95,embedding_0.95,LogisticRegression,baseline,0.8803043836676328,0.9300544934713726,0.7610503580284653,293,419,712
11,0.95,embedding_0.95,LogisticRegression,cleaned,0.8166939443535188,0.8534255599472992,0.6339337352407809,66,46,112
11,0.95,embedding_0.95,LogisticRegression,leaked-only,0.8895741007446445,0.9483353214205572,0.7800668491549653,227,373,600
11,0.96,embedding_0.96,RandomForest,baseline,0.8993639575971731,0.9564988962832031,0.7991891015393503,293,419,712
11,0.96,embedding_0.96,RandomForest,cleaned,0.8129111842105263,0.8796923076923078,0.6261585997769191,75,65,140
11,0.96,embedding_0.96,RandomForest,leaked-only,0.9193528819639127,0.9665552272845074,0.8397930375054089,218,354,572
11,0.96,embedding_0.96,LogisticRegression,baseline,0.8803043836676328,0.9300544934713726,0.7610503580284653,293,419,712
11,0.96,embedding_0.96,LogisticRegression,cleaned,0.7910555298234779,0.8412307692307692,0.5828488976395056,75,65,140
11,0.96,embedding_0.96,LogisticRegression,leaked-only,0.9006177606177606,0.9560527134193749,0.8016239193559986,218,354,572
11,0.97,embedding_0.97,RandomForest,baseline,0.8993639575971731,0.9564988962832031,0.7991891015393503,293,419,712
11,0.97,embedding_0.97,RandomForest,cleaned,0.8526152482269503,0.9239552156080257,0.7054195008711408,93,97,190
11,0.97,embedding_0.97,RandomForest,leaked-only,0.9158259884605855,0.9638043478260869,0.8329497211326429,200,322,522
11,0.97,embedding_0.97,LogisticRegression,baseline,0.8803043836676328,0.9300544934713726,0.7610503580284653,293,419,712
11,0.97,embedding_0.97,LogisticRegression,cleaned,0.8368375855286849,0.8791708236337434,0.674092555727508,93,97,190
11,0.97,embedding_0.97,LogisticRegression,leaked-only,0.8953940066592675,0.9532298136645962,0.7912493591209713,200,322,522
11,0.98,embedding_0.98,RandomForest,baseline,0.8993639575971731,0.9564988962832031,0.7991891015393503,293,419,712
11,0.98,embedding_0.98,RandomForest,cleaned,0.8538394415357766,0.9213578551813845,0.7086894507009789,148,187,335
11,0.98,embedding_0.98,RandomForest,leaked-only,0.9409306941035149,0.9778834720570748,0.881994922577337,145,232,377
11,0.98,embedding_0.98,LogisticRegression,baseline,0.8803043836676328,0.9300544934713726,0.7610503580284653,293,419,712
11,0.98,embedding_0.98,LogisticRegression,cleaned,0.8286537270842868,0.8924338777279954,0.6591189667317444,148,187,335
11,0.98,embedding_0.98,LogisticRegression,leaked-only,0.9271551724137932,0.9637633769322236,0.8543103448275862,145,232,377
11,0.99,embedding_0.99,RandomForest,baseline,0.8993639575971731,0.9564988962832031,0.7991891015393503,293,419,712
11,0.99,embedding_0.99,RandomForest,cleaned,0.8785491492501074,0.9502997814401324,0.7582669104582311,209,324,533
11,0.99,embedding_0.99,RandomForest,leaked-only,0.9551939924906132,0.9562030075187969,0.9106276901241327,84,95,179
11,0.99,embedding_0.99,LogisticRegression,baseline,0.8803043836676328,0.9300544934713726,0.7610503580284653,293,419,712
11,0.99,embedding_0.99,LogisticRegression,cleaned,0.8613062711423367,0.923725559690472,0.7231417654628484,209,324,533
11,0.99,embedding_0.99,LogisticRegression,leaked-only,0.9327909887359199,0.9441102756892231,0.8658160457166496,84,95,179
11,1.0,embedding_1.0,RandomForest,baseline,0.8993639575971731,0.9564988962832031,0.7991891015393503,293,419,712
11,1.0,embedding_1.0,RandomForest,cleaned,0.8993639575971731,0.9564988962832031,0.7991891015393503,293,419,712
11,1.0,embedding_1.0,LogisticRegression,baseline,0.8803043836676328,0.9300544934713726,0.7610503580284653,293,419,712
11,1.0,embedding_1.0,LogisticRegression,cleaned,0.8803043836676328,0.9300544934713726,0.7610503580284653,293,419,712
12,0.9,embedding_0.9,RandomForest,baseline,0.8788678711054483,0.9330596982851248,0.758918847388599,265,439,704
12,0.9,embedding_0.9,RandomForest,cleaned,0.8256929637526652,0.9213768115942029,0.6538401698198201,40,69,109
12,0.9,embedding_0.9,RandomForest,leaked-only,0.8888255852776221,0.933897897897898,0.7802341232131267,225,370,595
12,0.9,embedding_0.9,LogisticRegression,baseline,0.8355441350093756,0.9059182533201531,0.6745927218298604,265,439,704
12,0.9,embedding_0.9,LogisticRegression,cleaned,0.7642121657869689,0.8518115942028985,0.5449228090302272,40,69,109
12,0.9,embedding_0.9,LogisticRegression,leaked-only,0.84878841607565,0.9202162162162163,0.6996623565173512,225,370,595
12,0.91,embedding_0.91,RandomForest,baseline,0.8788678711054483,0.9330596982851248,0.758918847388599,265,439,704
12,0.91,embedding_0.91,RandomForest,cleaned,0.8482334869431644,0.9319999999999999,0.6991596687626099,50,80,130
12,0.91,embedding_0.91,RandomForest,leaked-only,0.8859300476947536,0.9334974412126709,0.77493260328889,215,359,574
12,0.91,embedding_0.91,LogisticRegression,baseline,0.8355441350093756,0.9059182533201531,0.6745927218298604,265,439,704
12,0.91,embedding_0.91,LogisticRegression,cleaned,0.7697147394783459,0.84675,0.5441568754678763,50,80,130
12,0.91,embedding_0.91,LogisticRegression,leaked-only,0.8506138201576763,0.9236380125672087,0.7044615613861158,215,359,574
12,0.92,embedding_0.92,RandomForest,baseline,0.8788678711054483,0.9330596982851248,0.758918847388599,265,439,704
12,0.92,embedding_0.92,RandomForest,cleaned,0.8491935483870967,0.925589836660617,0.6996544649235095,58,95,153
12,0.92,embedding_0.92,RandomForest,leaked-only,0.8872834548175583,0.9359833164812943,0.7776012350877651,207,344,551
12,0.92,embedding_0.92,LogisticRegression,baseline,0.8355441350093756,0.9059182533201531,0.6745927218298604,265,439,704
12,0.92,embedding_0.92,LogisticRegression,cleaned,0.7520693732755224,0.8479128856624321,0.5155501902659524,58,95,153
12,0.92,embedding_0.92,LogisticRegression,leaked-only,0.859127971254837,0.9274800584204023,0.7202605936491588,207,344,551
12,0.93,embedding_0.93,RandomForest,baseline,0.8788678711054483,0.9330596982851248,0.758918847388599,265,439,704
12,0.93,embedding_0.93,RandomForest,cleaned,0.8345151979474753,0.9159597411933861,0.669589130456218,65,107,172
12,0.93,embedding_0.93,RandomForest,leaked-only,0.8935672514619883,0.9379969879518072,0.790105886366458,200,332,532
12,0.93,embedding_0.93,LogisticRegression,baseline,0.8355441350093756,0.9059182533201531,0.6745927218298604,265,439,704
12,0.93,embedding_0.93,LogisticRegression,cleaned,0.7372222222222222,0.8296189791516895,0.48472972405600306,65,107,172
12,0.93,embedding_0.93,LogisticRegression,leaked-only,0.8678868342729217,0.9385542168674699,0.7377126068557754,200,332,532
12,0.94,embedding_0.94,RandomForest,baseline,0.8788678711054483,0.9330596982851248,0.758918847388599,265,439,704
12,0.94,embedding_0.94,RandomForest,cleaned,0.8486826886004369,0.9289583333333333,0.6985100241306317,75,128,203
12,0.94,embedding_0.94,RandomForest,leaked-only,0.8913477219889656,0.9370536469791844,0.7867400174769565,190,311,501
12,0.94,embedding_0.94,LogisticRegression,baseline,0.8355441350093756,0.9059182533201531,0.6745927218298604,265,439,704
12,0.94,embedding_0.94,LogisticRegression,cleaned,0.7637623962760575,0.8488541666666668,0.5332763641448546,75,128,203
12,0.94,embedding_0.94,LogisticRegression,leaked-only,0.8646491851519346,0.9359113217126417,0.7319922467447917,190,311,501
12,0.95,embedding_0.95,RandomForest,baseline,0.8788678711054483,0.9330596982851248,0.758918847388599,265,439,704
12,0.95,embedding_0.95,RandomForest,cleaned,0.8515706492929086,0.9180367672563302,0.7046307575634947,93,155,248
12,0.95,embedding_0.95,RandomForest,leaked-only,0.8940878378378379,0.9423313134621684,0.7941037812132241,172,284,456
12,0.95,embedding_0.95,LogisticRegression,baseline,0.8355441350093756,0.9059182533201531,0.6745927218298604,265,439,704
12,0.95,embedding_0.95,LogisticRegression,cleaned,0.7675259457649816,0.8541796739507458,0.5456181036624864,93,155,248
12,0.95,embedding_0.95,LogisticRegression,leaked-only,0.8731635775153614,0.9451154602030789,0.7474436909477787,172,284,456
12,0.96,embedding_0.96,RandomForest,baseline,0.8788678711054483,0.9330596982851248,0.758918847388599,265,439,704
12,0.96,embedding_0.96,RandomForest,cleaned,0.8729027008176076,0.9297697626905548,0.7475594936153506,126,202,328
12,0.96,embedding_0.96,RandomForest,leaked-only,0.8833886012834888,0.9396229851561788,0.7782142989909446,139,237,376
12,0.96,embedding_0.96,LogisticRegression,baseline,0.8355441350093756,0.9059182533201531,0.6745927218298604,265,439,704
12,0.96,embedding_0.96,LogisticRegression,cleaned,0.7881458966565349,0.8706192047776207,0.5883128801382876,126,202,328
12,0.96,embedding_0.96,LogisticRegression,leaked-only,0.8778399860975739,0.955043560088638,0.7558063786080458,139,237,376
12,0.97,embedding_0.97,RandomForest,baseline,0.8788678711054483,0.9330596982851248,0.758918847388599,265,439,704
12,0.97,embedding_0.97,RandomForest,cleaned,0.8835550628233555,0.9345654221825573,0.7675157932829293,162,249,411
12,0.97,embedding_0.97,RandomForest,leaked-only,0.8688931375340683,0.934925907000511,0.7521396015838115,103,190,293
12,0.97,embedding_0.97,LogisticRegression,baseline,0.8355441350093756,0.9059182533201531,0.6745927218298604,265,439,704
12,0.97,embedding_0.97,LogisticRegression,cleaned,0.8059443099273608,0.88472408151123,0.618626571415012,162,249,411
12,0.97,embedding_0.97,LogisticRegression,leaked-only,0.8778009478672986,0.9547777210015329,0.7561973977787282,103,190,293
12,0.98,embedding_0.98,RandomForest,baseline,0.8788678711054483,0.9330596982851248,0.758918847388599,265,439,704
12,0.98,embedding_0.98,RandomForest,cleaned,0.8674795981436667,0.9205054161600531,0.736032663938091,218,332,550
12,0.98,embedding_0.98,RandomForest,leaked-only,0.9215086646279307,0.970371843308809,0.8448096993649428,47,107,154
12,0.98,embedding_0.98,LogisticRegression,baseline,0.8355441350093756,0.9059182533201531,0.6745927218298604,265,439,704
12,0.98,embedding_0.98,LogisticRegression,cleaned,0.813625027109087,0.8901431413728308,0.6316692408929767,218,332,550
12,0.98,embedding_0.98,LogisticRegression,leaked-only,0.9172326183612645,0.9667926029031616,0.8353890038595188,47,107,154
12,0.99,embedding_0.99,RandomForest,baseline,0.8788678711054483,0.9330596982851248,0.758918847388599,265,439,704
12,0.99,embedding_0.99,RandomForest,cleaned,0.8732447835959343,0.9285357721433147,0.747776366309338,254,418,672
12,0.99,embedding_0.99,RandomForest,leaked-only,1.0,1.0,1.0,11,21,32
12,0.99,embedding_0.99,LogisticRegression,baseline,0.8355441350093756,0.9059182533201531,0.6745927218298604,265,439,704
12,0.99,embedding_0.99,LogisticRegression,cleaned,0.8280874405098008,0.9015653844704818,0.6599708781007546,254,418,672
12,0.99,embedding_0.99,LogisticRegression,leaked-only,1.0,1.0,1.0,11,21,32
12,1.0,embedding_1.0,RandomForest,baseline,0.8788678711054483,0.9330596982851248,0.758918847388599,265,439,704
12,1.0,embedding_1.0,RandomForest,cleaned,0.8788678711054483,0.9330596982851248,0.758918847388599,265,439,704
12,1.0,embedding_1.0,LogisticRegression,baseline,0.8355441350093756,0.9059182533201531,0.6745927218298604,265,439,704
12,1.0,embedding_1.0,LogisticRegression,cleaned,0.8355441350093756,0.9059182533201531,0.6745927218298604,265,439,704
13,0.9,embedding_0.9,RandomForest,baseline,0.9111110619557115,0.9623485838779957,0.8234925653670669,255,450,705
13,0.9,embedding_0.9,RandomForest,cleaned,0.8270509977827052,0.8958333333333334,0.6592443967173135,6,20,26
13,0.9,embedding_0.9,RandomForest,leaked-only,0.9131614846814073,0.9627580087793032,0.8275232927644441,249,430,679
13,0.9,embedding_0.9,LogisticRegression,baseline,0.8984937927240454,0.9392244008714599,0.7981718875750523,255,450,705
13,0.9,embedding_0.9,LogisticRegression,cleaned,0.6285714285714286,0.7166666666666666,0.27247463045653303,6,20,26
13,0.9,embedding_0.9,LogisticRegression,leaked-only,0.9047394531241015,0.9459979452694499,0.8110639467758316,249,430,679
13,0.91,embedding_0.91,RandomForest,baseline,0.9111110619557115,0.9623485838779957,0.8234925653670669,255,450,705
13,0.91,embedding_0.91,RandomForest,cleaned,0.7916666666666666,0.9037267080745341,0.5991712703227052,7,23,30
13,0.91,embedding_0.91,RandomForest,leaked-only,0.9144116232723828,0.9628739518017677,0.8298887539780656,248,427,675
13,0.91,embedding_0.91,LogisticRegression,baseline,0.8984937927240454,0.9392244008714599,0.7981718875750523,255,450,705
13,0.91,embedding_0.91,LogisticRegression,cleaned,0.6563011456628478,0.7142857142857143,0.3152441624956403,7,23,30
13,0.91,embedding_0.91,LogisticRegression,leaked-only,0.9057490737810213,0.9460886152451463,0.8129391276016552,248,427,675
13,0.92,embedding_0.92,RandomForest,baseline,0.9111110619557115,0.9623485838779957,0.8234925653670669,255,450,705
13,0.92,embedding_0.92,RandomForest,cleaned,0.8615384615384616,0.9436363636363637,0.7311261550139309,11,25,36
13,0.92,embedding_0.92,RandomForest,leaked-only,0.9133387918708527,0.9628061716489875,0.82776825767576,244,425,669
13,0.92,embedding_0.92,LogisticRegression,baseline,0.8984937927240454,0.9392244008714599,0.7981718875750523,255,450,705
13,0.92,embedding_0.92,LogisticRegression,cleaned,0.7230769230769231,0.7527272727272727,0.4526019054848144,11,25,36
13,0.92,embedding_0.92,LogisticRegression,leaked-only,0.9063151973454666,0.9482642237222757,0.8142719290248397,244,425,669
13,0.93,embedding_0.93,RandomForest,baseline,0.9111110619557115,0.9623485838779957,0.8234925653670669,255,450,705
13,0.93,embedding_0.93,RandomForest,cleaned,0.8677419354838709,0.946969696969697,0.7428177425541199,11,30,41
13,0.93,embedding_0.93,RandomForest,leaked-only,0.912980477974358,0.9626658860265418,0.8270605242832366,244,420,664
13,0.93,embedding_0.93,LogisticRegression,baseline,0.8984937927240454,0.9392244008714599,0.7981718875750523,255,450,705
13,0.93,embedding_0.93,LogisticRegression,cleaned,0.7354838709677419,0.7515151515151515,0.47683060329893284,11,30,41
13,0.93,embedding_0.93,LogisticRegression,leaked-only,0.9058828051613586,0.947911787665886,0.8134219707159623,244,420,664
13,0.94,embedding_0.94,RandomForest,baseline,0.9111110619557115,0.9623485838779957,0.8234925653670669,255,450,705
13,0.94,embedding_0.94,RandomForest,cleaned,0.8587387387387387,0.9082503556187767,0.7181639971760345,19,37,56
13,0.94,embedding_0.94,RandomForest,leaked-only,0.9154842271950661,0.9644396109492346,0.8322978915146789,236,413,649
13,0.94,embedding_0.94,LogisticRegression,baseline,0.8984937927240454,0.9392244008714599,0.7981718875750523,255,450,705
13,0.94,embedding_0.94,LogisticRegression,cleaned,0.7780180180180181,0.8278805120910384,0.5566492026304203,19,37,56
13,0.94,embedding_0.94,LogisticRegression,leaked-only,0.9082036775106082,0.9490602043747691,0.8179806552602592,236,413,649
13,0.95,embedding_0.95,RandomForest,baseline,0.9111110619557115,0.9623485838779957,0.8234925653670669,255,450,705
13,0.95,embedding_0.95,RandomForest,cleaned,0.8680753854940034,0.9211538461538461,0.7365174415834186,25,52,77
13,0.95,embedding_0.95,RandomForest,leaked-only,0.9162173279820338,0.964649333624645,0.8342310547945183,230,398,628
13,0.95,embedding_0.95,LogisticRegression,baseline,0.8984937927240454,0.9392244008714599,0.7981718875750523,255,450,705
13,0.95,embedding_0.95,LogisticRegression,cleaned,0.7801256424900057,0.8392307692307692,0.5605758397160249,25,52,77
13,0.95,embedding_0.95,LogisticRegression,leaked-only,0.912044817927171,0.9514419925715534,0.8254191581263882,230,398,628
13,0.96,embedding_0.96,RandomForest,baseline,0.9111110619557115,0.9623485838779957,0.8234925653670669,255,450,705
13,0.96,embedding_0.96,RandomForest,cleaned,0.9007352941176471,0.9455882352941176,0.8014705882352942,40,68,108
13,0.96,embedding_0.96,RandomForest,leaked-only,0.9130096449265702,0.9633568732497261,0.8278128237652359,215,382,597
13,0.96,embedding_0.96,LogisticRegression,baseline,0.8984937927240454,0.9392244008714599,0.7981718875750523,255,450,705
13,0.96,embedding_0.96,LogisticRegression,cleaned,0.8213235294117647,0.8558823529411764,0.6426470588235295,40,68,108
13,0.96,embedding_0.96,LogisticRegression,leaked-only,0.9123922985004896,0.9546572507001095,0.8264618985282312,215,382,597
13,0.97,embedding_0.97,RandomForest,baseline,0.9111110619557115,0.9623485838779957,0.8234925653670669,255,450,705
13,0.97,embedding_0.97,RandomForest,cleaned,0.8807098555842274,0.9460678210678211,0.7615055003410796,56,99,155
13,0.97,embedding_0.97,RandomForest,leaked-only,0.919788825854249,0.9640367077553008,0.841458212235663,199,351,550
13,0.97,embedding_0.97,LogisticRegression,baseline,0.8984937927240454,0.9392244008714599,0.7981718875750523,255,450,705
13,0.97,embedding_0.97,LogisticRegression,cleaned,0.8537801536319123,0.8768037518037519,0.7076420554801975,56,99,155
13,0.97,embedding_0.97,LogisticRegression,leaked-only,0.9109167476514415,0.9563916448338559,0.8235740445793958,199,351,550
13,0.98,embedding_0.98,RandomForest,baseline,0.9111110619557115,0.9623485838779957,0.8234925653670669,255,450,705
13,0.98,embedding_0.98,RandomForest,cleaned,0.8664233265633655,0.9418732178109235,0.7375626770854734,97,188,285
13,0.98,embedding_0.98,RandomForest,leaked-only,0.9388111888111889,0.9697796888588269,0.8778168352753467,158,262,420
13,0.98,embedding_0.98,LogisticRegression,baseline,0.8984937927240454,0.9392244008714599,0.7981718875750523,255,450,705
13,0.98,embedding_0.98,LogisticRegression,cleaned,0.8431564676984202,0.9045843386707612,0.6882837331722104,97,188,285
13,0.98,embedding_0.98,LogisticRegression,leaked-only,0.9346827447602641,0.9547782394434245,0.8701181308188264,158,262,420
13,0.99,embedding_0.99,RandomForest,baseline,0.9111110619557115,0.9623485838779957,0.8234925653670669,255,450,705
13,0.99,embedding_0.99,RandomForest,cleaned,0.8927279237176347,0.9595250302120335,0.7885581069366524,166,329,495
13,0.99,embedding_0.99,RandomForest,leaked-only,0.9464521662532743,0.9620670442938062,0.8929491349874343,89,121,210
13,0.99,embedding_0.99,LogisticRegression,baseline,0.8984937927240454,0.9392244008714599,0.7981718875750523,255,450,705
13,0.99,embedding_0.99,LogisticRegression,cleaned,0.877981005821953,0.9354377998315451,0.7578849245785795,166,329,495
13,0.99,embedding_0.99,LogisticRegression,leaked-only,0.9416666666666667,0.9392701272170118,0.8835111414431136,89,121,210
13,1.0,embedding_1.0,RandomForest,baseline,0.9111110619557115,0.9623485838779957,0.8234925653670669,255,450,705
13,1.0,embedding_1.0,RandomForest,cleaned,0.9111110619557115,0.9623485838779957,0.8234925653670669,255,450,705
13,1.0,embedding_1.0,LogisticRegression,baseline,0.8984937927240454,0.9392244008714599,0.7981718875750523,255,450,705
13,1.0,embedding_1.0,LogisticRegression,cleaned,0.8984937927240454,0.9392244008714599,0.7981718875750523,255,450,705
14,0.9,embedding_0.9,RandomForest,baseline,0.9120724893204565,0.9583820789462282,0.8247859392405276,245,471,716
14,0.9,embedding_0.9,RandomForest,cleaned,0.7630019749835418,0.80375,0.6158817620514396,20,20,40
14,0.9,embedding_0.9,RandomForest,leaked-only,0.9214604422361476,0.9648780487804878,0.8429667487869159,225,451,676
14,0.9,embedding_0.9,LogisticRegression,baseline,0.8846757033985233,0.9441830235278825,0.7716772700156291,245,471,716
14,0.9,embedding_0.9,LogisticRegression,cleaned,0.7206349206349206,0.7849999999999999,0.46475800154489005,20,20,40
14,0.9,embedding_0.9,LogisticRegression,leaked-only,0.8949223635533172,0.9578812515397881,0.7937492005596125,225,451,676
14,0.91,embedding_0.91,RandomForest,baseline,0.9120724893204565,0.9583820789462282,0.8247859392405276,245,471,716
14,0.91,embedding_0.91,RandomForest,cleaned,0.7901430842607313,0.8271221532091096,0.6527533657682196,23,21,44
14,0.91,embedding_0.91,RandomForest,leaked-only,0.9206876549069241,0.9647597597597597,0.8414220231543574,222,450,672
14,0.91,embedding_0.91,LogisticRegression,baseline,0.8846757033985233,0.9441830235278825,0.7716772700156291,245,471,716
14,0.91,embedding_0.91,LogisticRegression,cleaned,0.7488323819408407,0.8157349896480331,0.517414523817142,23,21,44
14,0.91,embedding_0.91,LogisticRegression,leaked-only,0.8939762077561453,0.9573573573573574,0.791921827722727,222,450,672
14,0.92,embedding_0.92,RandomForest,baseline,0.9120724893204565,0.9583820789462282,0.8247859392405276,245,471,716
14,0.92,embedding_0.92,RandomForest,cleaned,0.7857142857142857,0.8255208333333334,0.6187184335382291,24,24,48
14,0.92,embedding_0.92,RandomForest,leaked-only,0.9218761123145295,0.9649549029730633,0.8438364637818015,221,447,668
14,0.92,embedding_0.92,LogisticRegression,baseline,0.8846757033985233,0.9441830235278825,0.7716772700156291,245,471,716
14,0.92,embedding_0.92,LogisticRegression,cleaned,0.7683194383501536,0.829861111111111,0.5538186196949965,24,24,48
14,0.92,embedding_0.92,LogisticRegression,leaked-only,0.8934256225224894,0.9570085132659155,0.7908597207473627,221,447,668
14,0.93,embedding_0.93,RandomForest,baseline,0.9120724893204565,0.9583820789462282,0.8247859392405276,245,471,716
14,0.93,embedding_0.93,RandomForest,cleaned,0.7890909090909091,0.8531510107015458,0.609871602834049,29,29,58
14,0.93,embedding_0.93,RandomForest,leaked-only,0.9238233560663467,0.965167797888386,0.8477344334899214,216,442,658
14,0.93,embedding_0.93,LogisticRegression,baseline,0.8846757033985233,0.9441830235278825,0.7716772700156291,245,471,716
14,0.93,embedding_0.93,LogisticRegression,cleaned,0.8089248277927523,0.8585017835909632,0.6301260378126045,29,29,58
14,0.93,embedding_0.93,LogisticRegression,leaked-only,0.8914893886922657,0.9560604156192392,0.78712342625379,216,442,658
14,0.94,embedding_0.94,RandomForest,baseline,0.9120724893204565,0.9583820789462282,0.8247859392405276,245,471,716
14,0.94,embedding_0.94,RandomForest,cleaned,0.8215517241379311,0.8632154882154882,0.666577128973477,33,36,69
14,0.94,embedding_0.94,RandomForest,leaked-only,0.9224474229050889,0.9652027759705052,0.8449856043488159,212,435,647
14,0.94,embedding_0.94,LogisticRegression,baseline,0.8846757033985233,0.9441830235278825,0.7716772700156291,245,471,716
14,0.94,embedding_0.94,LogisticRegression,cleaned,0.8090270385352353,0.8695286195286196,0.6268042271913956,33,36,69
14,0.94,embedding_0.94,LogisticRegression,leaked-only,0.8930081659330189,0.9562134027325959,0.7903139977711235,212,435,647
14,0.95,embedding_0.95,RandomForest,baseline,0.9120724893204565,0.9583820789462282,0.8247859392405276,245,471,716
14,0.95,embedding_0.95,RandomForest,cleaned,0.8359747653485152,0.8855855855855856,0.6850143277659448,37,45,82
14,0.95,embedding_0.95,RandomForest,leaked-only,0.9226010498911213,0.9650483026363308,0.8453500207274633,208,426,634
14,0.95,embedding_0.95,LogisticRegression,baseline,0.8846757033985233,0.9441830235278825,0.7716772700156291,245,471,716
14,0.95,embedding_0.95,LogisticRegression,cleaned,0.8006079027355624,0.8636636636636638,0.6051835570103579,37,45,82
14,0.95,embedding_0.95,LogisticRegression,leaked-only,0.8960246654421412,0.9583333333333334,0.7962360396547241,208,426,634
14,0.96,embedding_0.96,RandomForest,baseline,0.9120724893204565,0.9583820789462282,0.8247859392405276,245,471,716
14,0.96,embedding_0.96,RandomForest,cleaned,0.8510164299637983,0.901344476744186,0.7061984701849083,43,64,107
14,0.96,embedding_0.96,RandomForest,leaked-only,0.9233931710729374,0.965012041744715,0.8470991541117379,202,407,609
14,0.96,embedding_0.96,LogisticRegression,baseline,0.8846757033985233,0.9441830235278825,0.7716772700156291,245,471,716
14,0.96,embedding_0.96,LogisticRegression,cleaned,0.8145918832649339,0.867732558139535,0.6293374282891019,43,64,107
14,0.96,embedding_0.96,LogisticRegression,leaked-only,0.8974447605626312,0.9594716228379595,0.7984932492294492,202,407,609
14,0.97,embedding_0.97,RandomForest,baseline,0.9120724893204565,0.9583820789462282,0.8247859392405276,245,471,716
14,0.97,embedding_0.97,RandomForest,cleaned,0.8538950456323338,0.9128093860495018,0.7089804770581173,61,102,163
14,0.97,embedding_0.97,RandomForest,leaked-only,0.9299895740244266,0.9668316248379875,0.8604794136317659,184,369,553
14,0.97,embedding_0.97,LogisticRegression,baseline,0.8846757033985233,0.9441830235278825,0.7716772700156291,245,471,716
14,0.97,embedding_0.97,LogisticRegression,cleaned,0.793015873015873,0.8704596592735456,0.5870799424595982,61,102,163
14,0.97,embedding_0.97,LogisticRegression,leaked-only,0.9126583005484881,0.9665370566749145,0.8281743371205376,184,369,553
14,0.98,embedding_0.98,RandomForest,baseline,0.9120724893204565,0.9583820789462282,0.8247859392405276,245,471,716
14,0.98,embedding_0.98,RandomForest,cleaned,0.8572787056507238,0.9186432637571157,0.7157877318136338,102,186,288
14,0.98,embedding_0.98,RandomForest,leaked-only,0.9496704316880705,0.9699178014967488,0.8996720343619256,143,285,428
14,0.98,embedding_0.98,LogisticRegression,baseline,0.8846757033985233,0.9441830235278825,0.7716772700156291,245,471,716
14,0.98,embedding_0.98,LogisticRegression,cleaned,0.7888242730720607,0.8837760910815939,0.5877152954464392,102,186,288
14,0.98,embedding_0.98,LogisticRegression,leaked-only,0.9529049295774648,0.972764078027236,0.9058617698894051,143,285,428
14,0.99,embedding_0.99,RandomForest,baseline,0.9120724893204565,0.9583820789462282,0.8247859392405276,245,471,716
14,0.99,embedding_0.99,RandomForest,cleaned,0.8781757632763048,0.946989735491512,0.7587385154717324,149,340,489
14,0.99,embedding_0.99,RandomForest,leaked-only,0.9685377685377685,0.9653307888040712,0.9374275621854954,96,131,227
14,0.99,embedding_0.99,LogisticRegression,baseline,0.8846757033985233,0.9441830235278825,0.7716772700156291,245,471,716
14,0.99,embedding_0.99,LogisticRegression,cleaned,0.8420782674772036,0.9203118831425189,0.6884681459839996,149,340,489
14,0.99,embedding_0.99,LogisticRegression,leaked-only,0.9639968279143537,0.9768606870229007,0.928149740722313,96,131,227
14,1.0,embedding_1.0,RandomForest,baseline,0.9120724893204565,0.9583820789462282,0.8247859392405276,245,471,716
14,1.0,embedding_1.0,RandomForest,cleaned,0.9120724893204565,0.9583820789462282,0.8247859392405276,245,471,716
14,1.0,embedding_1.0,LogisticRegression,baseline,0.8846757033985233,0.9441830235278825,0.7716772700156291,245,471,716
14,1.0,embedding_1.0,LogisticRegression,cleaned,0.8846757033985233,0.9441830235278825,0.7716772700156291,245,471,716
15,0.9,embedding_0.9,RandomForest,baseline,0.9020680599627968,0.9708561260713688,0.8084071268121511,237,479,716
15,0.9,embedding_0.9,RandomForest,cleaned,0.45175438596491224,0.7066666666666667,0.060192926542884606,10,15,25
15,0.9,embedding_0.9,RandomForest,leaked-only,0.9158138401559455,0.9738578535622057,0.834112736644741,227,464,691
15,0.9,embedding_0.9,LogisticRegression,baseline,0.8949267543140285,0.9401398835478274,0.7915455256049067,237,479,716
15,0.9,embedding_0.9,LogisticRegression,cleaned,0.64,0.7933333333333333,0.3333333333333333,10,15,25
15,0.9,embedding_0.9,LogisticRegression,leaked-only,0.9047891507880719,0.9477774191098283,0.8106278210451078,227,464,691
15,0.91,embedding_0.91,RandomForest,baseline,0.9020680599627968,0.9708561260713688,0.8084071268121511,237,479,716
15,0.91,embedding_0.91,RandomForest,cleaned,0.48214285714285715,0.6887254901960784,0.0700140042014005,12,17,29
15,0.91,embedding_0.91,RandomForest,leaked-only,0.9185552547865088,0.9747089947089946,0.8396426510494386,225,462,687
15,0.91,embedding_0.91,LogisticRegression,baseline,0.8949267543140285,0.9401398835478274,0.7915455256049067,237,479,716
15,0.91,embedding_0.91,LogisticRegression,cleaned,0.5857142857142856,0.7107843137254901,0.19418390934515434,12,17,29
15,0.91,embedding_0.91,LogisticRegression,leaked-only,0.9090771586848424,0.9505098605098605,0.819369589185597,225,462,687
15,0.92,embedding_0.92,RandomForest,baseline,0.9020680599627968,0.9708561260713688,0.8084071268121511,237,479,716
15,0.92,embedding_0.92,RandomForest,cleaned,0.49782608695652175,0.6860902255639098,0.07225916412701,14,19,33
15,0.92,embedding_0.92,RandomForest,leaked-only,0.9213385811000281,0.9753704425813999,0.8452577783509094,223,460,683
15,0.92,embedding_0.92,LogisticRegression,baseline,0.8949267543140285,0.9401398835478274,0.7915455256049067,237,479,716
15,0.92,embedding_0.92,LogisticRegression,cleaned,0.5753676470588236,0.6804511278195489,0.16791512356486687,14,19,33
15,0.92,embedding_0.92,LogisticRegression,leaked-only,0.9116911849212734,0.9523445116007019,0.8246190816652349,223,460,683
15,0.93,embedding_0.93,RandomForest,baseline,0.9020680599627968,0.9708561260713688,0.8084071268121511,237,479,716
15,0.93,embedding_0.93,RandomForest,cleaned,0.5954301075268817,0.7824074074074074,0.2501487652616034,16,27,43
15,0.93,embedding_0.93,RandomForest,leaked-only,0.920400082279132,0.9753233492171546,0.8434402773851436,221,452,673
15,0.93,embedding_0.93,LogisticRegression,baseline,0.8949267543140285,0.9401398835478274,0.7915455256049067,237,479,716
15,0.93,embedding_0.93,LogisticRegression,cleaned,0.6442360728075014,0.7662037037037037,0.3066604057541031,16,27,43
15,0.93,embedding_0.93,LogisticRegression,leaked-only,0.9122043551995825,0.9520231850398431,0.8255247839405807,221,452,673
15,0.94,embedding_0.94,RandomForest,baseline,0.9020680599627968,0.9708561260713688,0.8084071268121511,237,479,716
15,0.94,embedding_0.94,RandomForest,cleaned,0.6844919786096256,0.8320802005012531,0.4158753751156464,21,38,59
15,0.94,embedding_0.94,RandomForest,leaked-only,0.9203385309309601,0.9766838834299153,0.8431944397781461,216,441,657
15,0.94,embedding_0.94,LogisticRegression,baseline,0.8949267543140285,0.9401398835478274,0.7915455256049067,237,479,716
15,0.94,embedding_0.94,LogisticRegression,cleaned,0.719047619047619,0.8270676691729323,0.45402841459804616,21,38,59
15,0.94,embedding_0.94,LogisticRegression,leaked-only,0.9117501188237482,0.9521237507348618,0.8245200485586709,216,441,657
15,0.95,embedding_0.95,RandomForest,baseline,0.9020680599627968,0.9708561260713688,0.8084071268121511,237,479,716
15,0.95,embedding_0.95,RandomForest,cleaned,0.7183499288762447,0.846309403437816,0.4761212111241292,23,43,66
15,0.95,embedding_0.95,RandomForest,leaked-only,0.919521476072428,0.9769409671611078,0.8416097904431766,214,436,650
15,0.95,embedding_0.95,LogisticRegression,baseline,0.8949267543140285,0.9401398835478274,0.7915455256049067,237,479,716
15,0.95,embedding_0.95,LogisticRegression,cleaned,0.7320277048005732,0.846309403437816,0.4818582723942338,23,43,66
15,0.95,embedding_0.95,LogisticRegression,leaked-only,0.9124911897238523,0.9518723741747406,0.8258819599527795,214,436,650
15,0.96,embedding_0.96,RandomForest,baseline,0.9020680599627968,0.9708561260713688,0.8084071268121511,237,479,716
15,0.96,embedding_0.96,RandomForest,cleaned,0.7970573313039067,0.9079008882655446,0.6098682804484075,31,69,100
15,0.96,embedding_0.96,RandomForest,leaked-only,0.9174614775564894,0.9766694293156524,0.8380168982120976,206,410,616
15,0.96,embedding_0.96,LogisticRegression,baseline,0.8949267543140285,0.9401398835478274,0.7915455256049067,237,479,716
15,0.96,embedding_0.96,LogisticRegression,cleaned,0.7707173272191288,0.8798503973819541,0.5561084983989949,31,69,100
15,0.96,embedding_0.96,LogisticRegression,leaked-only,0.915396236780662,0.953830215486621,0.8315041003914894,206,410,616
15,0.97,embedding_0.97,RandomForest,baseline,0.9020680599627968,0.9708561260713688,0.8084071268121511,237,479,716
15,0.97,embedding_0.97,RandomForest,cleaned,0.8317307692307692,0.932875,0.6723929420498987,40,100,140
15,0.97,embedding_0.97,RandomForest,leaked-only,0.9166253101736972,0.9768693998365992,0.8367154586825428,197,379,576
15,0.97,embedding_0.97,LogisticRegression,baseline,0.8949267543140285,0.9401398835478274,0.7915455256049067,237,479,716
15,0.97,embedding_0.97,LogisticRegression,cleaned,0.8057354301572618,0.9065,0.6264144833056664,40,100,140
15,0.97,embedding_0.97,LogisticRegression,leaked-only,0.9159402985074627,0.9535445937077267,0.8323050349862741,197,379,576
15,0.98,embedding_0.98,RandomForest,baseline,0.9020680599627968,0.9708561260713688,0.8084071268121511,237,479,716
15,0.98,embedding_0.98,RandomForest,cleaned,0.8328653443742957,0.9421885299934081,0.6819854854390219,82,185,267
15,0.98,embedding_0.98,RandomForest,leaked-only,0.9375337373467559,0.9790651744568796,0.8760094154807863,155,294,449
15,0.98,embedding_0.98,LogisticRegression,baseline,0.8949267543140285,0.9401398835478274,0.7915455256049067,237,479,716
15,0.98,embedding_0.98,LogisticRegression,cleaned,0.8082854645354645,0.8924192485168093,0.6255094308527782,82,185,267
15,0.98,embedding_0.98,LogisticRegression,leaked-only,0.9459722586855692,0.9625960061443933,0.8919899171371126,155,294,449
15,0.99,embedding_0.99,RandomForest,baseline,0.9020680599627968,0.9708561260713688,0.8084071268121511,237,479,716
15,0.99,embedding_0.99,RandomForest,cleaned,0.8697686432668205,0.9679403011204482,0.7504757186460546,136,336,472
15,0.99,embedding_0.99,RandomForest,leaked-only,0.9450136079185951,0.9659350550439659,0.8900609690044622,101,143,244
15,0.99,embedding_0.99,LogisticRegression,baseline,0.8949267543140285,0.9401398835478274,0.7915455256049067,237,479,716
15,0.99,embedding_0.99,LogisticRegression,cleaned,0.8650914634146342,0.9319634103641457,0.7328875008790834,136,336,472
15,0.99,embedding_0.99,LogisticRegression,leaked-only,0.9411967224402672,0.9552032126289552,0.882924142517233,101,143,244
15,1.0,embedding_1.0,RandomForest,baseline,0.9020680599627968,0.9708561260713688,0.8084071268121511,237,479,716
15,1.0,embedding_1.0,RandomForest,cleaned,0.9020680599627968,0.9708561260713688,0.8084071268121511,237,479,716
15,1.0,embedding_1.0,LogisticRegression,baseline,0.8949267543140285,0.9401398835478274,0.7915455256049067,237,479,716
15,1.0,embedding_1.0,LogisticRegression,cleaned,0.8949267543140285,0.9401398835478274,0.7915455256049067,237,479,716
16,0.9,embedding_0.9,RandomForest,baseline,0.8848150833937636,0.9503258693958845,0.770385929878765,191,531,722
16,0.9,embedding_0.9,RandomForest,cleaned,0.5982142857142857,0.7730769230769231,0.22188007849009164,10,26,36
16,0.9,embedding_0.9,RandomForest,leaked-only,0.8977569118414188,0.9559652097806466,0.7970126366465418,181,505,686
16,0.9,embedding_0.9,LogisticRegression,baseline,0.8470182153719968,0.9280129361769259,0.7066693794877229,191,531,722
16,0.9,embedding_0.9,LogisticRegression,cleaned,0.6974789915966386,0.6884615384615385,0.39641752376358586,10,26,36
16,0.9,embedding_0.9,LogisticRegression,leaked-only,0.8547093885207709,0.9409113287019311,0.723019955806504,181,505,686
16,0.91,embedding_0.91,RandomForest,baseline,0.8848150833937636,0.9503258693958845,0.770385929878765,191,531,722
16,0.91,embedding_0.91,RandomForest,cleaned,0.696969696969697,0.8387096774193549,0.41258129509471797,13,31,44
16,0.91,embedding_0.91,RandomForest,leaked-only,0.8962758982428534,0.9558258426966292,0.7940908883405019,178,500,678
16,0.91,embedding_0.91,LogisticRegression,baseline,0.8470182153719968,0.9280129361769259,0.7066693794877229,191,531,722
16,0.91,embedding_0.91,LogisticRegression,cleaned,0.6724565756823822,0.6600496277915633,0.34491315136476425,13,31,44
16,0.91,embedding_0.91,LogisticRegression,leaked-only,0.8582113636422315,0.9462247191011235,0.7309743773012188,178,500,678
16,0.92,embedding_0.92,RandomForest,baseline,0.8848150833937636,0.9503258693958845,0.770385929878765,191,531,722
16,0.92,embedding_0.92,RandomForest,cleaned,0.71658615136876,0.822265625,0.45564976420130804,16,32,48
16,0.92,embedding_0.92,RandomForest,leaked-only,0.8970355001152691,0.9592671056398512,0.7958473731068914,175,499,674
16,0.92,embedding_0.92,LogisticRegression,baseline,0.8470182153719968,0.9280129361769259,0.7066693794877229,191,531,722
16,0.92,embedding_0.92,LogisticRegression,cleaned,0.6606060606060606,0.66796875,0.3241018617760822,16,32,48
16,0.92,embedding_0.92,LogisticRegression,leaked-only,0.8605815430134978,0.9507472087031206,0.7371560110590051,175,499,674
16,0.93,embedding_0.93,RandomForest,baseline,0.8848150833937636,0.9503258693958845,0.770385929878765,191,531,722
16,0.93,embedding_0.93,RandomForest,cleaned,0.7355769230769231,0.8421052631578947,0.4958133958078406,19,36,55
16,0.93,embedding_0.93,RandomForest,leaked-only,0.8976365868631062,0.9595196147521728,0.7973168145477626,172,495,667
16,0.93,embedding_0.93,LogisticRegression,baseline,0.8470182153719968,0.9280129361769259,0.7066693794877229,191,531,722
16,0.93,embedding_0.93,LogisticRegression,cleaned,0.7109609609609611,0.7266081871345029,0.4242333421946271,19,36,55
16,0.93,embedding_0.93,LogisticRegression,leaked-only,0.8587565169608513,0.949835564951844,0.7338859814857064,172,495,667
16,0.94,embedding_0.94,RandomForest,baseline,0.8848150833937636,0.9503258693958845,0.770385929878765,191,531,722
16,0.94,embedding_0.94,RandomForest,cleaned,0.7663230240549828,0.8888888888888888,0.5560551451202621,23,45,68
16,0.94,embedding_0.94,RandomForest,leaked-only,0.8975451871776303,0.9591294336664709,0.7974586886989498,168,486,654
16,0.94,embedding_0.94,LogisticRegression,baseline,0.8470182153719968,0.9280129361769259,0.7066693794877229,191,531,722
16,0.94,embedding_0.94,LogisticRegression,cleaned,0.7648221343873518,0.7777777777777777,0.5313069959216102,23,45,68
16,0.94,embedding_0.94,LogisticRegression,leaked-only,0.855901736731865,0.9485596707818931,0.7287854267303304,168,486,654
16,0.95,embedding_0.95,RandomForest,baseline,0.8848150833937636,0.9503258693958845,0.770385929878765,191,531,722
16,0.95,embedding_0.95,RandomForest,cleaned,0.7705169504525233,0.8879310344827586,0.5542967067545161,30,58,88
16,0.95,embedding_0.95,RandomForest,leaked-only,0.9017231507052992,0.9608682520714877,0.8060094952381283,161,473,634
16,0.95,embedding_0.95,LogisticRegression,baseline,0.8470182153719968,0.9280129361769259,0.7066693794877229,191,531,722
16,0.95,embedding_0.95,LogisticRegression,cleaned,0.7535014005602241,0.7879310344827586,0.5091970068138121,30,58,88
16,0.95,embedding_0.95,LogisticRegression,leaked-only,0.8605433684085368,0.9557075886701771,0.7400246432189653,161,473,634
16,0.96,embedding_0.96,RandomForest,baseline,0.8848150833937636,0.9503258693958845,0.770385929878765,191,531,722
16,0.96,embedding_0.96,RandomForest,cleaned,0.7970085470085471,0.9191446708987638,0.6100756714604171,41,73,114
16,0.96,embedding_0.96,RandomForest,leaked-only,0.9028443592201981,0.9612590975254731,0.8095062282878078,150,458,608
16,0.96,embedding_0.96,LogisticRegression,baseline,0.8470182153719968,0.9280129361769259,0.7066693794877229,191,531,722
16,0.96,embedding_0.96,LogisticRegression,cleaned,0.815988446181293,0.8379552288673572,0.6333265924225527,41,73,114
16,0.96,embedding_0.96,LogisticRegression,leaked-only,0.8530441599163836,0.9530276564774381,0.7269045693319656,150,458,608
16,0.97,embedding_0.97,RandomForest,baseline,0.8848150833937636,0.9503258693958845,0.770385929878765,191,531,722
16,0.97,embedding_0.97,RandomForest,cleaned,0.8123672409723861,0.9191229331416247,0.6319125956973172,52,107,159
16,0.97,embedding_0.97,RandomForest,leaked-only,0.9066497353127919,0.9626374372200353,0.8173642880514675,139,424,563
16,0.97,embedding_0.97,LogisticRegression,baseline,0.8470182153719968,0.9280129361769259,0.7066693794877229,191,531,722
16,0.97,embedding_0.97,LogisticRegression,cleaned,0.8222669349429912,0.8601725377426311,0.6446149213575559,52,107,159
16,0.97,embedding_0.97,LogisticRegression,leaked-only,0.854256129130501,0.9528810913533324,0.7294580472409812,139,424,563
16,0.98,embedding_0.98,RandomForest,baseline,0.8848150833937636,0.9503258693958845,0.770385929878765,191,531,722
16,0.98,embedding_0.98,RandomForest,cleaned,0.8081246683070391,0.8976853073067793,0.6170791319363546,68,223,291
16,0.98,embedding_0.98,RandomForest,leaked-only,0.9300674338155598,0.9757285397529301,0.8608392934527455,123,308,431
16,0.98,embedding_0.98,LogisticRegression,baseline,0.8470182153719968,0.9280129361769259,0.7066693794877229,191,531,722
16,0.98,embedding_0.98,LogisticRegression,cleaned,0.737660581473969,0.8620416776576102,0.5101394472483727,68,223,291
16,0.98,embedding_0.98,LogisticRegression,leaked-only,0.9203179885376225,0.9599831063245697,0.8437273080935876,123,308,431
16,0.99,embedding_0.99,RandomForest,baseline,0.8848150833937636,0.9503258693958845,0.770385929878765,191,531,722
16,0.99,embedding_0.99,RandomForest,cleaned,0.8470659775007601,0.9300572309046886,0.695540438114474,118,385,503
16,0.99,embedding_0.99,RandomForest,leaked-only,0.9539238375762676,0.977950835053481,0.907897420418113,73,146,219
16,0.99,embedding_0.99,LogisticRegression,baseline,0.8470182153719968,0.9280129361769259,0.7066693794877229,191,531,722
16,0.99,embedding_0.99,LogisticRegression,cleaned,0.8005358248220364,0.9101915034118423,0.6260544473103058,118,385,503
16,0.99,embedding_0.99,LogisticRegression,leaked-only,0.9436846903709938,0.9556201914055169,0.8874185312357497,73,146,219
16,1.0,embedding_1.0,RandomForest,baseline,0.8848150833937636,0.9503258693958845,0.770385929878765,191,531,722
16,1.0,embedding_1.0,RandomForest,cleaned,0.8848150833937636,0.9503258693958845,0.770385929878765,191,531,722
16,1.0,embedding_1.0,LogisticRegression,baseline,0.8470182153719968,0.9280129361769259,0.7066693794877229,191,531,722
16,1.0,embedding_1.0,LogisticRegression,cleaned,0.8470182153719968,0.9280129361769259,0.7066693794877229,191,531,722
17,0.9,embedding_0.9,RandomForest,baseline,0.9005215458276333,0.962218169239961,0.8016829288209342,177,539,716
17,0.9,embedding_0.9,RandomForest,cleaned,0.5340909090909092,0.8282967032967032,0.211088871482546,13,28,41
17,0.9,embedding_0.9,RandomForest,leaked-only,0.9194549186196364,0.9641842871461983,0.8389098372392726,164,511,675
17,0.9,embedding_0.9,LogisticRegression,baseline,0.9195406995750246,0.9487227864951836,0.8402629382329867,177,539,716
17,0.9,embedding_0.9,LogisticRegression,cleaned,0.7515151515151515,0.8186813186813188,0.5041328699643796,13,28,41
17,0.9,embedding_0.9,LogisticRegression,leaked-only,0.9313364470498651,0.9560999474965396,0.8638637131716459,164,511,675
17,0.91,embedding_0.91,RandomForest,baseline,0.9005215458276333,0.962218169239961,0.8016829288209342,177,539,716
17,0.91,embedding_0.91,RandomForest,cleaned,0.5234441602728048,0.8435960591133005,0.1993421034805062,14,29,43
17,0.91,embedding_0.91,RandomForest,leaked-only,0.9212305642336884,0.9641465175027066,0.842468474612979,163,510,673
17,0.91,embedding_0.91,LogisticRegression,baseline,0.9195406995750246,0.9487227864951836,0.8402629382329867,177,539,716
17,0.91,embedding_0.91,LogisticRegression,cleaned,0.7658802177858439,0.8325123152709359,0.532764181416351,14,29,43
17,0.91,embedding_0.91,LogisticRegression,leaked-only,0.9309992295817185,0.955984602429929,0.8632003329107986,163,510,673
17,0.92,embedding_0.92,RandomForest,baseline,0.9005215458276333,0.962218169239961,0.8016829288209342,177,539,716
17,0.92,embedding_0.92,RandomForest,cleaned,0.5363636363636364,0.8330357142857143,0.1465881824639873,16,35,51
17,0.92,embedding_0.92,RandomForest,leaked-only,0.9262422360248448,0.9644151138716355,0.8524844720496895,161,504,665
17,0.92,embedding_0.92,LogisticRegression,baseline,0.9195406995750246,0.9487227864951836,0.8402629382329867,177,539,716
17,0.92,embedding_0.92,LogisticRegression,cleaned,0.7607675906183369,0.8375,0.5278431784655662,16,35,51
17,0.92,embedding_0.92,LogisticRegression,leaked-only,0.9339008015036099,0.9574336981169279,0.8686929853003955,161,504,665
17,0.93,embedding_0.93,RandomForest,baseline,0.9005215458276333,0.962218169239961,0.8016829288209342,177,539,716
17,0.93,embedding_0.93,RandomForest,cleaned,0.5762987012987013,0.8513157894736842,0.23577978128575378,20,38,58
17,0.93,embedding_0.93,RandomForest,leaked-only,0.9292025316455697,0.9646185336333701,0.8584366320230351,157,501,658
17,0.93,embedding_0.93,LogisticRegression,baseline,0.9195406995750246,0.9487227864951836,0.8402629382329867,177,539,716
17,0.93,embedding_0.93,LogisticRegression,cleaned,0.7760617760617761,0.85,0.5542415347970641,20,38,58
17,0.93,embedding_0.93,LogisticRegression,leaked-only,0.9347586292371568,0.9572574596030868,0.8706173811720338,157,501,658
17,0.94,embedding_0.94,RandomForest,baseline,0.9005215458276333,0.962218169239961,0.8016829288209342,177,539,716
17,0.94,embedding_0.94,RandomForest,cleaned,0.6149732620320856,0.8767361111111112,0.31237900883588565,24,48,72
17,0.94,embedding_0.94,RandomForest,leaked-only,0.9320271785737846,0.9645381574218282,0.8641863021126183,153,491,644
17,0.94,embedding_0.94,LogisticRegression,baseline,0.9195406995750246,0.9487227864951836,0.8402629382329867,177,539,716
17,0.94,embedding_0.94,LogisticRegression,cleaned,0.8161702127659575,0.8793402777777778,0.6338421355848863,24,48,72
17,0.94,embedding_0.94,LogisticRegression,leaked-only,0.9331906892303703,0.9564314524180344,0.8675324553831818,153,491,644
17,0.95,embedding_0.95,RandomForest,baseline,0.9005215458276333,0.962218169239961,0.8016829288209342,177,539,716
17,0.95,embedding_0.95,RandomForest,cleaned,0.670133963750985,0.8612021857923499,0.3835810284403319,30,61,91
17,0.95,embedding_0.95,RandomForest,leaked-only,0.9359633410000672,0.9713374889704836,0.872007286694477,147,478,625
17,0.95,embedding_0.95,LogisticRegression,baseline,0.9195406995750246,0.9487227864951836,0.8402629382329867,177,539,716
17,0.95,embedding_0.95,LogisticRegression,cleaned,0.8179271708683473,0.8590163934426229,0.6379811031445815,30,61,91
17,0.95,embedding_0.95,LogisticRegression,leaked-only,0.9371151010495273,0.9631542993766544,0.8752787081237887,147,478,625
17,0.96,embedding_0.96,RandomForest,baseline,0.9005215458276333,0.962218169239961,0.8016829288209342,177,539,716
17,0.96,embedding_0.96,RandomForest,cleaned,0.7161803713527851,0.8740079365079366,0.4595514318176531,35,72,107
17,0.96,embedding_0.96,RandomForest,leaked-only,0.9360274918214833,0.9718988448894653,0.8720933219155682,142,467,609
17,0.96,embedding_0.96,LogisticRegression,baseline,0.9195406995750246,0.9487227864951836,0.8402629382329867,177,539,716
17,0.96,embedding_0.96,LogisticRegression,cleaned,0.8347490347490347,0.8742063492063492,0.6722994281599294,35,72,107
17,0.96,embedding_0.96,LogisticRegression,leaked-only,0.9372294372294372,0.9634767922309015,0.8753847483400665,142,467,609
17,0.97,embedding_0.97,RandomForest,baseline,0.9005215458276333,0.962218169239961,0.8016829288209342,177,539,716
17,0.97,embedding_0.97,RandomForest,cleaned,0.7861471861471861,0.9174679487179487,0.5869718322206054,48,104,152
17,0.97,embedding_0.97,RandomForest,leaked-only,0.9350230414746543,0.9700436603403725,0.8700918595392417,129,435,564
17,0.97,embedding_0.97,LogisticRegression,baseline,0.9195406995750246,0.9487227864951836,0.8402629382329867,177,539,716
17,0.97,embedding_0.97,LogisticRegression,cleaned,0.8739696629761498,0.9116586538461537,0.7503059732702994,48,104,152
17,0.97,embedding_0.97,LogisticRegression,leaked-only,0.9337587597384802,0.959975051234073,0.8684107771702455,129,435,564
17,0.98,embedding_0.98,RandomForest,baseline,0.9005215458276333,0.962218169239961,0.8016829288209342,177,539,716
17,0.98,embedding_0.98,RandomForest,cleaned,0.8331265508684863,0.9511337305527969,0.6717587518146584,57,212,269
17,0.98,embedding_0.98,RandomForest,leaked-only,0.9316513761467891,0.9621049949031601,0.863302752293578,120,327,447
17,0.98,embedding_0.98,LogisticRegression,baseline,0.9195406995750246,0.9487227864951836,0.8402629382329867,177,539,716
17,0.98,embedding_0.98,LogisticRegression,cleaned,0.8987058287254494,0.9385137371731215,0.7998348446180606,57,212,269
17,0.98,embedding_0.98,LogisticRegression,leaked-only,0.9300727743744095,0.9516819571865445,0.8608482980051464,120,327,447
17,0.99,embedding_0.99,RandomForest,baseline,0.9005215458276333,0.962218169239961,0.8016829288209342,177,539,716
17,0.99,embedding_0.99,RandomForest,cleaned,0.8695866141732282,0.9579738562091502,0.7416993260458566,102,375,477
17,0.99,embedding_0.99,RandomForest,leaked-only,0.9421214078140135,0.9657317073170731,0.88441674433136,75,164,239
17,0.99,embedding_0.99,LogisticRegression,baseline,0.9195406995750246,0.9487227864951836,0.8402629382329867,177,539,716
17,0.99,embedding_0.99,LogisticRegression,cleaned,0.9069326871636718,0.9466666666666668,0.815785604407698,102,375,477
17,0.99,embedding_0.99,LogisticRegression,leaked-only,0.937516339869281,0.9506504065040651,0.8754192661184965,75,164,239
17,1.0,embedding_1.0,RandomForest,baseline,0.9005215458276333,0.962218169239961,0.8016829288209342,177,539,716
17,1.0,embedding_1.0,RandomForest,cleaned,0.9005215458276333,0.962218169239961,0.8016829288209342,177,539,716
17,1.0,embedding_1.0,LogisticRegression,baseline,0.9195406995750246,0.9487227864951836,0.8402629382329867,177,539,716
17,1.0,embedding_1.0,LogisticRegression,cleaned,0.9195406995750246,0.9487227864951836,0.8402629382329867,177,539,716
18,0.9,embedding_0.9,RandomForest,baseline,0.9017246099096633,0.943817168487432,0.8045009225287497,162,556,718
18,0.9,embedding_0.9,RandomForest,cleaned,0.7291666666666667,0.8985507246376812,0.5537749241945383,3,23,26
18,0.9,embedding_0.9,RandomForest,leaked-only,0.9039492106406605,0.9440334171121101,0.8086614033591224,159,533,692
18,0.9,embedding_0.9,LogisticRegression,baseline,0.8942406834585359,0.9417577049471534,0.7903332219812826,162,556,718
18,0.9,embedding_0.9,LogisticRegression,cleaned,0.7045454545454546,0.8985507246376812,0.4346928823909822,3,23,26
18,0.9,embedding_0.9,LogisticRegression,leaked-only,0.89916081638251,0.9417914498448321,0.7998577957060157,159,533,692
18,0.91,embedding_0.91,RandomForest,baseline,0.9017246099096633,0.943817168487432,0.8045009225287497,162,556,718
18,0.91,embedding_0.91,RandomForest,cleaned,0.71,0.8916666666666666,0.44445779894466364,5,24,29
18,0.91,embedding_0.91,RandomForest,leaked-only,0.9071474076252083,0.9440041185766965,0.8150775129781104,157,532,689
18,0.91,embedding_0.91,LogisticRegression,baseline,0.8942406834585359,0.9417577049471534,0.7903332219812826,162,556,718
18,0.91,embedding_0.91,LogisticRegression,cleaned,0.7521367521367521,0.8999999999999999,0.5352643613280604,5,24,29
18,0.91,embedding_0.91,LogisticRegression,leaked-only,0.8999709639953541,0.942651214022317,0.8013124609008871,157,532,689
18,0.92,embedding_0.92,RandomForest,baseline,0.9017246099096633,0.943817168487432,0.8045009225287497,162,556,718
18,0.92,embedding_0.92,RandomForest,cleaned,0.7317436661698957,0.9064039408866995,0.4962916669854651,7,29,36
18,0.92,embedding_0.92,RandomForest,leaked-only,0.9083456524660664,0.9438330170777991,0.8173391859682487,155,527,682
18,0.92,embedding_0.92,LogisticRegression,baseline,0.8942406834585359,0.9417577049471534,0.7903332219812826,162,556,718
18,0.92,embedding_0.92,LogisticRegression,cleaned,0.7777777777777777,0.9211822660098522,0.588302148409774,7,29,36
18,0.92,embedding_0.92,LogisticRegression,leaked-only,0.900613544371184,0.9423149905123339,0.8024424154563923,155,527,682
18,0.93,embedding_0.93,RandomForest,baseline,0.9017246099096633,0.943817168487432,0.8045009225287497,162,556,718
18,0.93,embedding_0.93,RandomForest,cleaned,0.7125,0.9342105263157896,0.46904491558067246,8,38,46
18,0.93,embedding_0.93,RandomForest,leaked-only,0.9098850574712644,0.9439339617911047,0.8202902429561708,154,518,672
18,0.93,embedding_0.93,LogisticRegression,baseline,0.8942406834585359,0.9417577049471534,0.7903332219812826,162,556,718
18,0.93,embedding_0.93,LogisticRegression,cleaned,0.7223340040241448,0.855263157894737,0.4762807282543458,8,38,46
18,0.93,embedding_0.93,LogisticRegression,leaked-only,0.9056640625,0.9451436594293737,0.8123947395331054,154,518,672
18,0.94,embedding_0.94,RandomForest,baseline,0.9017246099096633,0.943817168487432,0.8045009225287497,162,556,718
18,0.94,embedding_0.94,RandomForest,cleaned,0.7583333333333333,0.9042735042735044,0.5623686239466473,13,45,58
18,0.94,embedding_0.94,RandomForest,leaked-only,0.9120515963967806,0.9450478729691747,0.8244112206530667,149,511,660
18,0.94,embedding_0.94,LogisticRegression,baseline,0.8942406834585359,0.9417577049471534,0.7903332219812826,162,556,718
18,0.94,embedding_0.94,LogisticRegression,cleaned,0.7751937984496124,0.9008547008547009,0.5622120199655017,13,45,58
18,0.94,embedding_0.94,LogisticRegression,leaked-only,0.9053534268751653,0.9439183598418682,0.812022487312291,149,511,660
18,0.95,embedding_0.95,RandomForest,baseline,0.9017246099096633,0.943817168487432,0.8045009225287497,162,556,718
18,0.95,embedding_0.95,RandomForest,cleaned,0.7492937853107344,0.9176136363636365,0.5540765395577688,16,55,71
18,0.95,embedding_0.95,RandomForest,leaked-only,0.9151410978573007,0.9447474913187324,0.8304240824797431,146,501,647
18,0.95,embedding_0.95,LogisticRegression,baseline,0.8942406834585359,0.9417577049471534,0.7903332219812826,162,556,718
18,0.95,embedding_0.95,LogisticRegression,cleaned,0.798970398970399,0.9181818181818182,0.6106637152804915,16,55,71
18,0.95,embedding_0.95,LogisticRegression,leaked-only,0.9054093567251462,0.9435239110819457,0.8119896446253554,146,501,647
18,0.96,embedding_0.96,RandomForest,baseline,0.9017246099096633,0.943817168487432,0.8045009225287497,162,556,718
18,0.96,embedding_0.96,RandomForest,cleaned,0.8064333017975402,0.9414212548015366,0.6512097705588794,22,71,93
18,0.96,embedding_0.96,RandomForest,leaked-only,0.9141996356499122,0.943681885125184,0.8284851920136436,140,485,625
18,0.96,embedding_0.96,LogisticRegression,baseline,0.8942406834585359,0.9417577049471534,0.7903332219812826,162,556,718
18,0.96,embedding_0.96,LogisticRegression,cleaned,0.8358823529411765,0.9327784891165173,0.6826516037774852,22,71,93
18,0.96,embedding_0.96,LogisticRegression,leaked-only,0.9036976518352092,0.9420176730486008,0.8084598427612407,140,485,625
18,0.97,embedding_0.97,RandomForest,baseline,0.9017246099096633,0.943817168487432,0.8045009225287497,162,556,718
18,0.97,embedding_0.97,RandomForest,cleaned,0.8094565984474241,0.9093650793650794,0.6325100454467751,30,105,135
18,0.97,embedding_0.97,RandomForest,leaked-only,0.9208014943114281,0.948901431163072,0.8417787397309895,132,451,583
18,0.97,embedding_0.97,LogisticRegression,baseline,0.8942406834585359,0.9417577049471534,0.7903332219812826,162,556,718
18,0.97,embedding_0.97,LogisticRegression,cleaned,0.8034362259755388,0.9117460317460317,0.6162917476138111,30,105,135
18,0.97,embedding_0.97,LogisticRegression,leaked-only,0.9163005713957562,0.947020090035611,0.8334287215062754,132,451,583
18,0.98,embedding_0.98,RandomForest,baseline,0.9017246099096633,0.943817168487432,0.8045009225287497,162,556,718
18,0.98,embedding_0.98,RandomForest,cleaned,0.8635012685755709,0.9237442922374429,0.7303484449638477,50,219,269
18,0.98,embedding_0.98,RandomForest,leaked-only,0.9184739847075676,0.9529859050445104,0.8373570568035543,112,337,449
18,0.98,embedding_0.98,LogisticRegression,baseline,0.8942406834585359,0.9417577049471534,0.7903332219812826,162,556,718
18,0.98,embedding_0.98,LogisticRegression,cleaned,0.828589634664401,0.9333333333333333,0.6622254901118252,50,219,269
18,0.98,embedding_0.98,LogisticRegression,leaked-only,0.9271468162022884,0.9460046629927935,0.8550513982406612,112,337,449
18,0.99,embedding_0.99,RandomForest,baseline,0.9017246099096633,0.943817168487432,0.8045009225287497,162,556,718
18,0.99,embedding_0.99,RandomForest,cleaned,0.8742133636083397,0.9348610046284465,0.7520279125250751,91,387,478
18,0.99,embedding_0.99,RandomForest,leaked-only,0.9352576207175614,0.9454537878156514,0.8705611112672464,71,169,240
18,0.99,embedding_0.99,LogisticRegression,baseline,0.8942406834585359,0.9417577049471534,0.7903332219812826,162,556,718
18,0.99,embedding_0.99,LogisticRegression,cleaned,0.8716433941997852,0.9454808757134339,0.7466360644586482,91,387,478
18,0.99,embedding_0.99,LogisticRegression,leaked-only,0.925887802367473,0.9335777981498459,0.8521774610714868,71,169,240
18,1.0,embedding_1.0,RandomForest,baseline,0.9017246099096633,0.943817168487432,0.8045009225287497,162,556,718
18,1.0,embedding_1.0,RandomForest,cleaned,0.9017246099096633,0.943817168487432,0.8045009225287497,162,556,718
18,1.0,embedding_1.0,LogisticRegression,baseline,0.8942406834585359,0.9417577049471534,0.7903332219812826,162,556,718
18,1.0,embedding_1.0,LogisticRegression,cleaned,0.8942406834585359,0.9417577049471534,0.7903332219812826,162,556,718
19,0.9,embedding_0.9,RandomForest,baseline,0.8935960591133005,0.9617077464788732,0.7920493674189419,152,568,720
19,0.9,embedding_0.9,RandomForest,cleaned,0.3333333333333333,0.72,0.0,10,10,20
19,0.9,embedding_0.9,RandomForest,leaked-only,0.9128154703375942,0.9745822605886213,0.8274498709896978,142,558,700
19,0.9,embedding_0.9,LogisticRegression,baseline,0.9114109860678323,0.9497196997776131,0.8230093008706637,152,568,720
19,0.9,embedding_0.9,LogisticRegression,cleaned,0.595959595959596,0.68,0.2041241452319315,10,10,20
19,0.9,embedding_0.9,LogisticRegression,leaked-only,0.9240825609895915,0.9660255439446717,0.8485794038194294,142,558,700
19,0.91,embedding_0.91,RandomForest,baseline,0.8935960591133005,0.9617077464788732,0.7920493674189419,152,568,720
19,0.91,embedding_0.91,RandomForest,cleaned,0.37209302325581395,0.7386363636363636,0.0,11,16,27
19,0.91,embedding_0.91,RandomForest,leaked-only,0.9146645455664901,0.9749717339911605,0.830918625473597,141,552,693
19,0.91,embedding_0.91,LogisticRegression,baseline,0.9114109860678323,0.9497196997776131,0.8230093008706637,152,568,720
19,0.91,embedding_0.91,LogisticRegression,cleaned,0.5834502103786816,0.7159090909090909,0.1685499656158105,11,16,27
19,0.91,embedding_0.91,LogisticRegression,leaked-only,0.9295104895104895,0.9663891458526057,0.8591615509220024,141,552,693
19,0.92,embedding_0.92,RandomForest,baseline,0.8935960591133005,0.9617077464788732,0.7920493674189419,152,568,720
19,0.92,embedding_0.92,RandomForest,cleaned,0.38461538461538464,0.7583333333333333,0.0,12,20,32
19,0.92,embedding_0.92,RandomForest,leaked-only,0.9165903335309014,0.9752085505735142,0.8345515203575444,140,548,688
19,0.92,embedding_0.92,LogisticRegression,baseline,0.9114109860678323,0.9497196997776131,0.8230093008706637,152,568,720
19,0.92,embedding_0.92,LogisticRegression,cleaned,0.6389743589743591,0.7708333333333333,0.2792896329177484,12,20,32
19,0.92,embedding_0.92,LogisticRegression,leaked-only,0.9290099571789713,0.9661366006256518,0.8581623851355207,140,548,688
19,0.93,embedding_0.93,RandomForest,baseline,0.8935960591133005,0.9617077464788732,0.7920493674189419,152,568,720
19,0.93,embedding_0.93,RandomForest,cleaned,0.4601092896174863,0.787202380952381,0.21524880100025257,14,24,38
19,0.93,embedding_0.93,RandomForest,leaked-only,0.9180386972719625,0.9751438618925832,0.8372563917456091,138,544,682
19,0.93,embedding_0.93,LogisticRegression,baseline,0.9114109860678323,0.9497196997776131,0.8230093008706637,152,568,720
19,0.93,embedding_0.93,LogisticRegression,cleaned,0.6607142857142857,0.7797619047619049,0.32142857142857145,14,24,38
19,0.93,embedding_0.93,LogisticRegression,leaked-only,0.930527761621698,0.9658727621483375,0.8612832075683555,138,544,682
19,0.94,embedding_0.94,RandomForest,baseline,0.8935960591133005,0.9617077464788732,0.7920493674189419,152,568,720
19,0.94,embedding_0.94,RandomForest,cleaned,0.5103264490339774,0.8354779411764706,0.28301965507089,17,32,49
19,0.94,embedding_0.94,RandomForest,leaked-only,0.9215179644220444,0.9751451077943614,0.8438540948310806,135,536,671
19,0.94,embedding_0.94,LogisticRegression,baseline,0.9114109860678323,0.9497196997776131,0.8230093008706637,152,568,720
19,0.94,embedding_0.94,LogisticRegression,cleaned,0.7297794117647058,0.8235294117647058,0.45955882352941174,17,32,49
19,0.94,embedding_0.94,LogisticRegression,leaked-only,0.9291096532333646,0.9650359314538418,0.8584558362489857,135,536,671
19,0.95,embedding_0.95,RandomForest,baseline,0.8935960591133005,0.9617077464788732,0.7920493674189419,152,568,720
19,0.95,embedding_0.95,RandomForest,cleaned,0.6174228675136116,0.84375,0.374528432345507,22,40,62
19,0.95,embedding_0.95,RandomForest,leaked-only,0.9236930213418626,0.9756920163170163,0.8482648060277874,130,528,658
19,0.95,embedding_0.95,LogisticRegression,baseline,0.9114109860678323,0.9497196997776131,0.8230093008706637,152,568,720
19,0.95,embedding_0.95,LogisticRegression,cleaned,0.758082497212932,0.8420454545454547,0.5179397291175925,22,40,62
19,0.95,embedding_0.95,LogisticRegression,leaked-only,0.9310967397152441,0.9655448717948718,0.8622855772883916,130,528,658
19,0.96,embedding_0.96,RandomForest,baseline,0.8935960591133005,0.9617077464788732,0.7920493674189419,152,568,720
19,0.96,embedding_0.96,RandomForest,cleaned,0.7022702702702703,0.877972027972028,0.49936477676571384,26,55,81
19,0.96,embedding_0.96,RandomForest,leaked-only,0.9212381463589193,0.9758887960642346,0.8434088878072369,126,513,639
19,0.96,embedding_0.96,LogisticRegression,baseline,0.9114109860678323,0.9497196997776131,0.8230093008706637,152,568,720
19,0.96,embedding_0.96,LogisticRegression,cleaned,0.7935429056924383,0.8538461538461539,0.5897245430151716,26,55,81
19,0.96,embedding_0.96,LogisticRegression,leaked-only,0.9312100147637795,0.9656548779355797,0.8624637902796704,126,513,639
19,0.97,embedding_0.97,RandomForest,baseline,0.8935960591133005,0.9617077464788732,0.7920493674189419,152,568,720
19,0.97,embedding_0.97,RandomForest,cleaned,0.7380867498514557,0.8859582542694496,0.5536685663934222,31,85,116
19,0.97,embedding_0.97,RandomForest,leaked-only,0.9233955085171984,0.9817257840973256,0.8474032589445044,121,483,604
19,0.97,embedding_0.97,LogisticRegression,baseline,0.9114109860678323,0.9497196997776131,0.8230093008706637,152,568,720
19,0.97,embedding_0.97,LogisticRegression,cleaned,0.8058035714285714,0.8629981024667932,0.6123215953313887,31,85,116
19,0.97,embedding_0.97,LogisticRegression,leaked-only,0.935999321847119,0.967181698406995,0.8721064045178187,121,483,604
19,0.98,embedding_0.98,RandomForest,baseline,0.8935960591133005,0.9617077464788732,0.7920493674189419,152,568,720
19,0.98,embedding_0.98,RandomForest,cleaned,0.8073959938366718,0.9400770512286547,0.6542764573832515,49,196,245
19,0.98,embedding_0.98,RandomForest,leaked-only,0.9279548407093068,0.9784293767616661,0.8560694224821076,103,372,475
19,0.98,embedding_0.98,LogisticRegression,baseline,0.9114109860678323,0.9497196997776131,0.8230093008706637,152,568,720
19,0.98,embedding_0.98,LogisticRegression,cleaned,0.8341836734693877,0.8678675551853394,0.6683673469387755,49,196,245
19,0.98,embedding_0.98,LogisticRegression,leaked-only,0.9482136100404671,0.9790687963252949,0.8968599153613738,103,372,475
19,0.99,embedding_0.99,RandomForest,baseline,0.8935960591133005,0.9617077464788732,0.7920493674189419,152,568,720
19,0.99,embedding_0.99,RandomForest,cleaned,0.8396743153219837,0.9513336376679276,0.695301983477324,82,374,456
19,0.99,embedding_0.99,RandomForest,leaked-only,0.9513991163475699,0.9782768777614139,0.9027982326951399,70,194,264
19,0.99,embedding_0.99,LogisticRegression,baseline,0.9114109860678323,0.9497196997776131,0.8230093008706637,152,568,720
19,0.99,embedding_0.99,LogisticRegression,cleaned,0.8759600614439325,0.9258836572322942,0.7522722596467645,82,374,456
19,0.99,embedding_0.99,LogisticRegression,leaked-only,0.9564571994062345,0.975478645066274,0.912958733597503,70,194,264
19,1.0,embedding_1.0,RandomForest,baseline,0.8935960591133005,0.9617077464788732,0.7920493674189419,152,568,720
19,1.0,embedding_1.0,RandomForest,cleaned,0.8935960591133005,0.9617077464788732,0.7920493674189419,152,568,720
19,1.0,embedding_1.0,LogisticRegression,baseline,0.9114109860678323,0.9497196997776131,0.8230093008706637,152,568,720
19,1.0,embedding_1.0,LogisticRegression,cleaned,0.9114109860678323,0.9497196997776131,0.8230093008706637,152,568,720
20,0.9,embedding_0.9,RandomForest,baseline,0.870022007027946,0.9662181431645537,0.7400531253003362,129,598,727
20,0.9,embedding_0.9,RandomForest,cleaned,0.40540540540540543,0.8229166666666666,-0.1336306209562122,6,16,22
20,0.9,embedding_0.9,RandomForest,leaked-only,0.8833103448275863,0.9676403207331042,0.7667785741698272,123,582,705
20,0.9,embedding_0.9,LogisticRegression,baseline,0.9071124361158432,0.9396567369267066,0.8183705125784857,129,598,727
20,0.9,embedding_0.9,LogisticRegression,cleaned,0.5757575757575757,0.6458333333333333,0.15498260496951669,6,16,22
20,0.9,embedding_0.9,LogisticRegression,leaked-only,0.9196068146053322,0.9530634481602548,0.8441995074049153,123,582,705
20,0.91,embedding_0.91,RandomForest,baseline,0.870022007027946,0.9662181431645537,0.7400531253003362,129,598,727
20,0.91,embedding_0.91,RandomForest,cleaned,0.4090909090909091,0.8571428571428572,-0.12139539573337679,7,19,26
20,0.91,embedding_0.91,RandomForest,leaked-only,0.8852408767768385,0.9677439904867068,0.7707314802189152,122,579,701
20,0.91,embedding_0.91,LogisticRegression,baseline,0.9071124361158432,0.9396567369267066,0.8183705125784857,129,598,727
20,0.91,embedding_0.91,LogisticRegression,cleaned,0.641025641025641,0.7218045112781954,0.2849614140875866,7,19,26
20,0.91,embedding_0.91,LogisticRegression,leaked-only,0.9190384266363081,0.9528157648857556,0.8431289992490353,122,579,701
20,0.92,embedding_0.92,RandomForest,baseline,0.870022007027946,0.9662181431645537,0.7400531253003362,129,598,727
20,0.92,embedding_0.92,RandomForest,cleaned,0.5060034305317325,0.8541666666666667,0.061898446059017294,8,24,32
20,0.92,embedding_0.92,RandomForest,leaked-only,0.8863991699357553,0.9680795922481067,0.7729621075118777,121,574,695
20,0.92,embedding_0.92,LogisticRegression,baseline,0.9071124361158432,0.9396567369267066,0.8183705125784857,129,598,727
20,0.92,embedding_0.92,LogisticRegression,cleaned,0.6666666666666667,0.7552083333333334,0.3333333333333333,8,24,32
20,0.92,embedding_0.92,LogisticRegression,leaked-only,0.9205083696646752,0.9525297319088895,0.8457475432205668,121,574,695
20,0.93,embedding_0.93,RandomForest,baseline,0.870022007027946,0.9662181431645537,0.7400531253003362,129,598,727
20,0.93,embedding_0.93,RandomForest,cleaned,0.6181818181818182,0.888,0.28401877872187725,10,25,35
20,0.93,embedding_0.93,RandomForest,leaked-only,0.8848185726071414,0.9680730931115902,0.7698049259879136,119,573,692
20,0.93,embedding_0.93,LogisticRegression,baseline,0.9071124361158432,0.9396567369267066,0.8183705125784857,129,598,727
20,0.93,embedding_0.93,LogisticRegression,cleaned,0.72,0.796,0.44,10,25,35
20,0.93,embedding_0.93,LogisticRegression,leaked-only,0.9194908294552423,0.9517356680892252,0.8438251231608019,119,573,692
20,0.94,embedding_0.94,RandomForest,baseline,0.870022007027946,0.9662181431645537,0.7400531253003362,129,598,727
20,0.94,embedding_0.94,RandomForest,cleaned,0.6415584415584416,0.90625,0.3197468012620192,14,32,46
20,0.94,embedding_0.94,RandomForest,leaked-only,0.8894334422020427,0.9688047319096635,0.7791453225002897,115,566,681
20,0.94,embedding_0.94,LogisticRegression,baseline,0.9071124361158432,0.9396567369267066,0.8183705125784857,129,598,727
20,0.94,embedding_0.94,LogisticRegression,cleaned,0.7526881720430108,0.8102678571428572,0.5089233500149862,14,32,46
20,0.94,embedding_0.94,LogisticRegression,leaked-only,0.9216115107913669,0.9516208326931941,0.8475149211720355,115,566,681
20,0.95,embedding_0.95,RandomForest,baseline,0.870022007027946,0.9662181431645537,0.7400531253003362,129,598,727
20,0.95,embedding_0.95,RandomForest,cleaned,0.7393292682926829,0.9300554016620498,0.5026155365907202,19,38,57
20,0.95,embedding_0.95,RandomForest,leaked-only,0.8851619332336821,0.9687662337662337,0.7706215644508827,110,560,670
20,0.95,embedding_0.95,LogisticRegression,baseline,0.9071124361158432,0.9396567369267066,0.8183705125784857,129,598,727
20,0.95,embedding_0.95,LogisticRegression,cleaned,0.8074324324324325,0.868421052631579,0.6172133998483676,19,38,57
20,0.95,embedding_0.95,LogisticRegression,leaked-only,0.9187878787878788,0.9496103896103897,0.8421588933993406,110,560,670
20,0.96,embedding_0.96,RandomForest,baseline,0.870022007027946,0.9662181431645537,0.7400531253003362,129,598,727
20,0.96,embedding_0.96,RandomForest,cleaned,0.7725856697819314,0.9438502673796791,0.5563562126498047,22,51,73
20,0.96,embedding_0.96,RandomForest,leaked-only,0.8844036697247707,0.9688530472073673,0.7690093139211147,107,547,654
20,0.96,embedding_0.96,LogisticRegression,baseline,0.9071124361158432,0.9396567369267066,0.8183705125784857,129,598,727
20,0.96,embedding_0.96,LogisticRegression,cleaned,0.841304347826087,0.8796791443850268,0.6842620540046722,22,51,73
20,0.96,embedding_0.96,LogisticRegression,leaked-only,0.9167263524805425,0.9487091868988023,0.8382565528655102,107,547,654
20,0.97,embedding_0.97,RandomForest,baseline,0.870022007027946,0.9662181431645537,0.7400531253003362,129,598,727
20,0.97,embedding_0.97,RandomForest,cleaned,0.815865662999421,0.9640860215053764,0.6432716447596859,31,75,106
20,0.97,embedding_0.97,RandomForest,leaked-only,0.8817593297791317,0.9685585515276857,0.7640398502384832,98,523,621
20,0.97,embedding_0.97,LogisticRegression,baseline,0.9071124361158432,0.9396567369267066,0.8183705125784857,129,598,727
20,0.97,embedding_0.97,LogisticRegression,cleaned,0.8880912162162162,0.909247311827957,0.7770551634418856,31,75,106
20,0.97,embedding_0.97,LogisticRegression,leaked-only,0.9103313840155945,0.9454676708159363,0.8261731738377457,98,523,621
20,0.98,embedding_0.98,RandomForest,baseline,0.870022007027946,0.9662181431645537,0.7400531253003362,129,598,727
20,0.98,embedding_0.98,RandomForest,cleaned,0.8276249669399629,0.9666243654822335,0.6567222346562748,40,197,237
20,0.98,embedding_0.98,RandomForest,leaked-only,0.8881889654886288,0.9644988651965591,0.7765523098848599,89,401,490
20,0.98,embedding_0.98,LogisticRegression,baseline,0.9071124361158432,0.9396567369267066,0.8183705125784857,129,598,727
20,0.98,embedding_0.98,LogisticRegression,cleaned,0.8944132584870356,0.9227157360406091,0.7929821333552807,40,197,237
20,0.98,embedding_0.98,LogisticRegression,leaked-only,0.9128980650598126,0.9447728992126425,0.8299381488554435,89,401,490
20,0.99,embedding_0.99,RandomForest,baseline,0.870022007027946,0.9662181431645537,0.7400531253003362,129,598,727
20,0.99,embedding_0.99,RandomForest,cleaned,0.8246366080823039,0.966665427923743,0.6510935486651501,71,379,450
20,0.99,embedding_0.99,RandomForest,leaked-only,0.9216229981325335,0.9573689182805857,0.8456522227251537,58,219,277
20,0.99,embedding_0.99,LogisticRegression,baseline,0.9071124361158432,0.9396567369267066,0.8183705125784857,129,598,727
20,0.99,embedding_0.99,LogisticRegression,cleaned,0.8991935483870968,0.9418410197331748,0.8034595433153575,71,379,450
20,0.99,embedding_0.99,LogisticRegression,leaked-only,0.9168792198049512,0.9376476145488899,0.8368467131603973,58,219,277
20,1.0,embedding_1.0,RandomForest,baseline,0.870022007027946,0.9662181431645537,0.7400531253003362,129,598,727
20,1.0,embedding_1.0,RandomForest,cleaned,0.870022007027946,0.9662181431645537,0.7400531253003362,129,598,727
20,1.0,embedding_1.0,LogisticRegression,baseline,0.9071124361158432,0.9396567369267066,0.8183705125784857,129,598,727
20,1.0,embedding_1.0,LogisticRegression,cleaned,0.9071124361158432,0.9396567369267066,0.8183705125784857,129,598,727
21,0.9,embedding_0.9,RandomForest,baseline,0.869148112102012,0.9762606695787734,0.738959494648719,103,629,732
21,0.9,embedding_0.9,RandomForest,cleaned,0.46,0.9021739130434783,0.0,4,23,27
21,0.9,embedding_0.9,RandomForest,leaked-only,0.8779993668882558,0.9812814614794814,0.7561285130901174,99,606,705
21,0.9,embedding_0.9,LogisticRegression,baseline,0.9033562643318741,0.9665519317146959,0.8155055438863432,103,629,732
21,0.9,embedding_0.9,LogisticRegression,cleaned,0.8532608695652174,0.9130434782608696,0.7065217391304348,4,23,27
21,0.9,embedding_0.9,LogisticRegression,leaked-only,0.9051512795981822,0.9691802513584692,0.8197759573553689,99,606,705
21,0.91,embedding_0.91,RandomForest,baseline,0.869148112102012,0.9762606695787734,0.738959494648719,103,629,732
21,0.91,embedding_0.91,RandomForest,cleaned,0.46551724137931033,0.8981481481481481,0.0,4,27,31
21,0.91,embedding_0.91,RandomForest,leaked-only,0.8778875363796657,0.9812577603275277,0.755905107370579,99,602,701
21,0.91,embedding_0.91,LogisticRegression,baseline,0.9033562643318741,0.9665519317146959,0.8155055438863432,103,629,732
21,0.91,embedding_0.91,LogisticRegression,cleaned,0.8564814814814814,0.9259259259259258,0.7129629629629629,4,27,31
21,0.91,embedding_0.91,LogisticRegression,leaked-only,0.9050478598519054,0.9690425853216551,0.8195906758675426,99,602,701
21,0.92,embedding_0.92,RandomForest,baseline,0.869148112102012,0.9762606695787734,0.738959494648719,103,629,732
21,0.92,embedding_0.92,RandomForest,cleaned,0.638095238095238,0.896969696969697,0.4223486455268661,5,33,38
21,0.92,embedding_0.92,RandomForest,leaked-only,0.876627571704208,0.9813552937953706,0.7533875611066301,98,596,694
21,0.92,embedding_0.92,LogisticRegression,baseline,0.9033562643318741,0.9665519317146959,0.8155055438863432,103,629,732
21,0.92,embedding_0.92,LogisticRegression,cleaned,0.8405594405594405,0.9393939393939394,0.6854365268376295,5,33,38
21,0.92,embedding_0.92,LogisticRegression,leaked-only,0.9065032044496621,0.9685830708122174,0.8220795175832089,98,596,694
21,0.93,embedding_0.93,RandomForest,baseline,0.869148112102012,0.9762606695787734,0.738959494648719,103,629,732
21,0.93,embedding_0.93,RandomForest,cleaned,0.5644444444444444,0.9375,0.32196045810839236,8,34,42
21,0.93,embedding_0.93,RandomForest,leaked-only,0.8840336134453781,0.9819195046439629,0.7680672268907563,95,595,690
21,0.93,embedding_0.93,LogisticRegression,baseline,0.9033562643318741,0.9665519317146959,0.8155055438863432,103,629,732
21,0.93,embedding_0.93,LogisticRegression,cleaned,0.8893766461808603,0.9558823529411765,0.7810706122033858,8,34,42
21,0.93,embedding_0.93,LogisticRegression,leaked-only,0.9043075472221451,0.9681910659000441,0.8180796550793489,95,595,690
21,0.94,embedding_0.94,RandomForest,baseline,0.869148112102012,0.9762606695787734,0.738959494648719,103,629,732
21,0.94,embedding_0.94,RandomForest,cleaned,0.5583333333333333,0.9217171717171717,0.30662207033593325,9,44,53
21,0.94,embedding_0.94,RandomForest,leaked-only,0.8862909102430061,0.9821785779232588,0.7725974436635704,94,585,679
21,0.94,embedding_0.94,LogisticRegression,baseline,0.9033562643318741,0.9665519317146959,0.8155055438863432,103,629,732
21,0.94,embedding_0.94,LogisticRegression,cleaned,0.8515406162464986,0.9545454545454546,0.7159075429722651,9,44,53
21,0.94,embedding_0.94,LogisticRegression,leaked-only,0.9081247309182606,0.9684669939989088,0.8247076450125821,94,585,679
21,0.95,embedding_0.95,RandomForest,baseline,0.869148112102012,0.9762606695787734,0.738959494648719,103,629,732
21,0.95,embedding_0.95,RandomForest,cleaned,0.5273735273735274,0.9233511586452763,0.15416576335429344,11,51,62
21,0.95,embedding_0.95,RandomForest,leaked-only,0.8938707813868545,0.9826801564615617,0.7878069259140564,92,578,670
21,0.95,embedding_0.95,LogisticRegression,baseline,0.9033562643318741,0.9665519317146959,0.8155055438863432,103,629,732
21,0.95,embedding_0.95,LogisticRegression,cleaned,0.8540031397174255,0.9500891265597148,0.7234947891504221,11,51,62
21,0.95,embedding_0.95,LogisticRegression,leaked-only,0.9089426474585485,0.9692342410109824,0.8260332101968398,92,578,670
21,0.96,embedding_0.96,RandomForest,baseline,0.869148112102012,0.9762606695787734,0.738959494648719,103,629,732
21,0.96,embedding_0.96,RandomForest,cleaned,0.5022222222222222,0.9056122448979592,0.05,14,70,84
21,0.96,embedding_0.96,RandomForest,leaked-only,0.9068850184574981,0.9841410222910092,0.813929385680765,89,559,648
21,0.96,embedding_0.96,LogisticRegression,baseline,0.9033562643318741,0.9665519317146959,0.8155055438863432,103,629,732
21,0.96,embedding_0.96,LogisticRegression,cleaned,0.8015037593984962,0.926530612244898,0.6270544465288199,14,70,84
21,0.96,embedding_0.96,LogisticRegression,leaked-only,0.9198545141386054,0.9723824646740769,0.8466105882589992,89,559,648
21,0.97,embedding_0.97,RandomForest,baseline,0.869148112102012,0.9762606695787734,0.738959494648719,103,629,732
21,0.97,embedding_0.97,RandomForest,cleaned,0.6474074074074074,0.9372848007870143,0.345042991249979,19,107,126
21,0.97,embedding_0.97,RandomForest,leaked-only,0.9051431127012523,0.984571702244116,0.8106008942649703,84,522,606
21,0.97,embedding_0.97,LogisticRegression,baseline,0.9033562643318741,0.9665519317146959,0.8155055438863432,103,629,732
21,0.97,embedding_0.97,LogisticRegression,cleaned,0.8404390037990713,0.9493359567142153,0.6988000310551254,19,107,126
21,0.97,embedding_0.97,LogisticRegression,leaked-only,0.9181557513297872,0.9707626345557381,0.843334983609461,84,522,606
21,0.98,embedding_0.98,RandomForest,baseline,0.869148112102012,0.9762606695787734,0.738959494648719,103,629,732
21,0.98,embedding_0.98,RandomForest,cleaned,0.701301720130172,0.9590301003344481,0.42523923232684246,23,234,257
21,0.98,embedding_0.98,RandomForest,leaked-only,0.9074297830543885,0.9825632911392406,0.8150737064781307,80,395,475
21,0.98,embedding_0.98,LogisticRegression,baseline,0.9033562643318741,0.9665519317146959,0.8155055438863432,103,629,732
21,0.98,embedding_0.98,LogisticRegression,cleaned,0.8181039299683368,0.9221479004087699,0.6589607059492474,23,234,257
21,0.98,embedding_0.98,LogisticRegression,leaked-only,0.9334562211981567,0.9787974683544305,0.8719431232176685,80,395,475
21,0.99,embedding_0.99,RandomForest,baseline,0.869148112102012,0.9762606695787734,0.738959494648719,103,629,732
21,0.99,embedding_0.99,RandomForest,cleaned,0.7907884465261514,0.966721100554236,0.5896901387554415,48,421,469
21,0.99,embedding_0.99,RandomForest,leaked-only,0.9276631757114144,0.9854895104895105,0.8567287691676571,55,208,263
21,0.99,embedding_0.99,LogisticRegression,baseline,0.9033562643318741,0.9665519317146959,0.8155055438863432,103,629,732
21,0.99,embedding_0.99,LogisticRegression,cleaned,0.8622787146572699,0.9496239113222487,0.7400507641887369,48,421,469
21,0.99,embedding_0.99,LogisticRegression,leaked-only,0.9453722166832834,0.9782342657342658,0.894302960251885,55,208,263
21,1.0,embedding_1.0,RandomForest,baseline,0.869148112102012,0.9762606695787734,0.738959494648719,103,629,732
21,1.0,embedding_1.0,RandomForest,cleaned,0.869148112102012,0.9762606695787734,0.738959494648719,103,629,732
21,1.0,embedding_1.0,LogisticRegression,baseline,0.9033562643318741,0.9665519317146959,0.8155055438863432,103,629,732
21,1.0,embedding_1.0,LogisticRegression,cleaned,0.9033562643318741,0.9665519317146959,0.8155055438863432,103,629,732
22,0.9,embedding_0.9,RandomForest,baseline,0.8373916867127079,0.9723118279569892,0.6783484843962659,80,651,731
22,0.9,embedding_0.9,RandomForest,cleaned,0.4473684210526316,0.9411764705882353,0.0,4,17,21
22,0.9,embedding_0.9,RandomForest,leaked-only,0.8483661991884388,0.9725842603353809,0.6985782123545877,76,634,710
22,0.9,embedding_0.9,LogisticRegression,baseline,0.8906890201959352,0.9420890937019969,0.7900294933152203,80,651,731
22,0.9,embedding_0.9,LogisticRegression,cleaned,0.6464646464646464,0.676470588235294,0.29827937950065225,4,17,21
22,0.9,embedding_0.9,LogisticRegression,leaked-only,0.9017545801737975,0.9535530466544911,0.8123868918564954,76,634,710
22,0.91,embedding_0.91,RandomForest,baseline,0.8373916867127079,0.9723118279569892,0.6783484843962659,80,651,731
22,0.91,embedding_0.91,RandomForest,cleaned,0.42857142857142855,0.962962962962963,0.0,6,18,24
22,0.91,embedding_0.91,RandomForest,leaked-only,0.8542617260840255,0.9728021860723283,0.7096822634847869,74,633,707
22,0.91,embedding_0.91,LogisticRegression,baseline,0.8906890201959352,0.9420890937019969,0.7900294933152203,80,651,731
22,0.91,embedding_0.91,LogisticRegression,cleaned,0.7362637362637363,0.7870370370370371,0.4763305116224668,6,18,24
22,0.91,embedding_0.91,LogisticRegression,leaked-only,0.899706828068848,0.952499893258187,0.8086274821919546,74,633,707
22,0.92,embedding_0.92,RandomForest,baseline,0.8373916867127079,0.9723118279569892,0.6783484843962659,80,651,731
22,0.92,embedding_0.92,RandomForest,cleaned,0.42857142857142855,0.9659863945578232,0.0,7,21,28
22,0.92,embedding_0.92,RandomForest,leaked-only,0.8572105619498984,0.9729506414437922,0.7152894645567907,73,630,703
22,0.92,embedding_0.92,LogisticRegression,baseline,0.8906890201959352,0.9420890937019969,0.7900294933152203,80,651,731
22,0.92,embedding_0.92,LogisticRegression,cleaned,0.7723577235772358,0.8095238095238095,0.5477225575051661,7,21,28
22,0.92,embedding_0.92,LogisticRegression,leaked-only,0.8985979690745443,0.9523374646662318,0.8065951783216114,73,630,703
22,0.93,embedding_0.93,RandomForest,baseline,0.8373916867127079,0.9723118279569892,0.6783484843962659,80,651,731
22,0.93,embedding_0.93,RandomForest,cleaned,0.43548387096774194,0.9027777777777778,0.0,8,27,35
22,0.93,embedding_0.93,RandomForest,leaked-only,0.860134238977533,0.9733128561253561,0.7208842916198052,72,624,696
22,0.93,embedding_0.93,LogisticRegression,baseline,0.8906890201959352,0.9420890937019969,0.7900294933152203,80,651,731
22,0.93,embedding_0.93,LogisticRegression,cleaned,0.7471620227038184,0.8148148148148148,0.5108942227567661,8,27,35
22,0.93,embedding_0.93,LogisticRegression,leaked-only,0.9032334948756653,0.9523014601139603,0.8146408118982057,72,624,696
22,0.94,embedding_0.94,RandomForest,baseline,0.8373916867127079,0.9723118279569892,0.6783484843962659,80,651,731
22,0.94,embedding_0.94,RandomForest,cleaned,0.5032467532467533,0.9331983805668016,0.24178820993079556,13,38,51
22,0.94,embedding_0.94,RandomForest,leaked-only,0.8708262097787256,0.9734849407124248,0.741679758388744,67,613,680
22,0.94,embedding_0.94,LogisticRegression,baseline,0.8906890201959352,0.9420890937019969,0.7900294933152203,80,651,731
22,0.94,embedding_0.94,LogisticRegression,cleaned,0.7831837505904582,0.8805668016194332,0.5741818430561134,13,38,51
22,0.94,embedding_0.94,LogisticRegression,leaked-only,0.9048049794318451,0.9500377395242385,0.8188098312687301,67,613,680
22,0.95,embedding_0.95,RandomForest,baseline,0.8373916867127079,0.9723118279569892,0.6783484843962659,80,651,731
22,0.95,embedding_0.95,RandomForest,cleaned,0.5557422969187675,0.9492753623188406,0.32242022619539085,15,46,61
22,0.95,embedding_0.95,RandomForest,leaked-only,0.8722186904005086,0.9732867132867132,0.7444373808010172,65,605,670
22,0.95,embedding_0.95,LogisticRegression,baseline,0.8906890201959352,0.9420890937019969,0.7900294933152203,80,651,731
22,0.95,embedding_0.95,LogisticRegression,cleaned,0.8130745658835546,0.8942028985507247,0.6321890217475035,15,46,61
22,0.95,embedding_0.95,LogisticRegression,leaked-only,0.9024089635854342,0.9488874761602034,0.8144448051919377,65,605,670
22,0.96,embedding_0.96,RandomForest,baseline,0.8373916867127079,0.9723118279569892,0.6783484843962659,80,651,731
22,0.96,embedding_0.96,RandomForest,cleaned,0.5462080397845006,0.9621848739495799,0.30461786946274705,17,56,73
22,0.96,embedding_0.96,RandomForest,leaked-only,0.8788404882154882,0.9731759370414832,0.7578008655208986,63,595,658
22,0.96,embedding_0.96,LogisticRegression,baseline,0.8906890201959352,0.9420890937019969,0.7900294933152203,80,651,731
22,0.96,embedding_0.96,LogisticRegression,cleaned,0.8370939747086537,0.9096638655462185,0.6789111914663127,17,56,73
22,0.96,embedding_0.96,LogisticRegression,leaked-only,0.8998477929984778,0.9475256769374417,0.8097883595835661,63,595,658
22,0.97,embedding_0.97,RandomForest,baseline,0.8373916867127079,0.9723118279569892,0.6783484843962659,80,651,731
22,0.97,embedding_0.97,RandomForest,cleaned,0.5834734566418448,0.9621951219512195,0.35248038845079627,20,82,102
22,0.97,embedding_0.97,RandomForest,leaked-only,0.8836974455254025,0.9725834797891038,0.7679130934097801,60,569,629
22,0.97,embedding_0.97,LogisticRegression,baseline,0.8906890201959352,0.9420890937019969,0.7900294933152203,80,651,731
22,0.97,embedding_0.97,LogisticRegression,cleaned,0.8315905338470005,0.9134146341463414,0.6743778425142525,20,82,102
22,0.97,embedding_0.97,LogisticRegression,leaked-only,0.9057996965691477,0.9471880492091389,0.819911619937387,60,569,629
22,0.98,embedding_0.98,RandomForest,baseline,0.8373916867127079,0.9723118279569892,0.6783484843962659,80,651,731
22,0.98,embedding_0.98,RandomForest,cleaned,0.6150552174892946,0.9795454545454545,0.3407790208736148,24,220,244
22,0.98,embedding_0.98,RandomForest,leaked-only,0.8939291937272296,0.9660465694398409,0.7892551141030139,56,431,487
22,0.98,embedding_0.98,LogisticRegression,baseline,0.8906890201959352,0.9420890937019969,0.7900294933152203,80,651,731
22,0.98,embedding_0.98,LogisticRegression,cleaned,0.85101966052021,0.9382575757575757,0.7144523829566501,24,220,244
22,0.98,embedding_0.98,LogisticRegression,leaked-only,0.908842467804732,0.9448955916473318,0.824737809430363,56,431,487
22,0.99,embedding_0.99,RandomForest,baseline,0.8373916867127079,0.9723118279569892,0.6783484843962659,80,651,731
22,0.99,embedding_0.99,RandomForest,cleaned,0.7309069212410502,0.9750304136253041,0.48197695664336054,40,411,451
22,0.99,embedding_0.99,RandomForest,leaked-only,0.922204541436185,0.9514583333333333,0.8452053942329367,40,240,280
22,0.99,embedding_0.99,LogisticRegression,baseline,0.8906890201959352,0.9420890937019969,0.7900294933152203,80,651,731
22,0.99,embedding_0.99,LogisticRegression,cleaned,0.8581707485817075,0.9539537712895377,0.7347427593854509,40,411,451
22,0.99,embedding_0.99,LogisticRegression,leaked-only,0.9299719887955182,0.9340624999999999,0.8613516599362813,40,240,280
22,1.0,embedding_1.0,RandomForest,baseline,0.8373916867127079,0.9723118279569892,0.6783484843962659,80,651,731
22,1.0,embedding_1.0,RandomForest,cleaned,0.8373916867127079,0.9723118279569892,0.6783484843962659,80,651,731
22,1.0,embedding_1.0,LogisticRegression,baseline,0.8906890201959352,0.9420890937019969,0.7900294933152203,80,651,731
22,1.0,embedding_1.0,LogisticRegression,cleaned,0.8906890201959352,0.9420890937019969,0.7900294933152203,80,651,731
23,0.9,embedding_0.9,RandomForest,baseline,0.6578530863048133,0.9602911009084694,0.3210739139458815,29,706,735
23,0.9,embedding_0.9,RandomForest,cleaned,0.43478260869565216,0.6333333333333333,0.0,3,10,13
23,0.9,embedding_0.9,RandomForest,leaked-only,0.6665787043145533,0.9657659151193634,0.34313847028674643,26,696,722
23,0.9,embedding_0.9,LogisticRegression,baseline,0.7201827378038832,0.9200937774738693,0.5163371291797363,29,706,735
23,0.9,embedding_0.9,LogisticRegression,cleaned,0.35,0.39999999999999997,-0.3,3,10,13
23,0.9,embedding_0.9,LogisticRegression,leaked-only,0.7362730487127787,0.9687223695844386,0.5634968816525819,26,696,722
23,0.91,embedding_0.91,RandomForest,baseline,0.6578530863048133,0.9602911009084694,0.3210739139458815,29,706,735
23,0.91,embedding_0.91,RandomForest,cleaned,0.44,0.6666666666666665,0.0,3,11,14
23,0.91,embedding_0.91,RandomForest,leaked-only,0.666556553911205,0.9657166574432762,0.3430963925313828,26,695,721
23,0.91,embedding_0.91,LogisticRegression,baseline,0.7201827378038832,0.9200937774738693,0.5163371291797363,29,706,735
23,0.91,embedding_0.91,LogisticRegression,cleaned,0.36363636363636365,0.4242424242424242,-0.2727272727272727,3,11,14
23,0.91,embedding_0.91,LogisticRegression,leaked-only,0.7362452443664033,0.968677365799668,0.5634655035777034,26,695,721
23,0.92,embedding_0.92,RandomForest,baseline,0.6578530863048133,0.9602911009084694,0.3210739139458815,29,706,735
23,0.92,embedding_0.92,RandomForest,cleaned,0.45714285714285713,0.6979166666666666,0.0,3,16,19
23,0.92,embedding_0.92,RandomForest,leaked-only,0.6664448289631306,0.9654682274247491,0.34288415648422466,26,690,716
23,0.92,embedding_0.92,LogisticRegression,baseline,0.7201827378038832,0.9200937774738693,0.5163371291797363,29,706,735
23,0.92,embedding_0.92,LogisticRegression,cleaned,0.3870967741935484,0.4375,-0.22360679774997896,3,16,19
23,0.92,embedding_0.92,LogisticRegression,leaked-only,0.7390185299521688,0.9687290969899665,0.5674930036385858,26,690,716
23,0.93,embedding_0.93,RandomForest,baseline,0.6578530863048133,0.9602911009084694,0.3210739139458815,29,706,735
23,0.93,embedding_0.93,RandomForest,cleaned,0.45652173913043476,0.7797619047619048,0.0,4,21,25
23,0.93,embedding_0.93,RandomForest,leaked-only,0.6694862333238717,0.9663357664233576,0.35102266046500513,25,685,710
23,0.93,embedding_0.93,LogisticRegression,baseline,0.7201827378038832,0.9200937774738693,0.5163371291797363,29,706,735
23,0.93,embedding_0.93,LogisticRegression,cleaned,0.5,0.5238095238095238,0.010218988991416097,4,21,25
23,0.93,embedding_0.93,LogisticRegression,leaked-only,0.7369477291673099,0.9701605839416059,0.5643298265949458,25,685,710
23,0.94,embedding_0.94,RandomForest,baseline,0.6578530863048133,0.9602911009084694,0.3210739139458815,29,706,735
23,0.94,embedding_0.94,RandomForest,cleaned,0.46774193548387094,0.728448275862069,0.0,4,29,33
23,0.94,embedding_0.94,RandomForest,leaked-only,0.6693054518297237,0.9659970457902511,0.35068293619003177,25,677,702
23,0.94,embedding_0.94,LogisticRegression,baseline,0.7201827378038832,0.9200937774738693,0.5163371291797363,29,706,735
23,0.94,embedding_0.94,LogisticRegression,cleaned,0.4560439560439561,0.48275862068965514,-0.04285535799810133,4,29,33
23,0.94,embedding_0.94,LogisticRegression,leaked-only,0.7491635536787397,0.9712850812407681,0.5820401978013688,25,677,702
23,0.95,embedding_0.95,RandomForest,baseline,0.6578530863048133,0.9602911009084694,0.3210739139458815,29,706,735
23,0.95,embedding_0.95,RandomForest,cleaned,0.4691358024691358,0.8105263157894737,0.0,5,38,43
23,0.95,embedding_0.95,RandomForest,leaked-only,0.6723484848484849,0.9666916167664671,0.3591575683755265,24,668,692
23,0.95,embedding_0.95,LogisticRegression,baseline,0.7201827378038832,0.9200937774738693,0.5163371291797363,29,706,735
23,0.95,embedding_0.95,LogisticRegression,cleaned,0.5234441602728048,0.605263157894737,0.09779689751497256,5,38,43
23,0.95,embedding_0.95,LogisticRegression,leaked-only,0.7471082668298445,0.9706212574850299,0.5789219242123419,24,668,692
23,0.96,embedding_0.96,RandomForest,baseline,0.6578530863048133,0.9602911009084694,0.3210739139458815,29,706,735
23,0.96,embedding_0.96,RandomForest,cleaned,0.46788990825688076,0.8431372549019608,0.0,7,51,58
23,0.96,embedding_0.96,RandomForest,leaked-only,0.678842504743833,0.9686328938237335,0.3780478211685329,22,655,677
23,0.96,embedding_0.96,LogisticRegression,baseline,0.7201827378038832,0.9200937774738693,0.5163371291797363,29,706,735
23,0.96,embedding_0.96,LogisticRegression,cleaned,0.5797101449275363,0.6582633053221288,0.22653115869053722,7,51,58
23,0.96,embedding_0.96,LogisticRegression,leaked-only,0.7461567304086989,0.9746703678001388,0.5772080821983822,22,655,677
23,0.97,embedding_0.97,RandomForest,baseline,0.6578530863048133,0.9602911009084694,0.3210739139458815,29,706,735
23,0.97,embedding_0.97,RandomForest,cleaned,0.4748603351955307,0.8934640522875817,0.0,9,85,94
23,0.97,embedding_0.97,RandomForest,leaked-only,0.6852700490998364,0.9693639291465378,0.3988570191056312,20,621,641
23,0.97,embedding_0.97,LogisticRegression,baseline,0.7201827378038832,0.9200937774738693,0.5163371291797363,29,706,735
23,0.97,embedding_0.97,LogisticRegression,cleaned,0.6430379746835443,0.7516339869281046,0.34628164561504854,9,85,94
23,0.97,embedding_0.97,LogisticRegression,leaked-only,0.7406295255132465,0.9764090177133655,0.5689701445385345,20,621,641
23,0.98,embedding_0.98,RandomForest,baseline,0.6578530863048133,0.9602911009084694,0.3210739139458815,29,706,735
23,0.98,embedding_0.98,RandomForest,cleaned,0.5576036866359447,0.9453616352201257,0.18818281340714368,12,212,224
23,0.98,embedding_0.98,RandomForest,leaked-only,0.682936918304033,0.9665396522981662,0.40493263658139106,17,494,511
23,0.98,embedding_0.98,LogisticRegression,baseline,0.7201827378038832,0.9200937774738693,0.5163371291797363,29,706,735
23,0.98,embedding_0.98,LogisticRegression,cleaned,0.6847290640394088,0.8506289308176099,0.4303683118849859,12,212,224
23,0.98,embedding_0.98,LogisticRegression,leaked-only,0.7408393559021174,0.9734460585853775,0.5696183008607913,17,494,511
23,0.99,embedding_0.99,RandomForest,baseline,0.6578530863048133,0.9602911009084694,0.3210739139458815,29,706,735
23,0.99,embedding_0.99,RandomForest,cleaned,0.5757404650685283,0.9643496420047732,0.16913414732800805,16,419,435
23,0.99,embedding_0.99,RandomForest,leaked-only,0.6939256003767069,0.9567140176896274,0.44841161304050486,13,287,300
23,0.99,embedding_0.99,LogisticRegression,baseline,0.7201827378038832,0.9200937774738693,0.5163371291797363,29,706,735
23,0.99,embedding_0.99,LogisticRegression,cleaned,0.7090049847866899,0.8924522673031026,0.4803702406739746,16,419,435
23,0.99,embedding_0.99,LogisticRegression,leaked-only,0.7321332904746598,0.9600643259179844,0.5588426908591712,13,287,300
23,1.0,embedding_1.0,RandomForest,baseline,0.6578530863048133,0.9602911009084694,0.3210739139458815,29,706,735
23,1.0,embedding_1.0,RandomForest,cleaned,0.6578530863048133,0.9602911009084694,0.3210739139458815,29,706,735
23,1.0,embedding_1.0,LogisticRegression,baseline,0.7201827378038832,0.9200937774738693,0.5163371291797363,29,706,735
23,1.0,embedding_1.0,LogisticRegression,cleaned,0.7201827378038832,0.9200937774738693,0.5163371291797363,29,706,735
