pair,threshold,leakage_method,classifier,subset,f1_macro,auc,mcc,support_buggy,support_clean,total
1,0.9,embedding_0.9,RandomForest,baseline,0.5438916316878701,0.8769742664578937,0.31127792594258635,148,397,545
1,0.9,embedding_0.9,RandomForest,cleaned,0.36681222707423583,0.8232825917252147,0.0,61,84,145
1,0.9,embedding_0.9,RandomForest,leaked-only,0.6302539285520091,0.8748485182328963,0.4235716211136077,87,313,400
1,0.9,embedding_0.9,LogisticRegression,baseline,0.7986560428149213,0.7745081353393696,0.6410369834953606,148,397,545
1,0.9,embedding_0.9,LogisticRegression,cleaned,0.7225765306122449,0.7277517564402811,0.49458709673397316,61,84,145
1,0.9,embedding_0.9,LogisticRegression,leaked-only,0.8316796598157334,0.7964452278653006,0.7086911742106713,87,313,400
1,0.91,embedding_0.91,RandomForest,baseline,0.5438916316878701,0.8769742664578937,0.31127792594258635,148,397,545
1,0.91,embedding_0.91,RandomForest,cleaned,0.3651452282157676,0.8182692307692309,0.0,65,88,153
1,0.91,embedding_0.91,RandomForest,leaked-only,0.6393536886895521,0.8736889304791984,0.4354743484996209,83,309,392
1,0.91,embedding_0.91,LogisticRegression,baseline,0.7986560428149213,0.7745081353393696,0.6410369834953606,148,397,545
1,0.91,embedding_0.91,LogisticRegression,cleaned,0.7232482863670983,0.7444055944055944,0.49851993505539144,65,88,153
1,0.91,embedding_0.91,LogisticRegression,leaked-only,0.834015525758645,0.7862907942449409,0.7121632763740487,83,309,392
1,0.92,embedding_0.92,RandomForest,baseline,0.5438916316878701,0.8769742664578937,0.31127792594258635,148,397,545
1,0.92,embedding_0.92,RandomForest,cleaned,0.3675889328063241,0.8271545498314877,0.0,67,93,160
1,0.92,embedding_0.92,RandomForest,leaked-only,0.6437313432835821,0.8717308317089019,0.4413981820576452,81,304,385
1,0.92,embedding_0.92,LogisticRegression,baseline,0.7986560428149213,0.7745081353393696,0.6410369834953606,148,397,545
1,0.92,embedding_0.92,LogisticRegression,cleaned,0.7344514325646401,0.7478735355480661,0.5174370079774957,67,93,160
1,0.92,embedding_0.92,LogisticRegression,leaked-only,0.829192546583851,0.7830165692007798,0.7047921864945659,81,304,385
1,0.93,embedding_0.93,RandomForest,baseline,0.5438916316878701,0.8769742664578937,0.31127792594258635,148,397,545
1,0.93,embedding_0.93,RandomForest,cleaned,0.36329588014981273,0.8444428753000989,0.0,73,97,170
1,0.93,embedding_0.93,RandomForest,leaked-only,0.6594447327451998,0.8620222222222222,0.4620423639315076,75,300,375
1,0.93,embedding_0.93,LogisticRegression,baseline,0.7986560428149213,0.7745081353393696,0.6410369834953606,148,397,545
1,0.93,embedding_0.93,LogisticRegression,cleaned,0.7553030303030304,0.7685355175822624,0.5531358165748093,73,97,170
1,0.93,embedding_0.93,LogisticRegression,leaked-only,0.813803376365442,0.7659555555555556,0.681385143869247,75,300,375
1,0.94,embedding_0.94,RandomForest,baseline,0.5438916316878701,0.8769742664578937,0.31127792594258635,148,397,545
1,0.94,embedding_0.94,RandomForest,cleaned,0.3727697072808969,0.856985294117647,0.08392972593204165,80,102,182
1,0.94,embedding_0.94,RandomForest,leaked-only,0.6702398255813954,0.8510967098703889,0.475754885416264,68,295,363
1,0.94,embedding_0.94,LogisticRegression,baseline,0.7986560428149213,0.7745081353393696,0.6410369834953606,148,397,545
1,0.94,embedding_0.94,LogisticRegression,cleaned,0.7622779519331244,0.7859068627450981,0.567113434031344,80,102,182
1,0.94,embedding_0.94,LogisticRegression,leaked-only,0.8060897435897436,0.7422233300099702,0.6695731979979512,68,295,363
1,0.95,embedding_0.95,RandomForest,baseline,0.5438916316878701,0.8769742664578937,0.31127792594258635,148,397,545
1,0.95,embedding_0.95,RandomForest,cleaned,0.37791783380018673,0.8690834767641996,0.08340058562309677,83,112,195
1,0.95,embedding_0.95,RandomForest,leaked-only,0.6787799496201988,0.8458569500674763,0.4875654942816269,65,285,350
1,0.95,embedding_0.95,LogisticRegression,baseline,0.7986560428149213,0.7745081353393696,0.6410369834953606,148,397,545
1,0.95,embedding_0.95,LogisticRegression,cleaned,0.7757073844030367,0.795933734939759,0.5898032013721894,83,112,195
1,0.95,embedding_0.95,LogisticRegression,leaked-only,0.7947709713024282,0.7303643724696357,0.6527565780818154,65,285,350
1,0.96,embedding_0.96,RandomForest,baseline,0.5438916316878701,0.8769742664578937,0.31127792594258635,148,397,545
1,0.96,embedding_0.96,RandomForest,cleaned,0.3840814737934613,0.8730361709901352,0.11125548256452666,92,119,211
1,0.96,embedding_0.96,RandomForest,leaked-only,0.7001036030850696,0.8261497944501541,0.5159685301546592,56,278,334
1,0.96,embedding_0.96,LogisticRegression,baseline,0.7986560428149213,0.7745081353393696,0.6410369834953606,148,397,545
1,0.96,embedding_0.96,LogisticRegression,cleaned,0.7795514736253857,0.7975886006576542,0.5987786906918255,92,119,211
1,0.96,embedding_0.96,LogisticRegression,leaked-only,0.782236523860601,0.7177543679342241,0.6337517171731212,56,278,334
1,0.97,embedding_0.97,RandomForest,baseline,0.5438916316878701,0.8769742664578937,0.31127792594258635,148,397,545
1,0.97,embedding_0.97,RandomForest,cleaned,0.3990994039407585,0.8806521739130434,0.13272912746114074,100,138,238
1,0.97,embedding_0.97,RandomForest,leaked-only,0.7209090909090909,0.8077139639639639,0.5446816698039227,48,259,307
1,0.97,embedding_0.97,LogisticRegression,baseline,0.7986560428149213,0.7745081353393696,0.6410369834953606,148,397,545
1,0.97,embedding_0.97,LogisticRegression,cleaned,0.7872522347454334,0.7939855072463767,0.613600190264026,100,138,238
1,0.97,embedding_0.97,LogisticRegression,leaked-only,0.7684766214177978,0.7139639639639639,0.613201647227567,48,259,307
1,0.98,embedding_0.98,RandomForest,baseline,0.5438916316878701,0.8769742664578937,0.31127792594258635,148,397,545
1,0.98,embedding_0.98,RandomForest,cleaned,0.44854994629430717,0.9030880106911034,0.19081774396373993,108,194,302
1,0.98,embedding_0.98,RandomForest,leaked-only,0.7141051897686174,0.7783251231527093,0.5355817641471342,40,203,243
1,0.98,embedding_0.98,LogisticRegression,baseline,0.7986560428149213,0.7745081353393696,0.6410369834953606,148,397,545
1,0.98,embedding_0.98,LogisticRegression,cleaned,0.810062893081761,0.8040759831996945,0.6526010714370806,108,194,302
1,0.98,embedding_0.98,LogisticRegression,leaked-only,0.7291666666666666,0.6773399014778326,0.5570116773763585,40,203,243
1,0.99,embedding_0.99,RandomForest,baseline,0.5438916316878701,0.8769742664578937,0.31127792594258635,148,397,545
1,0.99,embedding_0.99,RandomForest,cleaned,0.5020325203252033,0.8862287927821908,0.2558905519375103,132,309,441
1,0.99,embedding_0.99,RandomForest,leaked-only,0.7800235017626322,0.7787642045454546,0.6300057273508276,16,88,104
1,0.99,embedding_0.99,LogisticRegression,baseline,0.7986560428149213,0.7745081353393696,0.6410369834953606,148,397,545
1,0.99,embedding_0.99,LogisticRegression,cleaned,0.7975363925950516,0.7820682553692263,0.6372717037178407,132,309,441
1,0.99,embedding_0.99,LogisticRegression,leaked-only,0.7800235017626322,0.6867897727272726,0.6300057273508276,16,88,104
1,1.0,embedding_1.0,RandomForest,baseline,0.5438916316878701,0.8769742664578937,0.31127792594258635,148,397,545
1,1.0,embedding_1.0,RandomForest,cleaned,0.5438916316878701,0.8769742664578937,0.31127792594258635,148,397,545
1,1.0,embedding_1.0,LogisticRegression,baseline,0.7986560428149213,0.7745081353393696,0.6410369834953606,148,397,545
1,1.0,embedding_1.0,LogisticRegression,cleaned,0.7986560428149213,0.7745081353393696,0.6410369834953606,148,397,545
2,0.9,embedding_0.9,RandomForest,baseline,0.6246888794965718,0.8296241757427577,0.43748396468384015,264,409,673
2,0.9,embedding_0.9,RandomForest,cleaned,0.3794615452074016,0.700497211583686,0.14582967981539047,121,123,244
2,0.9,embedding_0.9,RandomForest,leaked-only,0.7681961563175419,0.9261944349356936,0.6191391873668903,143,286,429
2,0.9,embedding_0.9,LogisticRegression,baseline,0.7691447263760738,0.7840816477735792,0.5654994858062025,264,409,673
2,0.9,embedding_0.9,LogisticRegression,cleaned,0.6085814515133887,0.6127124907612712,0.2770383849749023,121,123,244
2,0.9,embedding_0.9,LogisticRegression,leaked-only,0.8694588137798869,0.8792361484669179,0.7500208852564054,143,286,429
2,0.91,embedding_0.91,RandomForest,baseline,0.6246888794965718,0.8296241757427577,0.43748396468384015,264,409,673
2,0.91,embedding_0.91,RandomForest,cleaned,0.3792422636490222,0.6973266446532893,0.14428077502005646,124,127,251
2,0.91,embedding_0.91,RandomForest,leaked-only,0.7742380288588329,0.927545592705167,0.6274768807987013,140,282,422
2,0.91,embedding_0.91,LogisticRegression,baseline,0.7691447263760738,0.7840816477735792,0.5654994858062025,264,409,673
2,0.91,embedding_0.91,LogisticRegression,cleaned,0.6115003744695016,0.6144272288544576,0.2796249098270531,124,127,251
2,0.91,embedding_0.91,LogisticRegression,leaked-only,0.8724159013188393,0.8828267477203646,0.7564469528545341,140,282,422
2,0.92,embedding_0.92,RandomForest,baseline,0.6246888794965718,0.8296241757427577,0.43748396468384015,264,409,673
2,0.92,embedding_0.92,RandomForest,cleaned,0.3908153701968135,0.7021144278606966,0.158498768977961,126,134,260
2,0.92,embedding_0.92,RandomForest,leaked-only,0.773645474475415,0.9280895915678524,0.6267173423315842,138,275,413
2,0.92,embedding_0.92,LogisticRegression,baseline,0.7691447263760738,0.7840816477735792,0.5654994858062025,264,409,673
2,0.92,embedding_0.92,LogisticRegression,cleaned,0.6228886913395406,0.6247334754797441,0.29988760644571605,126,134,260
2,0.92,embedding_0.92,LogisticRegression,leaked-only,0.8700467789641501,0.8815810276679842,0.7521134730192762,138,275,413
2,0.93,embedding_0.93,RandomForest,baseline,0.6246888794965718,0.8296241757427577,0.43748396468384015,264,409,673
2,0.93,embedding_0.93,RandomForest,cleaned,0.3925,0.7147247681246913,0.16557913476619557,133,137,270
2,0.93,embedding_0.93,RandomForest,leaked-only,0.78575225943647,0.9256707453973956,0.6434526100339524,131,272,403
2,0.93,embedding_0.93,LogisticRegression,baseline,0.7691447263760738,0.7840816477735792,0.5654994858062025,264,409,673
2,0.93,embedding_0.93,LogisticRegression,cleaned,0.6329159212880143,0.6349267328906207,0.3158726195714269,133,137,270
2,0.93,embedding_0.93,LogisticRegression,leaked-only,0.8702035068796861,0.8848226313426133,0.7535236437232204,131,272,403
2,0.94,embedding_0.94,RandomForest,baseline,0.6246888794965718,0.8296241757427577,0.43748396468384015,264,409,673
2,0.94,embedding_0.94,RandomForest,cleaned,0.4148210843090233,0.7266078991431104,0.201068902639151,142,143,285
2,0.94,embedding_0.94,RandomForest,leaked-only,0.7906251429094069,0.9286330580549735,0.6501139680860815,122,266,388
2,0.94,embedding_0.94,LogisticRegression,baseline,0.7691447263760738,0.7840816477735792,0.5654994858062025,264,409,673
2,0.94,embedding_0.94,LogisticRegression,cleaned,0.6469754434356204,0.6558652614990642,0.3430801225051313,142,143,285
2,0.94,embedding_0.94,LogisticRegression,leaked-only,0.8688573242211652,0.8796992481203006,0.750424888941605,122,266,388
2,0.95,embedding_0.95,RandomForest,baseline,0.6246888794965718,0.8296241757427577,0.43748396468384015,264,409,673
2,0.95,embedding_0.95,RandomForest,cleaned,0.4379239841306379,0.7376470588235294,0.23378624584213972,153,150,303
2,0.95,embedding_0.95,RandomForest,leaked-only,0.7967854589166727,0.9277366169258061,0.6586051045662217,111,259,370
2,0.95,embedding_0.95,LogisticRegression,baseline,0.7691447263760738,0.7840816477735792,0.5654994858062025,264,409,673
2,0.95,embedding_0.95,LogisticRegression,cleaned,0.6641211971917724,0.6798257080610022,0.3720748043094719,153,150,303
2,0.95,embedding_0.95,LogisticRegression,leaked-only,0.8642201834862386,0.8692128421858151,0.7433641549577039,111,259,370
2,0.96,embedding_0.96,RandomForest,baseline,0.6246888794965718,0.8296241757427577,0.43748396468384015,264,409,673
2,0.96,embedding_0.96,RandomForest,cleaned,0.4554765291607397,0.7464646464646465,0.254000254000381,165,165,330
2,0.96,embedding_0.96,RandomForest,leaked-only,0.8107272927932899,0.9359993376386818,0.6786178429610825,99,244,343
2,0.96,embedding_0.96,LogisticRegression,baseline,0.7691447263760738,0.7840816477735792,0.5654994858062025,264,409,673
2,0.96,embedding_0.96,LogisticRegression,cleaned,0.6692636435838282,0.687309458218549,0.3801391732312643,165,165,330
2,0.96,embedding_0.96,LogisticRegression,leaked-only,0.8767959770114943,0.881023348236463,0.7682368076413684,99,244,343
2,0.97,embedding_0.97,RandomForest,baseline,0.6246888794965718,0.8296241757427577,0.43748396468384015,264,409,673
2,0.97,embedding_0.97,RandomForest,cleaned,0.49067599067599066,0.7759751773049645,0.29327985252216837,180,188,368
2,0.97,embedding_0.97,RandomForest,leaked-only,0.8142628205128205,0.9249892264598146,0.6835739871036818,84,221,305
2,0.97,embedding_0.97,LogisticRegression,baseline,0.7691447263760738,0.7840816477735792,0.5654994858062025,264,409,673
2,0.97,embedding_0.97,LogisticRegression,cleaned,0.7004602335399948,0.7153959810874706,0.43455039127032374,180,188,368
2,0.97,embedding_0.97,LogisticRegression,leaked-only,0.8584178134499334,0.8639840551605258,0.7386123898543462,84,221,305
2,0.98,embedding_0.98,RandomForest,baseline,0.6246888794965718,0.8296241757427577,0.43748396468384015,264,409,673
2,0.98,embedding_0.98,RandomForest,cleaned,0.5211321164710996,0.7994021739130434,0.32415450348866,200,230,430
2,0.98,embedding_0.98,RandomForest,leaked-only,0.8386948529411764,0.9113564944134078,0.7200313340065274,64,179,243
2,0.98,embedding_0.98,LogisticRegression,baseline,0.7691447263760738,0.7840816477735792,0.5654994858062025,264,409,673
2,0.98,embedding_0.98,LogisticRegression,cleaned,0.7172912557527942,0.7352826086956522,0.467556275164454,200,230,430
2,0.98,embedding_0.98,LogisticRegression,leaked-only,0.8707446808510639,0.8708973463687151,0.760433219317427,64,179,243
2,0.99,embedding_0.99,RandomForest,baseline,0.6246888794965718,0.8296241757427577,0.43748396468384015,264,409,673
2,0.99,embedding_0.99,RandomForest,cleaned,0.5891584766584766,0.82439965951733,0.3959167997006198,239,349,588
2,0.99,embedding_0.99,RandomForest,leaked-only,0.8735119047619048,0.8836666666666668,0.7745966692414833,25,60,85
2,0.99,embedding_0.99,LogisticRegression,baseline,0.7691447263760738,0.7840816477735792,0.5654994858062025,264,409,673
2,0.99,embedding_0.99,LogisticRegression,cleaned,0.7570831531921026,0.7706897171835848,0.5425154389801858,239,349,588
2,0.99,embedding_0.99,LogisticRegression,leaked-only,0.8599157663431606,0.8753333333333334,0.7397820634362386,25,60,85
2,1.0,embedding_1.0,RandomForest,baseline,0.6246888794965718,0.8296241757427577,0.43748396468384015,264,409,673
2,1.0,embedding_1.0,RandomForest,cleaned,0.6246888794965718,0.8296241757427577,0.43748396468384015,264,409,673
2,1.0,embedding_1.0,LogisticRegression,baseline,0.7691447263760738,0.7840816477735792,0.5654994858062025,264,409,673
2,1.0,embedding_1.0,LogisticRegression,cleaned,0.7691447263760738,0.7840816477735792,0.5654994858062025,264,409,673
3,0.9,embedding_0.9,RandomForest,baseline,0.7171074564430335,0.8922763609836166,0.5556168968396441,334,394,728
3,0.9,embedding_0.9,RandomForest,cleaned,0.430398322851153,0.8398140321217245,0.25877458475338283,91,52,143
3,0.9,embedding_0.9,RandomForest,leaked-only,0.7912031462128364,0.8844547926744157,0.652914329123375,243,342,585
3,0.9,embedding_0.9,LogisticRegression,baseline,0.7634790777782128,0.8182011611295176,0.5458559673485727,334,394,728
3,0.9,embedding_0.9,LogisticRegression,cleaned,0.6505062596638236,0.7051986475063396,0.32511025834396995,91,52,143
3,0.9,embedding_0.9,LogisticRegression,leaked-only,0.7842627993986024,0.8602748297355186,0.5869634782771025,243,342,585
3,0.91,embedding_0.91,RandomForest,baseline,0.7171074564430335,0.8922763609836166,0.5556168968396441,334,394,728
3,0.91,embedding_0.91,RandomForest,cleaned,0.4424479703276324,0.8220486111111112,0.26526119002773,99,64,163
3,0.91,embedding_0.91,RandomForest,leaked-only,0.7990753911806543,0.8968343004513217,0.6639810660040506,235,330,565
3,0.91,embedding_0.91,LogisticRegression,baseline,0.7634790777782128,0.8182011611295176,0.5458559673485727,334,394,728
3,0.91,embedding_0.91,LogisticRegression,cleaned,0.6548699334543254,0.708175505050505,0.3389697926881772,99,64,163
3,0.91,embedding_0.91,LogisticRegression,leaked-only,0.7907576492135315,0.8634945196647323,0.5980915083909523,235,330,565
3,0.92,embedding_0.92,RandomForest,baseline,0.7171074564430335,0.8922763609836166,0.5556168968396441,334,394,728
3,0.92,embedding_0.92,RandomForest,cleaned,0.45429104477611937,0.8068478260869565,0.27404162864289255,115,80,195
3,0.92,embedding_0.92,RandomForest,leaked-only,0.8152292152292152,0.9108861937585435,0.6870012795012945,219,314,533
3,0.92,embedding_0.92,LogisticRegression,baseline,0.7634790777782128,0.8182011611295176,0.5458559673485727,334,394,728
3,0.92,embedding_0.92,LogisticRegression,cleaned,0.6563741090450015,0.7014130434782608,0.35145897614465527,115,80,195
3,0.92,embedding_0.92,LogisticRegression,leaked-only,0.8004945385252317,0.8737457464444638,0.6140492451732363,219,314,533
3,0.93,embedding_0.93,RandomForest,baseline,0.7171074564430335,0.8922763609836166,0.5556168968396441,334,394,728
3,0.93,embedding_0.93,RandomForest,cleaned,0.47765765765765766,0.8053231627296588,0.2948374702412631,127,96,223
3,0.93,embedding_0.93,RandomForest,leaked-only,0.8235710337202875,0.9217083292805499,0.6991289225889892,207,298,505
3,0.93,embedding_0.93,LogisticRegression,baseline,0.7634790777782128,0.8182011611295176,0.5458559673485727,334,394,728
3,0.93,embedding_0.93,LogisticRegression,cleaned,0.6629994559632473,0.7025098425196851,0.3725413440089658,127,96,223
3,0.93,embedding_0.93,LogisticRegression,leaked-only,0.8074304080187394,0.8794540090133903,0.624676111488697,207,298,505
3,0.94,embedding_0.94,RandomForest,baseline,0.7171074564430335,0.8922763609836166,0.5556168968396441,334,394,728
3,0.94,embedding_0.94,RandomForest,cleaned,0.49191889509256537,0.7903010924593659,0.3087983842558637,139,108,247
3,0.94,embedding_0.94,RandomForest,leaked-only,0.8335047801986184,0.9356733010579165,0.7137439588831582,195,286,481
3,0.94,embedding_0.94,LogisticRegression,baseline,0.7634790777782128,0.8182011611295176,0.5458559673485727,334,394,728
3,0.94,embedding_0.94,LogisticRegression,cleaned,0.6586601737299289,0.7117639221955768,0.3649335891094045,139,108,247
3,0.94,embedding_0.94,LogisticRegression,leaked-only,0.8175940656332088,0.8810292271830733,0.6433992382992442,195,286,481
3,0.95,embedding_0.95,RandomForest,baseline,0.7171074564430335,0.8922763609836166,0.5556168968396441,334,394,728
3,0.95,embedding_0.95,RandomForest,cleaned,0.5069648093841642,0.7927090376380438,0.32559988862240197,153,116,269
3,0.95,embedding_0.95,RandomForest,leaked-only,0.8437602995445237,0.9430720616876664,0.7290325591624724,181,278,459
3,0.95,embedding_0.95,LogisticRegression,baseline,0.7634790777782128,0.8182011611295176,0.5458559673485727,334,394,728
3,0.95,embedding_0.95,LogisticRegression,cleaned,0.6610354902585265,0.7188415596123506,0.3675896789588089,153,116,269
3,0.95,embedding_0.95,LogisticRegression,leaked-only,0.8232848232848233,0.8856671568822291,0.6541734209234269,181,278,459
3,0.96,embedding_0.96,RandomForest,baseline,0.7171074564430335,0.8922763609836166,0.5556168968396441,334,394,728
3,0.96,embedding_0.96,RandomForest,cleaned,0.5432905845508996,0.8120751341681574,0.3637869769777178,172,130,302
3,0.96,embedding_0.96,RandomForest,leaked-only,0.8475771825802494,0.9448536288814066,0.734720909471627,162,264,426
3,0.96,embedding_0.96,LogisticRegression,baseline,0.7634790777782128,0.8182011611295176,0.5458559673485727,334,394,728
3,0.96,embedding_0.96,LogisticRegression,cleaned,0.671894033339552,0.72804114490161,0.38329256580161514,172,130,302
3,0.96,embedding_0.96,LogisticRegression,leaked-only,0.8268450268450269,0.8903853348297792,0.6616325087347559,162,264,426
3,0.97,embedding_0.97,RandomForest,baseline,0.7171074564430335,0.8922763609836166,0.5556168968396441,334,394,728
3,0.97,embedding_0.97,RandomForest,cleaned,0.5723031336482822,0.8348465653153153,0.39402561305781003,192,148,340
3,0.97,embedding_0.97,RandomForest,leaked-only,0.8538606403013183,0.9399833963128363,0.7442410881935785,142,246,388
3,0.97,embedding_0.97,LogisticRegression,baseline,0.7634790777782128,0.8182011611295176,0.5458559673485727,334,394,728
3,0.97,embedding_0.97,LogisticRegression,cleaned,0.6819567627494457,0.7381404842342343,0.4020230839890417,192,148,340
3,0.97,embedding_0.97,LogisticRegression,leaked-only,0.8328927436362016,0.8923050498110616,0.6723680809819605,142,246,388
3,0.98,embedding_0.98,RandomForest,baseline,0.7171074564430335,0.8922763609836166,0.5556168968396441,334,394,728
3,0.98,embedding_0.98,RandomForest,cleaned,0.6173341848371499,0.8707915492342313,0.43933149153937445,219,209,428
3,0.98,embedding_0.98,RandomForest,leaked-only,0.8628815194759027,0.9275440658049354,0.7583232173079774,115,185,300
3,0.98,embedding_0.98,LogisticRegression,baseline,0.7634790777782128,0.8182011611295176,0.5458559673485727,334,394,728
3,0.98,embedding_0.98,LogisticRegression,cleaned,0.708477542182819,0.7601756570754409,0.44704312816363756,219,209,428
3,0.98,embedding_0.98,LogisticRegression,leaked-only,0.8435054773082942,0.8989894242068155,0.6933960975963009,115,185,300
3,0.99,embedding_0.99,RandomForest,baseline,0.7171074564430335,0.8922763609836166,0.5556168968396441,334,394,728
3,0.99,embedding_0.99,RandomForest,cleaned,0.6766605839416058,0.8877220716651611,0.5061230390174302,287,324,611
3,0.99,embedding_0.99,RandomForest,leaked-only,0.9168574812475325,0.9314589665653494,0.8464052406520047,47,70,117
3,0.99,embedding_0.99,LogisticRegression,baseline,0.7634790777782128,0.8182011611295176,0.5458559673485727,334,394,728
3,0.99,embedding_0.99,LogisticRegression,cleaned,0.738135858009108,0.7958123628855336,0.4976001155652953,287,324,611
3,0.99,embedding_0.99,LogisticRegression,leaked-only,0.8993666432090077,0.9209726443768996,0.8060896497461929,47,70,117
3,1.0,embedding_1.0,RandomForest,baseline,0.7171074564430335,0.8922763609836166,0.5556168968396441,334,394,728
3,1.0,embedding_1.0,RandomForest,cleaned,0.7171074564430335,0.8922763609836166,0.5556168968396441,334,394,728
3,1.0,embedding_1.0,LogisticRegression,baseline,0.7634790777782128,0.8182011611295176,0.5458559673485727,334,394,728
3,1.0,embedding_1.0,LogisticRegression,cleaned,0.7634790777782128,0.8182011611295176,0.5458559673485727,334,394,728
4,0.9,embedding_0.9,RandomForest,baseline,0.7978695276943109,0.9170667351901527,0.6352629568445222,353,452,805
4,0.9,embedding_0.9,RandomForest,cleaned,0.6560222477943998,0.8607657657657658,0.462496486518629,111,100,211
4,0.9,embedding_0.9,RandomForest,leaked-only,0.8488906325187653,0.933326681066867,0.7135439871830059,242,352,594
4,0.9,embedding_0.9,LogisticRegression,baseline,0.7586719462383053,0.8198062122389631,0.5176878809335392,353,452,805
4,0.9,embedding_0.9,LogisticRegression,cleaned,0.6919431279620853,0.7256756756756757,0.38765765765765764,111,100,211
4,0.9,embedding_0.9,LogisticRegression,leaked-only,0.7815082240700675,0.8605371900826446,0.5654529975992854,242,352,594
4,0.91,embedding_0.91,RandomForest,baseline,0.7978695276943109,0.9170667351901527,0.6352629568445222,353,452,805
4,0.91,embedding_0.91,RandomForest,cleaned,0.6703441191576784,0.8572273013871374,0.48224727397123096,122,104,226
4,0.91,embedding_0.91,RandomForest,leaked-only,0.8492933184101616,0.9355563019356123,0.7135877528078969,231,348,579
4,0.91,embedding_0.91,LogisticRegression,baseline,0.7586719462383053,0.8198062122389631,0.5176878809335392,353,452,805
4,0.91,embedding_0.91,LogisticRegression,cleaned,0.6943970838967606,0.7364438839848676,0.3920970285419138,122,104,226
4,0.91,embedding_0.91,LogisticRegression,leaked-only,0.7818140040746925,0.8598671443499031,0.5662161187118869,231,348,579
4,0.92,embedding_0.92,RandomForest,baseline,0.7978695276943109,0.9170667351901527,0.6352629568445222,353,452,805
4,0.92,embedding_0.92,RandomForest,cleaned,0.6767426587860024,0.8624855324074074,0.4910463758239913,128,108,236
4,0.92,embedding_0.92,RandomForest,leaked-only,0.849995944192083,0.9350452196382429,0.7143999676346613,225,344,569
4,0.92,embedding_0.92,LogisticRegression,baseline,0.7586719462383053,0.8198062122389631,0.5176878809335392,353,452,805
4,0.92,embedding_0.92,LogisticRegression,cleaned,0.6988876309594407,0.7384982638888888,0.40203540179995156,128,108,236
4,0.92,embedding_0.92,LogisticRegression,leaked-only,0.781379693577836,0.8609173126614987,0.565930285710714,225,344,569
4,0.93,embedding_0.93,RandomForest,baseline,0.7978695276943109,0.9170667351901527,0.6352629568445222,353,452,805
4,0.93,embedding_0.93,RandomForest,cleaned,0.6929400757680333,0.867244770248525,0.5054033242396788,141,119,260
4,0.93,embedding_0.93,RandomForest,leaked-only,0.8501501099815707,0.9354991784237067,0.714958740489697,212,333,545
4,0.93,embedding_0.93,LogisticRegression,baseline,0.7586719462383053,0.8198062122389631,0.5176878809335392,353,452,805
4,0.93,embedding_0.93,LogisticRegression,cleaned,0.7036313304022146,0.7358603015674355,0.41196766366983767,141,119,260
4,0.93,embedding_0.93,LogisticRegression,leaked-only,0.7825211926895197,0.8696951668649782,0.5691000728344411,212,333,545
4,0.94,embedding_0.94,RandomForest,baseline,0.7978695276943109,0.9170667351901527,0.6352629568445222,353,452,805
4,0.94,embedding_0.94,RandomForest,cleaned,0.7012061780522356,0.875451743197279,0.5168778460165931,147,128,275
4,0.94,embedding_0.94,RandomForest,leaked-only,0.850150791656195,0.934713232650126,0.7144646630647346,206,324,530
4,0.94,embedding_0.94,LogisticRegression,baseline,0.7586719462383053,0.8198062122389631,0.5176878809335392,353,452,805
4,0.94,embedding_0.94,LogisticRegression,cleaned,0.7089947089947091,0.7445790816326532,0.42167596949539626,147,128,275
4,0.94,embedding_0.94,LogisticRegression,leaked-only,0.7821139643806252,0.8689769866954333,0.5682069768707968,206,324,530
4,0.95,embedding_0.95,RandomForest,baseline,0.7978695276943109,0.9170667351901527,0.6352629568445222,353,452,805
4,0.95,embedding_0.95,RandomForest,cleaned,0.7196969696969697,0.8824405443797829,0.5421541079331816,157,139,296
4,0.95,embedding_0.95,RandomForest,leaked-only,0.8452165272548944,0.9334778639890461,0.7051722605510171,196,313,509
4,0.95,embedding_0.95,LogisticRegression,baseline,0.7586719462383053,0.8198062122389631,0.5176878809335392,353,452,805
4,0.95,embedding_0.95,LogisticRegression,cleaned,0.7160995661109842,0.7529212298950648,0.4345584373618975,157,139,296
4,0.95,embedding_0.95,LogisticRegression,leaked-only,0.7804913110145668,0.869645302210341,0.5646713287367531,196,313,509
4,0.96,embedding_0.96,RandomForest,baseline,0.7978695276943109,0.9170667351901527,0.6352629568445222,353,452,805
4,0.96,embedding_0.96,RandomForest,cleaned,0.7326616682286785,0.8843704066634004,0.5505548434406616,169,157,326
4,0.96,embedding_0.96,RandomForest,leaked-only,0.8440004860857941,0.9347089167280768,0.7047985304745269,184,295,479
4,0.96,embedding_0.96,LogisticRegression,baseline,0.7586719462383053,0.8198062122389631,0.5176878809335392,353,452,805
4,0.96,embedding_0.96,LogisticRegression,cleaned,0.7085203903963256,0.7557381374137867,0.4176946727547688,169,157,326
4,0.96,embedding_0.96,LogisticRegression,leaked-only,0.7897382985559583,0.8737840825350037,0.5821342331699773,184,295,479
4,0.97,embedding_0.97,RandomForest,baseline,0.7978695276943109,0.9170667351901527,0.6352629568445222,353,452,805
4,0.97,embedding_0.97,RandomForest,cleaned,0.7321109655911417,0.8910241820768137,0.5483501713670248,190,185,375
4,0.97,embedding_0.97,RandomForest,leaked-only,0.8576424628756825,0.9347211690907837,0.7276958398428909,163,267,430
4,0.97,embedding_0.97,LogisticRegression,baseline,0.7586719462383053,0.8198062122389631,0.5176878809335392,353,452,805
4,0.97,embedding_0.97,LogisticRegression,cleaned,0.7226646945044943,0.763669985775249,0.44549385597822927,190,185,375
4,0.97,embedding_0.97,LogisticRegression,leaked-only,0.7864029442976812,0.8749569173502447,0.5751548444565132,163,267,430
4,0.98,embedding_0.98,RandomForest,baseline,0.7978695276943109,0.9170667351901527,0.6352629568445222,353,452,805
4,0.98,embedding_0.98,RandomForest,cleaned,0.7395833333333333,0.8958534155902576,0.5634531167555057,234,266,500
4,0.98,embedding_0.98,RandomForest,leaked-only,0.8916319957821865,0.9326149814764615,0.7850177514221806,119,186,305
4,0.98,embedding_0.98,LogisticRegression,baseline,0.7586719462383053,0.8198062122389631,0.5176878809335392,353,452,805
4,0.98,embedding_0.98,LogisticRegression,cleaned,0.7256828894201697,0.7824047297731509,0.452675644995171,234,266,500
4,0.98,embedding_0.98,LogisticRegression,leaked-only,0.809645390070922,0.8768410590042467,0.6194632082397907,119,186,305
4,0.99,embedding_0.99,RandomForest,baseline,0.7978695276943109,0.9170667351901527,0.6352629568445222,353,452,805
4,0.99,embedding_0.99,RandomForest,cleaned,0.7802541208791209,0.9118027440395862,0.6066235500417023,312,399,711
4,0.99,embedding_0.99,RandomForest,leaked-only,0.9230139230139229,0.9295904279797514,0.8516127843223252,41,53,94
4,0.99,embedding_0.99,LogisticRegression,baseline,0.7586719462383053,0.8198062122389631,0.5176878809335392,353,452,805
4,0.99,embedding_0.99,LogisticRegression,cleaned,0.7471267583120205,0.809539875329349,0.4950233378875459,312,399,711
4,0.99,embedding_0.99,LogisticRegression,leaked-only,0.8466200466200466,0.8844914864242983,0.6964813480907799,41,53,94
4,1.0,embedding_1.0,RandomForest,baseline,0.7978695276943109,0.9170667351901527,0.6352629568445222,353,452,805
4,1.0,embedding_1.0,RandomForest,cleaned,0.7978695276943109,0.9170667351901527,0.6352629568445222,353,452,805
4,1.0,embedding_1.0,LogisticRegression,baseline,0.7586719462383053,0.8198062122389631,0.5176878809335392,353,452,805
4,1.0,embedding_1.0,LogisticRegression,cleaned,0.7586719462383053,0.8198062122389631,0.5176878809335392,353,452,805
5,0.9,embedding_0.9,RandomForest,baseline,0.8338546221767639,0.9181364931364931,0.6698311853211126,312,495,807
5,0.9,embedding_0.9,RandomForest,cleaned,0.736,0.8086277521761392,0.4720942140296979,63,62,125
5,0.9,embedding_0.9,RandomForest,leaked-only,0.8509728661548985,0.9334891529165159,0.704920695639455,249,433,682
5,0.9,embedding_0.9,LogisticRegression,baseline,0.7819631547200161,0.8562224812224812,0.5735883328022526,312,495,807
5,0.9,embedding_0.9,LogisticRegression,cleaned,0.7412008281573499,0.7785458269329236,0.49644580772409297,63,62,125
5,0.9,embedding_0.9,LogisticRegression,leaked-only,0.7864784599971375,0.8699555728688426,0.5820647034641105,249,433,682
5,0.91,embedding_0.91,RandomForest,baseline,0.8338546221767639,0.9181364931364931,0.6698311853211126,312,495,807
5,0.91,embedding_0.91,RandomForest,cleaned,0.7353767560664113,0.8127172357391127,0.47082871169352886,73,67,140
5,0.91,embedding_0.91,RandomForest,leaked-only,0.8527682459414445,0.9352246509991007,0.70871310552055,239,428,667
5,0.91,embedding_0.91,LogisticRegression,baseline,0.7819631547200161,0.8562224812224812,0.5735883328022526,312,495,807
5,0.91,embedding_0.91,LogisticRegression,cleaned,0.7394540942928041,0.7736659169903906,0.48666051151763856,73,67,140
5,0.91,embedding_0.91,LogisticRegression,leaked-only,0.7871209987796864,0.8728737340163455,0.5846264391844601,239,428,667
5,0.92,embedding_0.92,RandomForest,baseline,0.8338546221767639,0.9181364931364931,0.6698311853211126,312,495,807
5,0.92,embedding_0.92,RandomForest,cleaned,0.7507739938080495,0.8212739641311071,0.5017809484949507,84,77,161
5,0.92,embedding_0.92,RandomForest,leaked-only,0.8513354360980628,0.9377255938890288,0.7069766911085414,228,418,646
5,0.92,embedding_0.92,LogisticRegression,baseline,0.7819631547200161,0.8562224812224812,0.5735883328022526,312,495,807
5,0.92,embedding_0.92,LogisticRegression,cleaned,0.7287332001097135,0.7770562770562771,0.4672803813341155,84,77,161
5,0.92,embedding_0.92,LogisticRegression,leaked-only,0.7903204297558091,0.8743389574414504,0.5906093584101261,228,418,646
5,0.93,embedding_0.93,RandomForest,baseline,0.8338546221767639,0.9181364931364931,0.6698311853211126,312,495,807
5,0.93,embedding_0.93,RandomForest,cleaned,0.7478162862778247,0.8272841051314144,0.4956794960493679,94,85,179
5,0.93,embedding_0.93,RandomForest,leaked-only,0.8547909729929708,0.938750279704632,0.7139194759513193,218,410,628
5,0.93,embedding_0.93,LogisticRegression,baseline,0.7819631547200161,0.8562224812224812,0.5735883328022526,312,495,807
5,0.93,embedding_0.93,LogisticRegression,cleaned,0.7394303797468355,0.774468085106383,0.4856930690354439,94,85,179
5,0.93,embedding_0.93,LogisticRegression,leaked-only,0.7885521885521884,0.8770194674423808,0.5881404740760117,218,410,628
5,0.94,embedding_0.94,RandomForest,baseline,0.8338546221767639,0.9181364931364931,0.6698311853211126,312,495,807
5,0.94,embedding_0.94,RandomForest,cleaned,0.7727559386167753,0.8581636465533347,0.5455479986332588,106,101,207
5,0.94,embedding_0.94,RandomForest,leaked-only,0.8506433823529411,0.936856241683505,0.7060830722083701,206,394,600
5,0.94,embedding_0.94,LogisticRegression,baseline,0.7819631547200161,0.8562224812224812,0.5735883328022526,312,495,807
5,0.94,embedding_0.94,LogisticRegression,cleaned,0.7614814814814814,0.79562861946572,0.5290718661838513,106,101,207
5,0.94,embedding_0.94,LogisticRegression,leaked-only,0.7833737917511793,0.8728500320339065,0.5783370030983239,206,394,600
5,0.95,embedding_0.95,RandomForest,baseline,0.8338546221767639,0.9181364931364931,0.6698311853211126,312,495,807
5,0.95,embedding_0.95,RandomForest,cleaned,0.7824113578184855,0.8643199651264167,0.5648511792569055,124,111,235
5,0.95,embedding_0.95,RandomForest,leaked-only,0.8476862180640519,0.9376939273049646,0.7001138009048641,188,384,572
5,0.95,embedding_0.95,LogisticRegression,baseline,0.7819631547200161,0.8562224812224812,0.5735883328022526,312,495,807
5,0.95,embedding_0.95,LogisticRegression,cleaned,0.7716731745769858,0.8073234524847428,0.548185056889432,124,111,235
5,0.95,embedding_0.95,LogisticRegression,leaked-only,0.7772461752433936,0.8684895833333335,0.5674441974157998,188,384,572
5,0.96,embedding_0.96,RandomForest,baseline,0.8338546221767639,0.9181364931364931,0.6698311853211126,312,495,807
5,0.96,embedding_0.96,RandomForest,cleaned,0.7752347604647462,0.8713282247765006,0.554180074555441,162,145,307
5,0.96,embedding_0.96,RandomForest,leaked-only,0.8634519350811486,0.9406095238095238,0.7283419954321396,150,350,500
5,0.96,embedding_0.96,LogisticRegression,baseline,0.7819631547200161,0.8562224812224812,0.5735883328022526,312,495,807
5,0.96,embedding_0.96,LogisticRegression,cleaned,0.7704648380757071,0.8111536824180502,0.5419887071224737,162,145,307
5,0.96,embedding_0.96,LogisticRegression,leaked-only,0.7769848349687778,0.8818857142857143,0.575445792885503,150,350,500
5,0.97,embedding_0.97,RandomForest,baseline,0.8338546221767639,0.9181364931364931,0.6698311853211126,312,495,807
5,0.97,embedding_0.97,RandomForest,cleaned,0.7914909147476052,0.8899109862909369,0.5889489702583046,202,208,410
5,0.97,embedding_0.97,RandomForest,leaked-only,0.8735346585117227,0.9420177383592018,0.7471371191419033,110,287,397
5,0.97,embedding_0.97,LogisticRegression,baseline,0.7819631547200161,0.8562224812224812,0.5735883328022526,312,495,807
5,0.97,embedding_0.97,LogisticRegression,cleaned,0.7728667163067758,0.8281130997715157,0.5498085912011172,202,208,410
5,0.97,embedding_0.97,LogisticRegression,leaked-only,0.7745501858201607,0.8828001267025657,0.5699276719512849,110,287,397
5,0.98,embedding_0.98,RandomForest,baseline,0.8338546221767639,0.9181364931364931,0.6698311853211126,312,495,807
5,0.98,embedding_0.98,RandomForest,cleaned,0.8119213233848545,0.9027122641509434,0.629501158486406,256,318,574
5,0.98,embedding_0.98,RandomForest,leaked-only,0.8865186051042275,0.9506658595641647,0.775031501422914,56,177,233
5,0.98,embedding_0.98,LogisticRegression,baseline,0.7819631547200161,0.8562224812224812,0.5735883328022526,312,495,807
5,0.98,embedding_0.98,LogisticRegression,cleaned,0.7713432527193167,0.8410352790880504,0.5491442875159868,256,318,574
5,0.98,embedding_0.98,LogisticRegression,leaked-only,0.7880549331085129,0.8913438256658596,0.6017915158278169,56,177,233
5,0.99,embedding_0.99,RandomForest,baseline,0.8338546221767639,0.9181364931364931,0.6698311853211126,312,495,807
5,0.99,embedding_0.99,RandomForest,cleaned,0.8313654461945266,0.9188618178548953,0.665753381281389,294,454,748
5,0.99,embedding_0.99,RandomForest,leaked-only,0.8659526127880558,0.9254742547425474,0.7375420814358545,18,41,59
5,0.99,embedding_0.99,LogisticRegression,baseline,0.7819631547200161,0.8562224812224812,0.5735883328022526,312,495,807
5,0.99,embedding_0.99,LogisticRegression,cleaned,0.7791531799492608,0.8509469867242051,0.5673933225528001,294,454,748
5,0.99,embedding_0.99,LogisticRegression,leaked-only,0.8151629072681704,0.9281842818428184,0.6502826053108801,18,41,59
5,1.0,embedding_1.0,RandomForest,baseline,0.8338546221767639,0.9181364931364931,0.6698311853211126,312,495,807
5,1.0,embedding_1.0,RandomForest,cleaned,0.8338546221767639,0.9181364931364931,0.6698311853211126,312,495,807
5,1.0,embedding_1.0,LogisticRegression,baseline,0.7819631547200161,0.8562224812224812,0.5735883328022526,312,495,807
5,1.0,embedding_1.0,LogisticRegression,cleaned,0.7819631547200161,0.8562224812224812,0.5735883328022526,312,495,807
6,0.9,embedding_0.9,RandomForest,baseline,0.8468899521531101,0.9211019490254873,0.6940133966324202,290,414,704
6,0.9,embedding_0.9,RandomForest,cleaned,0.7492712810631885,0.8045098039215686,0.4992263849766553,60,85,145
6,0.9,embedding_0.9,RandomForest,leaked-only,0.8721396250808016,0.9426721289811022,0.7444282411609935,230,329,559
6,0.9,embedding_0.9,LogisticRegression,baseline,0.7631749522066968,0.8354656005330667,0.530019757214062,290,414,704
6,0.9,embedding_0.9,LogisticRegression,cleaned,0.6815317035905271,0.7396078431372548,0.37996721454588916,60,85,145
6,0.9,embedding_0.9,LogisticRegression,leaked-only,0.7843815376569038,0.8649927315977269,0.5704522848975432,230,329,559
6,0.91,embedding_0.91,RandomForest,baseline,0.8468899521531101,0.9211019490254873,0.6940133966324202,290,414,704
6,0.91,embedding_0.91,RandomForest,cleaned,0.7604437296383356,0.8115942028985508,0.5209508902770522,69,88,157
6,0.91,embedding_0.91,RandomForest,leaked-only,0.8721539078715574,0.9439316547761153,0.7446171662727397,221,326,547
6,0.91,embedding_0.91,LogisticRegression,baseline,0.7631749522066968,0.8354656005330667,0.530019757214062,290,414,704
6,0.91,embedding_0.91,LogisticRegression,cleaned,0.6814123376623377,0.7272727272727272,0.37713546874881293,69,88,157
6,0.91,embedding_0.91,LogisticRegression,leaked-only,0.786181593745714,0.8702495627793354,0.5741451441571082,221,326,547
6,0.92,embedding_0.92,RandomForest,baseline,0.8468899521531101,0.9211019490254873,0.6940133966324202,290,414,704
6,0.92,embedding_0.92,RandomForest,cleaned,0.7625701397293432,0.8153846153846153,0.5251966233924182,75,91,166
6,0.92,embedding_0.92,RandomForest,leaked-only,0.8733975577349856,0.9449204406364748,0.7471177398362358,215,323,538
6,0.92,embedding_0.92,LogisticRegression,baseline,0.7631749522066968,0.8354656005330667,0.530019757214062,290,414,704
6,0.92,embedding_0.92,LogisticRegression,cleaned,0.6927599346761024,0.7393406593406594,0.3969266935809632,75,91,166
6,0.92,embedding_0.92,LogisticRegression,leaked-only,0.7840531679472015,0.8683562531499748,0.5701609668126315,215,323,538
6,0.93,embedding_0.93,RandomForest,baseline,0.8468899521531101,0.9211019490254873,0.6940133966324202,290,414,704
6,0.93,embedding_0.93,RandomForest,cleaned,0.7671321097157577,0.8232092696629214,0.5343091920988128,89,96,185
6,0.93,embedding_0.93,RandomForest,leaked-only,0.8753509065495994,0.9466582183422511,0.7510571829164568,201,318,519
6,0.93,embedding_0.93,LogisticRegression,baseline,0.7631749522066968,0.8354656005330667,0.530019757214062,290,414,704
6,0.93,embedding_0.93,LogisticRegression,cleaned,0.6913146570650741,0.7326779026217229,0.3918061207239562,89,96,185
6,0.93,embedding_0.93,LogisticRegression,leaked-only,0.7862117286540883,0.8734315842172784,0.5746710153856344,201,318,519
6,0.94,embedding_0.94,RandomForest,baseline,0.8468899521531101,0.9211019490254873,0.6940133966324202,290,414,704
6,0.94,embedding_0.94,RandomForest,cleaned,0.7693362523155387,0.8273208273208272,0.5387095527621975,99,105,204
6,0.94,embedding_0.94,RandomForest,leaked-only,0.8784000000000001,0.9485165794066318,0.7571884812961475,191,309,500
6,0.94,embedding_0.94,LogisticRegression,baseline,0.7631749522066968,0.8354656005330667,0.530019757214062,290,414,704
6,0.94,embedding_0.94,LogisticRegression,cleaned,0.6950231481481481,0.7326599326599326,0.4010136436845233,99,105,204
6,0.94,embedding_0.94,LogisticRegression,leaked-only,0.7871416885089901,0.8775817956929124,0.5760208103478,191,309,500
6,0.95,embedding_0.95,RandomForest,baseline,0.8468899521531101,0.9211019490254873,0.6940133966324202,290,414,704
6,0.95,embedding_0.95,RandomForest,cleaned,0.784418673803152,0.8450018580453363,0.568954006273597,115,117,232
6,0.95,embedding_0.95,RandomForest,leaked-only,0.8765116279069768,0.9483597883597884,0.7533499373362227,175,297,472
6,0.95,embedding_0.95,LogisticRegression,baseline,0.7631749522066968,0.8354656005330667,0.530019757214062,290,414,704
6,0.95,embedding_0.95,LogisticRegression,cleaned,0.7092568692366683,0.7508732813080639,0.43036068993998233,115,117,232
6,0.95,embedding_0.95,LogisticRegression,leaked-only,0.7829144203733469,0.8769215969215969,0.5671358580615756,175,297,472
6,0.96,embedding_0.96,RandomForest,baseline,0.8468899521531101,0.9211019490254873,0.6940133966324202,290,414,704
6,0.96,embedding_0.96,RandomForest,cleaned,0.8007135853578822,0.8640522875816993,0.6017762117342029,136,135,271
6,0.96,embedding_0.96,RandomForest,leaked-only,0.8732791721296123,0.9471093422706327,0.7467355514260275,154,279,433
6,0.96,embedding_0.96,LogisticRegression,baseline,0.7631749522066968,0.8354656005330667,0.530019757214062,290,414,704
6,0.96,embedding_0.96,LogisticRegression,cleaned,0.7330049261083744,0.7704248366013071,0.4725592311961513,136,135,271
6,0.96,embedding_0.96,LogisticRegression,leaked-only,0.7731538426495376,0.8712935809710004,0.548673728970848,154,279,433
6,0.97,embedding_0.97,RandomForest,baseline,0.8468899521531101,0.9211019490254873,0.6940133966324202,290,414,704
6,0.97,embedding_0.97,RandomForest,cleaned,0.8035490931832395,0.880148065198457,0.6095784498212289,171,188,359
6,0.97,embedding_0.97,RandomForest,leaked-only,0.8922112769242079,0.9510857440321261,0.7850617755228322,119,226,345
6,0.97,embedding_0.97,LogisticRegression,baseline,0.7631749522066968,0.8354656005330667,0.530019757214062,290,414,704
6,0.97,embedding_0.97,LogisticRegression,cleaned,0.7269156731246895,0.7791464476794825,0.4549609625803275,171,188,359
6,0.97,embedding_0.97,LogisticRegression,leaked-only,0.7969429977883998,0.8951067152524727,0.6024997683326919,119,226,345
6,0.98,embedding_0.98,RandomForest,baseline,0.8468899521531101,0.9211019490254873,0.6940133966324202,290,414,704
6,0.98,embedding_0.98,RandomForest,cleaned,0.8213348577426247,0.894939534883721,0.6451932092770802,215,250,465
6,0.98,embedding_0.98,RandomForest,leaked-only,0.8966588050314466,0.9686178861788618,0.7972351559408105,75,164,239
6,0.98,embedding_0.98,LogisticRegression,baseline,0.7631749522066968,0.8354656005330667,0.530019757214062,290,414,704
6,0.98,embedding_0.98,LogisticRegression,cleaned,0.7409278312223749,0.7989953488372094,0.4821040156356298,215,250,465
6,0.98,embedding_0.98,LogisticRegression,leaked-only,0.8030711610486891,0.9136585365853659,0.6314066042855909,75,164,239
6,0.99,embedding_0.99,RandomForest,baseline,0.8468899521531101,0.9211019490254873,0.6940133966324202,290,414,704
6,0.99,embedding_0.99,RandomForest,cleaned,0.8455807724100407,0.9157510867648128,0.69232419453918,267,361,628
6,0.99,embedding_0.99,RandomForest,leaked-only,0.8563869992441421,0.9885151763740772,0.735410202370597,23,53,76
6,0.99,embedding_0.99,LogisticRegression,baseline,0.7631749522066968,0.8354656005330667,0.530019757214062,290,414,704
6,0.99,embedding_0.99,LogisticRegression,cleaned,0.767292490118577,0.8301223193999191,0.5358788042935086,267,361,628
6,0.99,embedding_0.99,LogisticRegression,leaked-only,0.7275985663082437,0.9097621000820344,0.5270382766342476,23,53,76
6,1.0,embedding_1.0,RandomForest,baseline,0.8468899521531101,0.9211019490254873,0.6940133966324202,290,414,704
6,1.0,embedding_1.0,RandomForest,cleaned,0.8468899521531101,0.9211019490254873,0.6940133966324202,290,414,704
6,1.0,embedding_1.0,LogisticRegression,baseline,0.7631749522066968,0.8354656005330667,0.530019757214062,290,414,704
6,1.0,embedding_1.0,LogisticRegression,cleaned,0.7631749522066968,0.8354656005330667,0.530019757214062,290,414,704
7,0.9,embedding_0.9,RandomForest,baseline,0.8268865843849194,0.9082962535706437,0.6541396950942057,296,492,788
7,0.9,embedding_0.9,RandomForest,cleaned,0.7590940288263555,0.8800295311923219,0.5355735959846767,105,129,234
7,0.9,embedding_0.9,RandomForest,leaked-only,0.8564027908463081,0.9240405001947125,0.7139110040667571,191,363,554
7,0.9,embedding_0.9,LogisticRegression,baseline,0.715775493955517,0.7984302900461437,0.439478027566102,296,492,788
7,0.9,embedding_0.9,LogisticRegression,cleaned,0.7108820329356225,0.7477297895902547,0.42179043686658757,105,129,234
7,0.9,embedding_0.9,LogisticRegression,leaked-only,0.7168268247802085,0.8270087836960753,0.4495899736617858,191,363,554
7,0.91,embedding_0.91,RandomForest,baseline,0.8268865843849194,0.9082962535706437,0.6541396950942057,296,492,788
7,0.91,embedding_0.91,RandomForest,cleaned,0.7692808754559666,0.8813956433637284,0.5511585765195747,112,141,253
7,0.91,embedding_0.91,RandomForest,leaked-only,0.8549576347231078,0.923758206366902,0.7107667540282814,184,351,535
7,0.91,embedding_0.91,LogisticRegression,baseline,0.715775493955517,0.7984302900461437,0.439478027566102,296,492,788
7,0.91,embedding_0.91,LogisticRegression,cleaned,0.7243617071668798,0.7629179331306991,0.4489306781668993,112,141,253
7,0.91,embedding_0.91,LogisticRegression,leaked-only,0.7104470188988357,0.8199089557785209,0.4366535610788694,184,351,535
7,0.92,embedding_0.92,RandomForest,baseline,0.8268865843849194,0.9082962535706437,0.6541396950942057,296,492,788
7,0.92,embedding_0.92,RandomForest,cleaned,0.7722368667444507,0.8817113622308427,0.5566309051185437,121,147,268
7,0.92,embedding_0.92,RandomForest,leaked-only,0.8559298554409296,0.9265590062111801,0.7129498645210105,175,345,520
7,0.92,embedding_0.92,LogisticRegression,baseline,0.715775493955517,0.7984302900461437,0.439478027566102,296,492,788
7,0.92,embedding_0.92,LogisticRegression,cleaned,0.7212570978804745,0.7628605161072693,0.442514195760949,121,147,268
7,0.92,embedding_0.92,LogisticRegression,leaked-only,0.7113701379104223,0.824215320910973,0.4414781368909682,175,345,520
7,0.93,embedding_0.93,RandomForest,baseline,0.8268865843849194,0.9082962535706437,0.6541396950942057,296,492,788
7,0.93,embedding_0.93,RandomForest,cleaned,0.7741207121146331,0.8823643410852713,0.5587383482221944,129,160,289
7,0.93,embedding_0.93,RandomForest,leaked-only,0.858434696265825,0.9268631411875046,0.7180612571955961,167,332,499
7,0.93,embedding_0.93,LogisticRegression,baseline,0.715775493955517,0.7984302900461437,0.439478027566102,296,492,788
7,0.93,embedding_0.93,LogisticRegression,cleaned,0.7199612403100775,0.7627422480620156,0.43992248062015504,129,160,289
7,0.93,embedding_0.93,LogisticRegression,leaked-only,0.7119581017708996,0.8287100497799582,0.4442942507468876,167,332,499
7,0.94,embedding_0.94,RandomForest,baseline,0.8268865843849194,0.9082962535706437,0.6541396950942057,296,492,788
7,0.94,embedding_0.94,RandomForest,cleaned,0.7816125654450261,0.890951797385621,0.5714549747563324,136,180,316
7,0.94,embedding_0.94,RandomForest,leaked-only,0.8580996830998062,0.9243088942307692,0.7173073537928059,160,312,472
7,0.94,embedding_0.94,LogisticRegression,baseline,0.715775493955517,0.7984302900461437,0.439478027566102,296,492,788
7,0.94,embedding_0.94,LogisticRegression,cleaned,0.7328444104914693,0.7774101307189543,0.46582466009366436,136,180,316
7,0.94,embedding_0.94,LogisticRegression,leaked-only,0.7033117553241393,0.8190705128205128,0.42667184945497694,160,312,472
7,0.95,embedding_0.95,RandomForest,baseline,0.8268865843849194,0.9082962535706437,0.6541396950942057,296,492,788
7,0.95,embedding_0.95,RandomForest,cleaned,0.7891492631137809,0.8972058622106561,0.5839908297843867,149,196,345
7,0.95,embedding_0.95,RandomForest,leaked-only,0.857055516872442,0.9214929214929215,0.7149701977333869,147,296,443
7,0.95,embedding_0.95,LogisticRegression,baseline,0.715775493955517,0.7984302900461437,0.439478027566102,296,492,788
7,0.95,embedding_0.95,LogisticRegression,cleaned,0.7412735205890373,0.7899260375291055,0.48300625994580165,149,196,345
7,0.95,embedding_0.95,LogisticRegression,leaked-only,0.6938198183717753,0.8069727891156462,0.40785244897353207,147,296,443
7,0.96,embedding_0.96,RandomForest,baseline,0.8268865843849194,0.9082962535706437,0.6541396950942057,296,492,788
7,0.96,embedding_0.96,RandomForest,cleaned,0.7921643573817487,0.8956852205074852,0.5878136352580597,158,219,377
7,0.96,embedding_0.96,RandomForest,leaked-only,0.8596532702915681,0.921656845569889,0.7197502991390263,138,273,411
7,0.96,embedding_0.96,LogisticRegression,baseline,0.715775493955517,0.7984302900461437,0.439478027566102,296,492,788
7,0.96,embedding_0.96,LogisticRegression,cleaned,0.7355862819191572,0.7920062424137333,0.47270705664404716,158,219,377
7,0.96,embedding_0.96,LogisticRegression,leaked-only,0.6958792694983864,0.8044805436109784,0.41004032648715955,138,273,411
7,0.97,embedding_0.97,RandomForest,baseline,0.8268865843849194,0.9082962535706437,0.6541396950942057,296,492,788
7,0.97,embedding_0.97,RandomForest,cleaned,0.8050253839727524,0.9098674706362665,0.6152453781390352,183,261,444
7,0.97,embedding_0.97,RandomForest,leaked-only,0.8557463820111638,0.9146649810366625,0.7144243345692831,113,231,344
7,0.97,embedding_0.97,LogisticRegression,baseline,0.715775493955517,0.7984302900461437,0.439478027566102,296,492,788
7,0.97,embedding_0.97,LogisticRegression,cleaned,0.7366986412534593,0.8058329669409375,0.4738960238115635,183,261,444
7,0.97,embedding_0.97,LogisticRegression,leaked-only,0.6880299361655293,0.7855035819637589,0.40653100842935486,113,231,344
7,0.98,embedding_0.98,RandomForest,baseline,0.8268865843849194,0.9082962535706437,0.6541396950942057,296,492,788
7,0.98,embedding_0.98,RandomForest,cleaned,0.8039360167019741,0.8986413225353055,0.610916448332864,223,335,558
7,0.98,embedding_0.98,RandomForest,leaked-only,0.8843155335736441,0.9268388447779426,0.774495810034952,73,157,230
7,0.98,embedding_0.98,LogisticRegression,baseline,0.715775493955517,0.7984302900461437,0.439478027566102,296,492,788
7,0.98,embedding_0.98,LogisticRegression,cleaned,0.7229834385797689,0.7976039087075832,0.447216190557233,223,335,558
7,0.98,embedding_0.98,LogisticRegression,leaked-only,0.6981449922626393,0.8073466538696449,0.44496858572874226,73,157,230
7,0.99,embedding_0.99,RandomForest,baseline,0.8268865843849194,0.9082962535706437,0.6541396950942057,296,492,788
7,0.99,embedding_0.99,RandomForest,cleaned,0.8213475895304572,0.9027322148280064,0.6434643729394116,282,454,736
7,0.99,embedding_0.99,RandomForest,leaked-only,0.9097222222222222,0.9924812030075189,0.8342100651206135,14,38,52
7,0.99,embedding_0.99,LogisticRegression,baseline,0.715775493955517,0.7984302900461437,0.439478027566102,296,492,788
7,0.99,embedding_0.99,LogisticRegression,cleaned,0.719785575048733,0.7962242634423721,0.44499928347352613,282,454,736
7,0.99,embedding_0.99,LogisticRegression,leaked-only,0.6577622919086333,0.8590225563909775,0.4105134629438423,14,38,52
7,1.0,embedding_1.0,RandomForest,baseline,0.8268865843849194,0.9082962535706437,0.6541396950942057,296,492,788
7,1.0,embedding_1.0,RandomForest,cleaned,0.8268865843849194,0.9082962535706437,0.6541396950942057,296,492,788
7,1.0,embedding_1.0,LogisticRegression,baseline,0.715775493955517,0.7984302900461437,0.439478027566102,296,492,788
7,1.0,embedding_1.0,LogisticRegression,cleaned,0.715775493955517,0.7984302900461437,0.439478027566102,296,492,788
8,0.9,embedding_0.9,RandomForest,baseline,0.8449029161245627,0.9269132402124729,0.6908290260185332,312,391,703
8,0.9,embedding_0.9,RandomForest,cleaned,0.7120103078652301,0.8130516328331862,0.4353937166108007,103,88,191
8,0.9,embedding_0.9,RandomForest,leaked-only,0.8948947526331581,0.9560061269284822,0.7897895052663161,209,303,512
8,0.9,embedding_0.9,LogisticRegression,baseline,0.7592197395754168,0.8248655649550791,0.5264949855820931,312,391,703
8,0.9,embedding_0.9,LogisticRegression,cleaned,0.721324354657688,0.7843115622241837,0.45074463998649583,103,88,191
8,0.9,embedding_0.9,LogisticRegression,leaked-only,0.7686166206377103,0.8406366952484722,0.5454782965927364,209,303,512
8,0.91,embedding_0.91,RandomForest,baseline,0.8449029161245627,0.9269132402124729,0.6908290260185332,312,391,703
8,0.91,embedding_0.91,RandomForest,cleaned,0.7203540220589887,0.8225121907169948,0.45012262661625885,113,98,211
8,0.91,embedding_0.91,RandomForest,leaked-only,0.8987428610629942,0.9580153326358757,0.7974857221259883,199,293,492
8,0.91,embedding_0.91,LogisticRegression,baseline,0.7592197395754168,0.8248655649550791,0.5264949855820931,312,391,703
8,0.91,embedding_0.91,LogisticRegression,cleaned,0.714609935581486,0.7779483474805852,0.4367240352602691,113,98,211
8,0.91,embedding_0.91,LogisticRegression,leaked-only,0.7732718894009216,0.8460733702642907,0.5550723178195581,199,293,492
8,0.92,embedding_0.92,RandomForest,baseline,0.8449029161245627,0.9269132402124729,0.6908290260185332,312,391,703
8,0.92,embedding_0.92,RandomForest,cleaned,0.7391107078039927,0.8426684881602915,0.4854106931095407,122,108,230
8,0.92,embedding_0.92,RandomForest,leaked-only,0.8965485148422703,0.956602194532267,0.7931056773745563,190,283,473
8,0.92,embedding_0.92,LogisticRegression,baseline,0.7592197395754168,0.8248655649550791,0.5264949855820931,312,391,703
8,0.92,embedding_0.92,LogisticRegression,cleaned,0.7251137327473205,0.7962962962962963,0.45945675512007034,122,108,230
8,0.92,embedding_0.92,LogisticRegression,leaked-only,0.7700848139045742,0.8400409150083691,0.5479164304688935,190,283,473
8,0.93,embedding_0.93,RandomForest,baseline,0.8449029161245627,0.9269132402124729,0.6908290260185332,312,391,703
8,0.93,embedding_0.93,RandomForest,cleaned,0.7447478991596639,0.8522588522588523,0.49445982135824246,126,117,243
8,0.93,embedding_0.93,RandomForest,leaked-only,0.8981895445088752,0.9558806216152579,0.7964614821296414,186,274,460
8,0.93,embedding_0.93,LogisticRegression,baseline,0.7592197395754168,0.8248655649550791,0.5264949855820931,312,391,703
8,0.93,embedding_0.93,LogisticRegression,cleaned,0.7328202308960967,0.7985347985347986,0.47587771715965965,126,117,243
8,0.93,embedding_0.93,LogisticRegression,leaked-only,0.7681796583649707,0.8396515187190958,0.5435573936642717,186,274,460
8,0.94,embedding_0.94,RandomForest,baseline,0.8449029161245627,0.9269132402124729,0.6908290260185332,312,391,703
8,0.94,embedding_0.94,RandomForest,cleaned,0.7711896720775684,0.875,0.5465075417408471,144,127,271
8,0.94,embedding_0.94,RandomForest,leaked-only,0.8900595510765003,0.9521780303030302,0.7802141146567075,168,264,432
8,0.94,embedding_0.94,LogisticRegression,baseline,0.7592197395754168,0.8248655649550791,0.5264949855820931,312,391,703
8,0.94,embedding_0.94,LogisticRegression,cleaned,0.7523263542705217,0.8154527559055118,0.5115123842661796,144,127,271
8,0.94,embedding_0.94,LogisticRegression,leaked-only,0.7563932002956393,0.8285984848484849,0.5219967167951223,168,264,432
8,0.95,embedding_0.95,RandomForest,baseline,0.8449029161245627,0.9269132402124729,0.6908290260185332,312,391,703
8,0.95,embedding_0.95,RandomForest,cleaned,0.8023135715761206,0.9014269989779071,0.6073010902389095,161,158,319
8,0.95,embedding_0.95,RandomForest,leaked-only,0.8793659860059975,0.9457550521558707,0.7589420654011593,151,233,384
8,0.95,embedding_0.95,LogisticRegression,baseline,0.7592197395754168,0.8248655649550791,0.5264949855820931,312,391,703
8,0.95,embedding_0.95,LogisticRegression,cleaned,0.7731152204836416,0.8393348533689755,0.5523873221020761,161,158,319
8,0.95,embedding_0.95,LogisticRegression,leaked-only,0.7428601014807912,0.8077196373248444,0.4957623368972609,151,233,384
8,0.96,embedding_0.96,RandomForest,baseline,0.8449029161245627,0.9269132402124729,0.6908290260185332,312,391,703
8,0.96,embedding_0.96,RandomForest,cleaned,0.8094611940765787,0.9002998500749625,0.620193544320263,174,184,358
8,0.96,embedding_0.96,RandomForest,leaked-only,0.8811910038940741,0.9514632780228243,0.7631785892300947,138,207,345
8,0.96,embedding_0.96,LogisticRegression,baseline,0.7592197395754168,0.8248655649550791,0.5264949855820931,312,391,703
8,0.96,embedding_0.96,LogisticRegression,cleaned,0.7790382436813938,0.839236631684158,0.5645489143867505,174,184,358
8,0.96,embedding_0.96,LogisticRegression,leaked-only,0.7353933733296973,0.8037527130154729,0.4807727601294629,138,207,345
8,0.97,embedding_0.97,RandomForest,baseline,0.8449029161245627,0.9269132402124729,0.6908290260185332,312,391,703
8,0.97,embedding_0.97,RandomForest,cleaned,0.8154934104789457,0.906329948832747,0.6330996953783832,212,236,448
8,0.97,embedding_0.97,RandomForest,leaked-only,0.8969930036032252,0.9574193548387097,0.794016295067579,100,155,255
8,0.97,embedding_0.97,LogisticRegression,baseline,0.7592197395754168,0.8248655649550791,0.5264949855820931,312,391,703
8,0.97,embedding_0.97,LogisticRegression,cleaned,0.7767145135566188,0.8363247521586186,0.561399730619274,212,236,448
8,0.97,embedding_0.97,LogisticRegression,leaked-only,0.7239090523937297,0.7969677419354838,0.45617246516241006,100,155,255
8,0.98,embedding_0.98,RandomForest,baseline,0.8449029161245627,0.9269132402124729,0.6908290260185332,312,391,703
8,0.98,embedding_0.98,RandomForest,cleaned,0.8206219312602292,0.9105530738996875,0.6428628715009734,251,297,548
8,0.98,embedding_0.98,RandomForest,leaked-only,0.9324206487617719,0.964073944890129,0.8648412975235438,61,94,155
8,0.98,embedding_0.98,LogisticRegression,baseline,0.7592197395754168,0.8248655649550791,0.5264949855820931,312,391,703
8,0.98,embedding_0.98,LogisticRegression,cleaned,0.7553571428571428,0.8235609749553973,0.5165568860777259,251,297,548
8,0.98,embedding_0.98,LogisticRegression,leaked-only,0.7717615381379107,0.836414370422044,0.5626723324565706,61,94,155
8,0.99,embedding_0.99,RandomForest,baseline,0.8449029161245627,0.9269132402124729,0.6908290260185332,312,391,703
8,0.99,embedding_0.99,RandomForest,cleaned,0.8412394622920938,0.9241795122304239,0.6837448984048036,294,376,670
8,0.99,embedding_0.99,RandomForest,leaked-only,0.907735321528425,0.9814814814814815,0.8171869346823522,18,15,33
8,0.99,embedding_0.99,LogisticRegression,baseline,0.7592197395754168,0.8248655649550791,0.5264949855820931,312,391,703
8,0.99,embedding_0.99,LogisticRegression,cleaned,0.7634180790960452,0.8262230424084527,0.5334860280450422,294,376,670
8,0.99,embedding_0.99,LogisticRegression,leaked-only,0.6329625884732053,0.7481481481481481,0.33565855667130945,18,15,33
8,1.0,embedding_1.0,RandomForest,baseline,0.8449029161245627,0.9269132402124729,0.6908290260185332,312,391,703
8,1.0,embedding_1.0,RandomForest,cleaned,0.8449029161245627,0.9269132402124729,0.6908290260185332,312,391,703
8,1.0,embedding_1.0,LogisticRegression,baseline,0.7592197395754168,0.8248655649550791,0.5264949855820931,312,391,703
8,1.0,embedding_1.0,LogisticRegression,cleaned,0.7592197395754168,0.8248655649550791,0.5264949855820931,312,391,703
9,0.9,embedding_0.9,RandomForest,baseline,0.8977109472272771,0.9534409894386655,0.7957838749719625,323,389,712
9,0.9,embedding_0.9,RandomForest,cleaned,0.868421052631579,0.9379220779220778,0.7371428571428571,77,75,152
9,0.9,embedding_0.9,RandomForest,leaked-only,0.9054004885908831,0.9573170731707317,0.8111838728375385,246,314,560
9,0.9,embedding_0.9,LogisticRegression,baseline,0.7633709198813057,0.854719969438188,0.5291181053743798,323,389,712
9,0.9,embedding_0.9,LogisticRegression,cleaned,0.7953350996829258,0.8928138528138528,0.5940717883623262,77,75,152
9,0.9,embedding_0.9,LogisticRegression,leaked-only,0.7536216525204646,0.8423696338874217,0.5093911939379554,246,314,560
9,0.91,embedding_0.91,RandomForest,baseline,0.8977109472272771,0.9534409894386655,0.7957838749719625,323,389,712
9,0.91,embedding_0.91,RandomForest,cleaned,0.8727085705888835,0.937389770723104,0.7454812718257934,84,81,165
9,0.91,embedding_0.91,RandomForest,leaked-only,0.9048289978678039,0.9577922077922079,0.8101675000622711,239,308,547
9,0.91,embedding_0.91,LogisticRegression,baseline,0.7633709198813057,0.854719969438188,0.5291181053743798,323,389,712
9,0.91,embedding_0.91,LogisticRegression,cleaned,0.7867508585355046,0.8902116402116401,0.57824072622153,84,81,165
9,0.91,embedding_0.91,LogisticRegression,leaked-only,0.7548068983414726,0.8426343530946041,0.5114632636585243,239,308,547
9,0.92,embedding_0.92,RandomForest,baseline,0.8977109472272771,0.9534409894386655,0.7957838749719625,323,389,712
9,0.92,embedding_0.92,RandomForest,cleaned,0.8669117647058824,0.9291309669522644,0.7340367009407927,95,86,181
9,0.92,embedding_0.92,RandomForest,leaked-only,0.9071109944896353,0.9587169243240113,0.8151982137769349,228,303,531
9,0.92,embedding_0.92,LogisticRegression,baseline,0.7633709198813057,0.854719969438188,0.5291181053743798,323,389,712
9,0.92,embedding_0.92,LogisticRegression,cleaned,0.7765432098765432,0.8758873929008568,0.5579333494826915,95,86,181
9,0.92,embedding_0.92,LogisticRegression,leaked-only,0.7561353655386205,0.8458108968791617,0.5140447418534708,228,303,531
9,0.93,embedding_0.93,RandomForest,baseline,0.8977109472272771,0.9534409894386655,0.7957838749719625,323,389,712
9,0.93,embedding_0.93,RandomForest,cleaned,0.8790273556231003,0.9391194331983805,0.7582333213298711,104,95,199
9,0.93,embedding_0.93,RandomForest,leaked-only,0.903661971830986,0.95725002329699,0.8083697315499884,219,294,513
9,0.93,embedding_0.93,LogisticRegression,baseline,0.7633709198813057,0.854719969438188,0.5291181053743798,323,389,712
9,0.93,embedding_0.93,LogisticRegression,cleaned,0.7870030581039755,0.8871457489878544,0.5780548375032595,104,95,199
9,0.93,embedding_0.93,LogisticRegression,leaked-only,0.7513157894736842,0.8390488615537539,0.5045227653693337,219,294,513
9,0.94,embedding_0.94,RandomForest,baseline,0.8977109472272771,0.9534409894386655,0.7957838749719625,323,389,712
9,0.94,embedding_0.94,RandomForest,cleaned,0.8776609858148791,0.9399918300653595,0.7553579807983288,120,102,222
9,0.94,embedding_0.94,RandomForest,leaked-only,0.9047314550379995,0.9581795712397658,0.8101175865528606,203,287,490
9,0.94,embedding_0.94,LogisticRegression,baseline,0.7633709198813057,0.854719969438188,0.5291181053743798,323,389,712
9,0.94,embedding_0.94,LogisticRegression,cleaned,0.7937782548562228,0.8902777777777777,0.5915833726274515,120,102,222
9,0.94,embedding_0.94,LogisticRegression,leaked-only,0.7441970026866318,0.8336279844149603,0.4902448794775108,203,287,490
9,0.95,embedding_0.95,RandomForest,baseline,0.8977109472272771,0.9534409894386655,0.7957838749719625,323,389,712
9,0.95,embedding_0.95,RandomForest,cleaned,0.8821336127203254,0.9339122936683912,0.7643761386882243,132,123,255
9,0.95,embedding_0.95,RandomForest,leaked-only,0.9046403020667727,0.9597193244892336,0.810619608478542,191,266,457
9,0.95,embedding_0.95,LogisticRegression,baseline,0.7633709198813057,0.854719969438188,0.5291181053743798,323,389,712
9,0.95,embedding_0.95,LogisticRegression,cleaned,0.7978989572487529,0.8896279871889629,0.6030546120907543,132,123,255
9,0.95,embedding_0.95,LogisticRegression,leaked-only,0.7388609690700503,0.8282879974806125,0.47860705259858927,191,266,457
9,0.96,embedding_0.96,RandomForest,baseline,0.8977109472272771,0.9534409894386655,0.7957838749719625,323,389,712
9,0.96,embedding_0.96,RandomForest,cleaned,0.8775510204081632,0.9343761569788968,0.755183265457238,146,148,294
9,0.96,embedding_0.96,RandomForest,leaked-only,0.9109311740890689,0.9619640387275242,0.8234645808891393,177,241,418
9,0.96,embedding_0.96,LogisticRegression,baseline,0.7633709198813057,0.854719969438188,0.5291181053743798,323,389,712
9,0.96,embedding_0.96,LogisticRegression,cleaned,0.8057426362340177,0.8878193261754905,0.6157056345383136,146,148,294
9,0.96,embedding_0.96,LogisticRegression,leaked-only,0.7304369549682495,0.8211079072602387,0.46232343374393575,177,241,418
9,0.97,embedding_0.97,RandomForest,baseline,0.8977109472272771,0.9534409894386655,0.7957838749719625,323,389,712
9,0.97,embedding_0.97,RandomForest,cleaned,0.8680931906809319,0.9331150857021187,0.7367553624854967,186,202,388
9,0.97,embedding_0.97,RandomForest,leaked-only,0.9334031536601839,0.9708224364729303,0.8669749711324451,137,187,324
9,0.97,embedding_0.97,LogisticRegression,baseline,0.7633709198813057,0.854719969438188,0.5291181053743798,323,389,712
9,0.97,embedding_0.97,LogisticRegression,cleaned,0.7883842817995583,0.8693441924837644,0.5768105545668398,186,202,388
9,0.97,embedding_0.97,LogisticRegression,leaked-only,0.733103448275862,0.8282134353409578,0.475797041935747,137,187,324
9,0.98,embedding_0.98,RandomForest,baseline,0.8977109472272771,0.9534409894386655,0.7957838749719625,323,389,712
9,0.98,embedding_0.98,RandomForest,cleaned,0.8778107881908221,0.9406086956521739,0.7561914445325945,230,275,505
9,0.98,embedding_0.98,RandomForest,leaked-only,0.9462528030213619,0.9765610262214676,0.8925507599476861,93,114,207
9,0.98,embedding_0.98,LogisticRegression,baseline,0.7633709198813057,0.854719969438188,0.5291181053743798,323,389,712
9,0.98,embedding_0.98,LogisticRegression,cleaned,0.7882649832289096,0.8685217391304347,0.5765550697839151,230,275,505
9,0.98,embedding_0.98,LogisticRegression,leaked-only,0.6999158249158248,0.81739294472741,0.4299583772282282,93,114,207
9,0.99,embedding_0.99,RandomForest,baseline,0.8977109472272771,0.9534409894386655,0.7957838749719625,323,389,712
9,0.99,embedding_0.99,RandomForest,cleaned,0.8898439225502466,0.9487320534682876,0.7801036403715982,294,371,665
9,0.99,embedding_0.99,RandomForest,leaked-only,1.0,1.0,1.0,29,18,47
9,0.99,embedding_0.99,LogisticRegression,baseline,0.7633709198813057,0.854719969438188,0.5291181053743798,323,389,712
9,0.99,embedding_0.99,LogisticRegression,cleaned,0.7608871775265352,0.8507527000018336,0.5237805631774152,294,371,665
9,0.99,embedding_0.99,LogisticRegression,leaked-only,0.7631048387096775,0.9061302681992337,0.539621984373758,29,18,47
9,1.0,embedding_1.0,RandomForest,baseline,0.8977109472272771,0.9534409894386655,0.7957838749719625,323,389,712
9,1.0,embedding_1.0,RandomForest,cleaned,0.8977109472272771,0.9534409894386655,0.7957838749719625,323,389,712
9,1.0,embedding_1.0,LogisticRegression,baseline,0.7633709198813057,0.854719969438188,0.5291181053743798,323,389,712
9,1.0,embedding_1.0,LogisticRegression,cleaned,0.7633709198813057,0.854719969438188,0.5291181053743798,323,389,712
10,0.9,embedding_0.9,RandomForest,baseline,0.871630114595497,0.9520212258852794,0.7432922205607388,458,797,1255
10,0.9,embedding_0.9,RandomForest,cleaned,0.8142414712942063,0.9136191677175285,0.6284910115026083,183,286,469
10,0.9,embedding_0.9,RandomForest,leaked-only,0.9072370679789425,0.9681907133961929,0.8146019330137233,275,511,786
10,0.9,embedding_0.9,LogisticRegression,baseline,0.7602163601564451,0.8554431739108995,0.5254297675673861,458,797,1255
10,0.9,embedding_0.9,LogisticRegression,cleaned,0.715714173341292,0.8108066796591388,0.44277401484386975,183,286,469
10,0.9,embedding_0.9,LogisticRegression,leaked-only,0.7865810781644886,0.8859420032022773,0.5754304047866302,275,511,786
10,0.91,embedding_0.91,RandomForest,baseline,0.871630114595497,0.9520212258852794,0.7432922205607388,458,797,1255
10,0.91,embedding_0.91,RandomForest,cleaned,0.8189526450511946,0.9171029668411868,0.6379354340068468,191,294,485
10,0.91,embedding_0.91,RandomForest,leaked-only,0.9062472487641683,0.9678185568238509,0.812677378697414,267,503,770
10,0.91,embedding_0.91,LogisticRegression,baseline,0.7602163601564451,0.8554431739108995,0.5254297675673861,458,797,1255
10,0.91,embedding_0.91,LogisticRegression,cleaned,0.7212173860429335,0.8170032410870107,0.4531018538464679,191,294,485
10,0.91,embedding_0.91,LogisticRegression,leaked-only,0.7842572175039481,0.8836047386095413,0.5708835332478155,267,503,770
10,0.92,embedding_0.92,RandomForest,baseline,0.871630114595497,0.9520212258852794,0.7432922205607388,458,797,1255
10,0.92,embedding_0.92,RandomForest,cleaned,0.8200756661031957,0.9206654284099168,0.6402601471998417,203,305,508
10,0.92,embedding_0.92,RandomForest,leaked-only,0.9084067514517793,0.9676311174876454,0.8171417366851457,255,492,747
10,0.92,embedding_0.92,LogisticRegression,baseline,0.7602163601564451,0.8554431739108995,0.5254297675673861,458,797,1255
10,0.92,embedding_0.92,LogisticRegression,cleaned,0.7263695088915363,0.8249374141968828,0.4624949603133148,203,305,508
10,0.92,embedding_0.92,LogisticRegression,leaked-only,0.7821429126938452,0.8799697114618205,0.5668211628380003,255,492,747
10,0.93,embedding_0.93,RandomForest,baseline,0.871630114595497,0.9520212258852794,0.7432922205607388,458,797,1255
10,0.93,embedding_0.93,RandomForest,cleaned,0.8293514372381915,0.9274981162696343,0.6588018651015121,213,324,537
10,0.93,embedding_0.93,RandomForest,leaked-only,0.9046532638155675,0.9661388445441601,0.809660555064516,245,473,718
10,0.93,embedding_0.93,LogisticRegression,baseline,0.7602163601564451,0.8554431739108995,0.5254297675673861,458,797,1255
10,0.93,embedding_0.93,LogisticRegression,cleaned,0.7349157992722348,0.8322320755810584,0.47913227687230026,213,324,537
10,0.93,embedding_0.93,LogisticRegression,leaked-only,0.7778554184916326,0.8757820252836864,0.5582476289489604,245,473,718
10,0.94,embedding_0.94,RandomForest,baseline,0.871630114595497,0.9520212258852794,0.7432922205607388,458,797,1255
10,0.94,embedding_0.94,RandomForest,cleaned,0.8383273818765202,0.9338143687707641,0.6767445870741123,224,344,568
10,0.94,embedding_0.94,RandomForest,leaked-only,0.9002178649237473,0.9644063319560008,0.8008212860543445,234,453,687
10,0.94,embedding_0.94,LogisticRegression,baseline,0.7602163601564451,0.8554431739108995,0.5254297675673861,458,797,1255
10,0.94,embedding_0.94,LogisticRegression,cleaned,0.7454426097056002,0.8400254360465116,0.5001636172187613,224,344,568
10,0.94,embedding_0.94,LogisticRegression,leaked-only,0.770648327435401,0.8702194298220788,0.5436537448396873,234,453,687
10,0.95,embedding_0.95,RandomForest,baseline,0.871630114595497,0.9520212258852794,0.7432922205607388,458,797,1255
10,0.95,embedding_0.95,RandomForest,cleaned,0.8441871925296717,0.9395543580340772,0.6884969911701876,236,379,615
10,0.95,embedding_0.95,RandomForest,leaked-only,0.8989007636914295,0.9623906202853572,0.7983415963395512,222,418,640
10,0.95,embedding_0.95,LogisticRegression,baseline,0.7602163601564451,0.8554431739108995,0.5254297675673861,458,797,1255
10,0.95,embedding_0.95,LogisticRegression,cleaned,0.7552580071415229,0.8493470775010061,0.5205625141865122,236,379,615
10,0.95,embedding_0.95,LogisticRegression,leaked-only,0.7633536173089925,0.8623970860812966,0.5284133847517504,222,418,640
10,0.96,embedding_0.96,RandomForest,baseline,0.871630114595497,0.9520212258852794,0.7432922205607388,458,797,1255
10,0.96,embedding_0.96,RandomForest,cleaned,0.8484393220727005,0.9425666615585013,0.6969854087717243,248,421,669
10,0.96,embedding_0.96,RandomForest,leaked-only,0.8987132705972729,0.9609802431610942,0.7980527367096352,210,376,586
10,0.96,embedding_0.96,LogisticRegression,baseline,0.7602163601564451,0.8554431739108995,0.5254297675673861,458,797,1255
10,0.96,embedding_0.96,LogisticRegression,cleaned,0.7572484786572894,0.8515822542333922,0.5238756244462254,248,421,669
10,0.96,embedding_0.96,LogisticRegression,leaked-only,0.763042315205355,0.8611195542046606,0.5276967904343101,210,376,586
10,0.97,embedding_0.97,RandomForest,baseline,0.871630114595497,0.9520212258852794,0.7432922205607388,458,797,1255
10,0.97,embedding_0.97,RandomForest,cleaned,0.8461842425224932,0.9400659133709981,0.6924779480882551,295,504,799
10,0.97,embedding_0.97,RandomForest,leaked-only,0.9165686505136046,0.9669905148767772,0.8331476416093038,163,293,456
10,0.97,embedding_0.97,LogisticRegression,baseline,0.7602163601564451,0.8554431739108995,0.5254297675673861,458,797,1255
10,0.97,embedding_0.97,LogisticRegression,cleaned,0.7572094734542564,0.8484396018294322,0.5179456904382415,295,504,799
10,0.97,embedding_0.97,LogisticRegression,leaked-only,0.7654841377084889,0.8674385979605939,0.5391862636475084,163,293,456
10,0.98,embedding_0.98,RandomForest,baseline,0.871630114595497,0.9520212258852794,0.7432922205607388,458,797,1255
10,0.98,embedding_0.98,RandomForest,cleaned,0.8569596443228454,0.9476522707854401,0.7141373084584961,349,607,956
10,0.98,embedding_0.98,RandomForest,leaked-only,0.9177638266068759,0.9600676001931434,0.8361111057834903,109,190,299
10,0.98,embedding_0.98,LogisticRegression,baseline,0.7602163601564451,0.8554431739108995,0.5254297675673861,458,797,1255
10,0.98,embedding_0.98,LogisticRegression,cleaned,0.7636341476154824,0.8546045892476978,0.5288236628495605,349,607,956
10,0.98,embedding_0.98,LogisticRegression,leaked-only,0.747765617875057,0.861805890873974,0.5236962705597646,109,190,299
10,0.99,embedding_0.99,RandomForest,baseline,0.871630114595497,0.9520212258852794,0.7432922205607388,458,797,1255
10,0.99,embedding_0.99,RandomForest,cleaned,0.8663006436955698,0.9500590682300896,0.7326956304951671,421,756,1177
10,0.99,embedding_0.99,RandomForest,leaked-only,0.9358868979122144,0.9719841793012524,0.8745476772603924,37,41,78
10,0.99,embedding_0.99,LogisticRegression,baseline,0.7602163601564451,0.8554431739108995,0.5254297675673861,458,797,1255
10,0.99,embedding_0.99,LogisticRegression,cleaned,0.7579494589253428,0.8533819703653432,0.5198269316603327,421,756,1177
10,0.99,embedding_0.99,LogisticRegression,leaked-only,0.7667774086378738,0.8707976268951878,0.5714419662597413,37,41,78
10,1.0,embedding_1.0,RandomForest,baseline,0.871630114595497,0.9520212258852794,0.7432922205607388,458,797,1255
10,1.0,embedding_1.0,RandomForest,cleaned,0.871630114595497,0.9520212258852794,0.7432922205607388,458,797,1255
10,1.0,embedding_1.0,LogisticRegression,baseline,0.7602163601564451,0.8554431739108995,0.5254297675673861,458,797,1255
10,1.0,embedding_1.0,LogisticRegression,cleaned,0.7602163601564451,0.8554431739108995,0.5254297675673861,458,797,1255
11,0.9,embedding_0.9,RandomForest,baseline,0.8917395667555321,0.9475388337256754,0.783779202424233,293,419,712
11,0.9,embedding_0.9,RandomForest,cleaned,0.7479674796747967,0.8495934959349594,0.4959349593495935,41,21,62
11,0.9,embedding_0.9,RandomForest,leaked-only,0.9017910440367471,0.9530390045465422,0.8039590141108222,252,398,650
11,0.9,embedding_0.9,LogisticRegression,baseline,0.7667178110216084,0.8675132568198293,0.5400044654061621,293,419,712
11,0.9,embedding_0.9,LogisticRegression,cleaned,0.7119628339140535,0.8269454123112661,0.42392566782810687,41,21,62
11,0.9,embedding_0.9,LogisticRegression,leaked-only,0.7667878787878788,0.8701244316822206,0.5416192160979306,252,398,650
11,0.91,embedding_0.91,RandomForest,baseline,0.8917395667555321,0.9475388337256754,0.783779202424233,293,419,712
11,0.91,embedding_0.91,RandomForest,cleaned,0.7561558689935453,0.8541666666666666,0.5126992187895799,44,24,68
11,0.91,embedding_0.91,RandomForest,leaked-only,0.9023482910950942,0.9533323166082049,0.8050010615825488,249,395,644
11,0.91,embedding_0.91,LogisticRegression,baseline,0.7667178110216084,0.8675132568198293,0.5400044654061621,293,419,712
11,0.91,embedding_0.91,LogisticRegression,cleaned,0.7043478260869566,0.8210227272727273,0.41015087391103344,44,24,68
11,0.91,embedding_0.91,LogisticRegression,leaked-only,0.7674584252544938,0.8703675461339027,0.5424365815144078,249,395,644
11,0.92,embedding_0.92,RandomForest,baseline,0.8917395667555321,0.9475388337256754,0.783779202424233,293,419,712
11,0.92,embedding_0.92,RandomForest,cleaned,0.7897435897435897,0.8833333333333334,0.5794871794871795,52,30,82
11,0.92,embedding_0.92,RandomForest,leaked-only,0.9015570251523521,0.953519504208045,0.8035185945338703,241,389,630
11,0.92,embedding_0.92,LogisticRegression,baseline,0.7667178110216084,0.8675132568198293,0.5400044654061621,293,419,712
11,0.92,embedding_0.92,LogisticRegression,cleaned,0.7220338983050847,0.8487179487179487,0.4443131892779289,52,30,82
11,0.92,embedding_0.92,LogisticRegression,leaked-only,0.7667820373759678,0.8687772669575142,0.541803308638102,241,389,630
11,0.93,embedding_0.93,RandomForest,baseline,0.8917395667555321,0.9475388337256754,0.783779202424233,293,419,712
11,0.93,embedding_0.93,RandomForest,cleaned,0.8004847557086363,0.8930020283975659,0.6011860012495134,58,34,92
11,0.93,embedding_0.93,RandomForest,leaked-only,0.9012728011509021,0.9535009671179884,0.8028780089721064,235,385,620
11,0.93,embedding_0.93,LogisticRegression,baseline,0.7667178110216084,0.8675132568198293,0.5400044654061621,293,419,712
11,0.93,embedding_0.93,LogisticRegression,cleaned,0.7401129943502824,0.8671399594320486,0.48102957532012225,58,34,92
11,0.93,embedding_0.93,LogisticRegression,leaked-only,0.7640715610294669,0.8659629731970158,0.5362819051539721,235,385,620
11,0.94,embedding_0.94,RandomForest,baseline,0.8917395667555321,0.9475388337256754,0.783779202424233,293,419,712
11,0.94,embedding_0.94,RandomForest,cleaned,0.8316914852997328,0.9171489491318916,0.6635127986873854,67,49,116
11,0.94,embedding_0.94,RandomForest,leaked-only,0.9008790686623902,0.9524754843338914,0.802117416121101,226,370,596
11,0.94,embedding_0.94,LogisticRegression,baseline,0.7667178110216084,0.8675132568198293,0.5400044654061621,293,419,712
11,0.94,embedding_0.94,LogisticRegression,cleaned,0.7771801767191702,0.8790740176667681,0.5554620194633325,67,49,116
11,0.94,embedding_0.94,LogisticRegression,leaked-only,0.7598829036418706,0.8638364027744558,0.528123603393005,226,370,596
11,0.95,embedding_0.95,RandomForest,baseline,0.8917395667555321,0.9475388337256754,0.783779202424233,293,419,712
11,0.95,embedding_0.95,RandomForest,cleaned,0.8397381756756757,0.9048821548821548,0.6809021087799695,72,66,138
11,0.95,embedding_0.95,RandomForest,leaked-only,0.902912745295152,0.9541102124004973,0.8059761985632405,221,353,574
11,0.95,embedding_0.95,LogisticRegression,baseline,0.7667178110216084,0.8675132568198293,0.5400044654061621,293,419,712
11,0.95,embedding_0.95,LogisticRegression,cleaned,0.7803480475382003,0.8754208754208754,0.5660538783613636,72,66,138
11,0.95,embedding_0.95,LogisticRegression,leaked-only,0.7601172654690619,0.8638816607488496,0.5272439385180745,221,353,574
11,0.96,embedding_0.96,RandomForest,baseline,0.8917395667555321,0.9475388337256754,0.783779202424233,293,419,712
11,0.96,embedding_0.96,RandomForest,cleaned,0.8537806270308246,0.9272374911909795,0.7088137580908704,86,99,185
11,0.96,embedding_0.96,RandomForest,leaked-only,0.9048478830008124,0.9543704710144928,0.8098090455219477,207,320,527
11,0.96,embedding_0.96,LogisticRegression,baseline,0.7667178110216084,0.8675132568198293,0.5400044654061621,293,419,712
11,0.96,embedding_0.96,LogisticRegression,cleaned,0.7945405658171616,0.885717641531595,0.5937399263230183,86,99,185
11,0.96,embedding_0.96,LogisticRegression,leaked-only,0.7556953642384105,0.8604317632850241,0.5187408466497059,207,320,527
11,0.97,embedding_0.97,RandomForest,baseline,0.8917395667555321,0.9475388337256754,0.783779202424233,293,419,712
11,0.97,embedding_0.97,RandomForest,cleaned,0.8453978082461054,0.9191606467148262,0.6907956164922109,133,153,286
11,0.97,embedding_0.97,RandomForest,leaked-only,0.9232508267128502,0.9609022556390977,0.8474149673037855,160,266,426
11,0.97,embedding_0.97,LogisticRegression,baseline,0.7667178110216084,0.8675132568198293,0.5400044654061621,293,419,712
11,0.97,embedding_0.97,LogisticRegression,cleaned,0.7501322800152583,0.8601896899110522,0.5004314484943577,133,153,286
11,0.97,embedding_0.97,LogisticRegression,leaked-only,0.7777104479119326,0.8758223684210527,0.5769522599316939,160,266,426
11,0.98,embedding_0.98,RandomForest,baseline,0.8917395667555321,0.9475388337256754,0.783779202424233,293,419,712
11,0.98,embedding_0.98,RandomForest,cleaned,0.8710924369747899,0.9350983504063868,0.742227553262485,174,239,413
11,0.98,embedding_0.98,RandomForest,leaked-only,0.9204833208070764,0.9627217553688142,0.8420424817066375,119,180,299
11,0.98,embedding_0.98,LogisticRegression,baseline,0.7667178110216084,0.8675132568198293,0.5400044654061621,293,419,712
11,0.98,embedding_0.98,LogisticRegression,cleaned,0.7731440402247856,0.8818352330111096,0.5465263357403909,174,239,413
11,0.98,embedding_0.98,LogisticRegression,leaked-only,0.7555794447990505,0.8594771241830065,0.5565321719559717,119,180,299
11,0.99,embedding_0.99,RandomForest,baseline,0.8917395667555321,0.9475388337256754,0.783779202424233,293,419,712
11,0.99,embedding_0.99,RandomForest,cleaned,0.8893663266571179,0.9478059532261653,0.7789693703264661,253,373,626
11,0.99,embedding_0.99,RandomForest,leaked-only,0.9067750677506775,0.9394021739130435,0.8145355389267346,40,46,86
11,0.99,embedding_0.99,LogisticRegression,baseline,0.7667178110216084,0.8675132568198293,0.5400044654061621,293,419,712
11,0.99,embedding_0.99,LogisticRegression,cleaned,0.7744674185463659,0.8786359927518571,0.551718357761383,253,373,626
11,0.99,embedding_0.99,LogisticRegression,leaked-only,0.6894444444444444,0.7733695652173913,0.4615678409452632,40,46,86
11,1.0,embedding_1.0,RandomForest,baseline,0.8917395667555321,0.9475388337256754,0.783779202424233,293,419,712
11,1.0,embedding_1.0,RandomForest,cleaned,0.8917395667555321,0.9475388337256754,0.783779202424233,293,419,712
11,1.0,embedding_1.0,LogisticRegression,baseline,0.7667178110216084,0.8675132568198293,0.5400044654061621,293,419,712
11,1.0,embedding_1.0,LogisticRegression,cleaned,0.7667178110216084,0.8675132568198293,0.5400044654061621,293,419,712
12,0.9,embedding_0.9,RandomForest,baseline,0.835239651416122,0.9192848239996563,0.6712067112501401,265,439,704
12,0.9,embedding_0.9,RandomForest,cleaned,0.7858293075684379,0.9035022354694486,0.5815514869286839,61,110,171
12,0.9,embedding_0.9,RandomForest,leaked-only,0.8512353328644315,0.9255319148936171,0.7024773005786292,204,329,533
12,0.9,embedding_0.9,LogisticRegression,baseline,0.7238247863247864,0.8308763484763828,0.45420823880051286,265,439,704
12,0.9,embedding_0.9,LogisticRegression,cleaned,0.6885245901639344,0.8280178837555886,0.4452659038390734,61,110,171
12,0.9,embedding_0.9,LogisticRegression,leaked-only,0.7341233330746805,0.8409917158352702,0.46870019971602983,204,329,533
12,0.91,embedding_0.91,RandomForest,baseline,0.835239651416122,0.9192848239996563,0.6712067112501401,265,439,704
12,0.91,embedding_0.91,RandomForest,cleaned,0.7973968636220292,0.9018769303872652,0.602828818752063,69,122,191
12,0.91,embedding_0.91,RandomForest,leaked-only,0.8494627546036684,0.9266239618875942,0.6989326638306163,196,317,513
12,0.91,embedding_0.91,LogisticRegression,baseline,0.7238247863247864,0.8308763484763828,0.45420823880051286,265,439,704
12,0.91,embedding_0.91,LogisticRegression,cleaned,0.678903128014331,0.8172962698978379,0.41741919396595634,69,122,191
12,0.91,embedding_0.91,LogisticRegression,leaked-only,0.7395762132604238,0.8463271744028842,0.47945195722660194,196,317,513
12,0.92,embedding_0.92,RandomForest,baseline,0.835239651416122,0.9192848239996563,0.6712067112501401,265,439,704
12,0.92,embedding_0.92,RandomForest,cleaned,0.7991500261978226,0.911651728553137,0.6074974127664209,88,142,230
12,0.92,embedding_0.92,RandomForest,leaked-only,0.8529685464358832,0.9251459985923263,0.7060147446344957,177,297,474
12,0.92,embedding_0.92,LogisticRegression,baseline,0.7238247863247864,0.8308763484763828,0.45420823880051286,265,439,704
12,0.92,embedding_0.92,LogisticRegression,cleaned,0.6990385162428173,0.8305057618437901,0.44421047066862807,88,142,230
12,0.92,embedding_0.92,LogisticRegression,leaked-only,0.7332431627185494,0.8419220453118759,0.4666666329789473,177,297,474
12,0.93,embedding_0.93,RandomForest,baseline,0.835239651416122,0.9192848239996563,0.6712067112501401,265,439,704
12,0.93,embedding_0.93,RandomForest,cleaned,0.808264652014652,0.9073942830144106,0.626035513781889,102,166,268
12,0.93,embedding_0.93,RandomForest,leaked-only,0.8519021739130435,0.9284478302883211,0.7041735356280958,163,273,436
12,0.93,embedding_0.93,LogisticRegression,baseline,0.7238247863247864,0.8308763484763828,0.45420823880051286,265,439,704
12,0.93,embedding_0.93,LogisticRegression,cleaned,0.7004247708473061,0.8234112922277345,0.4475575099926054,102,166,268
12,0.93,embedding_0.93,LogisticRegression,leaked-only,0.7347931873479319,0.8464684599653924,0.46962097818700654,163,273,436
12,0.94,embedding_0.94,RandomForest,baseline,0.835239651416122,0.9192848239996563,0.6712067112501401,265,439,704
12,0.94,embedding_0.94,RandomForest,cleaned,0.8174730399300496,0.9096966313046715,0.6422771803788321,135,199,334
12,0.94,embedding_0.94,RandomForest,leaked-only,0.8495641425969296,0.9316826923076924,0.7000956152264206,130,240,370
12,0.94,embedding_0.94,LogisticRegression,baseline,0.7238247863247864,0.8308763484763828,0.45420823880051286,265,439,704
12,0.94,embedding_0.94,LogisticRegression,cleaned,0.7031430956933933,0.824678950307091,0.4399422302525699,135,199,334
12,0.94,embedding_0.94,LogisticRegression,leaked-only,0.7337376187588438,0.8463141025641026,0.4677921689637387,130,240,370
12,0.95,embedding_0.95,RandomForest,baseline,0.835239651416122,0.9192848239996563,0.6712067112501401,265,439,704
12,0.95,embedding_0.95,RandomForest,cleaned,0.8086321821746343,0.8939025886394307,0.6208589132119408,165,247,412
12,0.95,embedding_0.95,RandomForest,leaked-only,0.872968162942456,0.9494270833333334,0.746573017739481,100,192,292
12,0.95,embedding_0.95,LogisticRegression,baseline,0.7238247863247864,0.8308763484763828,0.45420823880051286,265,439,704
12,0.95,embedding_0.95,LogisticRegression,cleaned,0.7069701280227596,0.8152864679180469,0.43528702438487504,165,247,412
12,0.95,embedding_0.95,LogisticRegression,leaked-only,0.7389017462655165,0.8619791666666666,0.4781388710880464,100,192,292
12,0.96,embedding_0.96,RandomForest,baseline,0.835239651416122,0.9192848239996563,0.6712067112501401,265,439,704
12,0.96,embedding_0.96,RandomForest,cleaned,0.8087783058428851,0.8950004688525615,0.618195419058895,214,299,513
12,0.96,embedding_0.96,RandomForest,leaked-only,0.9085999453103637,0.965406162464986,0.8184155974107727,51,140,191
12,0.96,embedding_0.96,LogisticRegression,baseline,0.7238247863247864,0.8308763484763828,0.45420823880051286,265,439,704
12,0.96,embedding_0.96,LogisticRegression,cleaned,0.7086211660679745,0.8147719813709249,0.423595747098787,214,299,513
12,0.96,embedding_0.96,LogisticRegression,leaked-only,0.7499345378371302,0.8621848739495798,0.5079106798915963,51,140,191
12,0.97,embedding_0.97,RandomForest,baseline,0.835239651416122,0.9192848239996563,0.6712067112501401,265,439,704
12,0.97,embedding_0.97,RandomForest,cleaned,0.8234051916369103,0.9073691091697866,0.6472153195446532,237,355,592
12,0.97,embedding_0.97,RandomForest,leaked-only,0.8986221462335311,0.9657738095238095,0.8028366790040974,28,84,112
12,0.97,embedding_0.97,LogisticRegression,baseline,0.7238247863247864,0.8308763484763828,0.45420823880051286,265,439,704
12,0.97,embedding_0.97,LogisticRegression,cleaned,0.7172809020174253,0.824365602900101,0.4394684289955552,237,355,592
12,0.97,embedding_0.97,LogisticRegression,leaked-only,0.746606334841629,0.8575680272108843,0.5163977794943222,28,84,112
12,0.98,embedding_0.98,RandomForest,baseline,0.835239651416122,0.9192848239996563,0.6712067112501401,265,439,704
12,0.98,embedding_0.98,RandomForest,cleaned,0.8315482410309996,0.9142475841645885,0.663513010171529,256,401,657
12,0.98,embedding_0.98,RandomForest,leaked-only,0.8813131313131313,0.9883040935672514,0.7870407857160687,9,38,47
12,0.98,embedding_0.98,LogisticRegression,baseline,0.7238247863247864,0.8308763484763828,0.45420823880051286,265,439,704
12,0.98,embedding_0.98,LogisticRegression,cleaned,0.7171424289924431,0.8257773534912718,0.43957839092845497,256,401,657
12,0.98,embedding_0.98,LogisticRegression,leaked-only,0.8092753623188406,0.9122807017543859,0.6774079855946256,9,38,47
12,0.99,embedding_0.99,RandomForest,baseline,0.835239651416122,0.9192848239996563,0.6712067112501401,265,439,704
12,0.99,embedding_0.99,RandomForest,cleaned,0.8331357232528944,0.9174879992953715,0.6670153842163288,261,435,696
12,0.99,embedding_0.99,RandomForest,leaked-only,1.0,1.0,1.0,4,4,8
12,0.99,embedding_0.99,LogisticRegression,baseline,0.7238247863247864,0.8308763484763828,0.45420823880051286,265,439,704
12,0.99,embedding_0.99,LogisticRegression,cleaned,0.7204293723506086,0.8286871889725635,0.4475455100338574,261,435,696
12,0.99,embedding_0.99,LogisticRegression,leaked-only,1.0,1.0,1.0,4,4,8
12,1.0,embedding_1.0,RandomForest,baseline,0.835239651416122,0.9192848239996563,0.6712067112501401,265,439,704
12,1.0,embedding_1.0,RandomForest,cleaned,0.835239651416122,0.9192848239996563,0.6712067112501401,265,439,704
12,1.0,embedding_1.0,LogisticRegression,baseline,0.7238247863247864,0.8308763484763828,0.45420823880051286,265,439,704
12,1.0,embedding_1.0,LogisticRegression,cleaned,0.7238247863247864,0.8308763484763828,0.45420823880051286,265,439,704
13,0.9,embedding_0.9,RandomForest,baseline,0.8820304197878568,0.9573202614379085,0.7640977369476707,255,450,705
13,0.9,embedding_0.9,RandomForest,cleaned,0.7913725490196079,0.9562289562289563,0.5951274548447759,11,27,38
13,0.9,embedding_0.9,RandomForest,leaked-only,0.8869075301321552,0.9579506258962136,0.7738150602643104,244,423,667
13,0.9,embedding_0.9,LogisticRegression,baseline,0.7608872608872609,0.8557821350762527,0.5261225344107552,255,450,705
13,0.9,embedding_0.9,LogisticRegression,cleaned,0.7661538461538462,0.8249158249158249,0.5529495311636077,11,27,38
13,0.9,embedding_0.9,LogisticRegression,leaked-only,0.7604800604800606,0.8562085803976281,0.5247788240592922,244,423,667
13,0.91,embedding_0.91,RandomForest,baseline,0.8820304197878568,0.9573202614379085,0.7640977369476707,255,450,705
13,0.91,embedding_0.91,RandomForest,cleaned,0.8083333333333333,0.9642857142857142,0.6313453403451318,14,32,46
13,0.91,embedding_0.91,RandomForest,leaked-only,0.8870557902815968,0.9579403998491136,0.7741162898904961,241,418,659
13,0.91,embedding_0.91,LogisticRegression,baseline,0.7608872608872609,0.8557821350762527,0.5261225344107552,255,450,705
13,0.91,embedding_0.91,LogisticRegression,cleaned,0.7463659147869675,0.8459821428571429,0.531987033753298,14,32,46
13,0.91,embedding_0.91,LogisticRegression,leaked-only,0.7618902121117327,0.856747205622506,0.5270090230697269,241,418,659
13,0.92,embedding_0.92,RandomForest,baseline,0.8820304197878568,0.9573202614379085,0.7640977369476707,255,450,705
13,0.92,embedding_0.92,RandomForest,cleaned,0.776829268292683,0.9518716577540107,0.5726304995435123,17,44,61
13,0.92,embedding_0.92,RandomForest,leaked-only,0.8914123399784692,0.9587386678809455,0.7828690767551096,238,406,644
13,0.92,embedding_0.92,LogisticRegression,baseline,0.7608872608872609,0.8557821350762527,0.5261225344107552,255,450,705
13,0.92,embedding_0.92,LogisticRegression,cleaned,0.7511655011655012,0.856951871657754,0.5502913714370169,17,44,61
13,0.92,embedding_0.92,LogisticRegression,leaked-only,0.7617063552406151,0.8557250486401458,0.5261196259599362,238,406,644
13,0.93,embedding_0.93,RandomForest,baseline,0.8820304197878568,0.9573202614379085,0.7640977369476707,255,450,705
13,0.93,embedding_0.93,RandomForest,cleaned,0.7739938080495357,0.9367201426024956,0.5649694054483811,22,51,73
13,0.93,embedding_0.93,RandomForest,leaked-only,0.8942470663168918,0.9596684845160111,0.7885766793689484,233,399,632
13,0.93,embedding_0.93,LogisticRegression,baseline,0.7608872608872609,0.8557821350762527,0.5261225344107552,255,450,705
13,0.93,embedding_0.93,LogisticRegression,cleaned,0.755371575004928,0.8663101604278074,0.5648418175016796,22,51,73
13,0.93,embedding_0.93,LogisticRegression,leaked-only,0.7615251665677155,0.8550130691535706,0.5252586374572711,233,399,632
13,0.94,embedding_0.94,RandomForest,baseline,0.8820304197878568,0.9573202614379085,0.7640977369476707,255,450,705
13,0.94,embedding_0.94,RandomForest,cleaned,0.817047817047817,0.9555815312682642,0.6459217476325592,29,59,88
13,0.94,embedding_0.94,RandomForest,leaked-only,0.8913633678662305,0.9583097571464138,0.7828135135998868,226,391,617
13,0.94,embedding_0.94,LogisticRegression,baseline,0.7608872608872609,0.8557821350762527,0.5261225344107552,255,450,705
13,0.94,embedding_0.94,LogisticRegression,cleaned,0.7993293091884641,0.8988895382817066,0.6369128243688292,29,59,88
13,0.94,embedding_0.94,LogisticRegression,leaked-only,0.7552707856598018,0.8486521965461828,0.5128456814777024,226,391,617
13,0.95,embedding_0.95,RandomForest,baseline,0.8820304197878568,0.9573202614379085,0.7640977369476707,255,450,705
13,0.95,embedding_0.95,RandomForest,cleaned,0.8291723666210671,0.9480633802816901,0.6636845466378938,40,71,111
13,0.95,embedding_0.95,RandomForest,leaked-only,0.8921485657661095,0.9584708842118181,0.7843502814641093,215,379,594
13,0.95,embedding_0.95,LogisticRegression,baseline,0.7608872608872609,0.8557821350762527,0.5261225344107552,255,450,705
13,0.95,embedding_0.95,LogisticRegression,cleaned,0.8154920212765957,0.9112676056338028,0.6585253134859516,40,71,111
13,0.95,embedding_0.95,LogisticRegression,leaked-only,0.7500240477106579,0.8424618027857887,0.5023225346887557,215,379,594
13,0.96,embedding_0.96,RandomForest,baseline,0.8820304197878568,0.9573202614379085,0.7640977369476707,255,450,705
13,0.96,embedding_0.96,RandomForest,cleaned,0.8488611167103406,0.9479302477183834,0.6983745084685418,59,104,163
13,0.96,embedding_0.96,RandomForest,leaked-only,0.8921051079391293,0.9604813023475286,0.7842102158782588,196,346,542
13,0.96,embedding_0.96,LogisticRegression,baseline,0.7608872608872609,0.8557821350762527,0.5261225344107552,255,450,705
13,0.96,embedding_0.96,LogisticRegression,cleaned,0.8336734693877551,0.9023794002607562,0.6771544237744632,59,104,163
13,0.96,embedding_0.96,LogisticRegression,leaked-only,0.7386429064947029,0.8362628288309544,0.48046853870896544,196,346,542
13,0.97,embedding_0.97,RandomForest,baseline,0.8820304197878568,0.9573202614379085,0.7640977369476707,255,450,705
13,0.97,embedding_0.97,RandomForest,cleaned,0.8288602941176471,0.9343131917982217,0.6586962894880356,99,167,266
13,0.97,embedding_0.97,RandomForest,leaked-only,0.914064553655822,0.9685149950167617,0.8290162263545116,156,283,439
13,0.97,embedding_0.97,LogisticRegression,baseline,0.7608872608872609,0.8557821350762527,0.5261225344107552,255,450,705
13,0.97,embedding_0.97,LogisticRegression,cleaned,0.7814771758505774,0.8816911631282889,0.5660974607826611,99,167,266
13,0.97,embedding_0.97,LogisticRegression,leaked-only,0.747892078724352,0.8453837093413065,0.5141598353979129,156,283,439
13,0.98,embedding_0.98,RandomForest,baseline,0.8820304197878568,0.9573202614379085,0.7640977369476707,255,450,705
13,0.98,embedding_0.98,RandomForest,cleaned,0.8428792971677463,0.9416058394160584,0.6860967899343995,137,248,385
13,0.98,embedding_0.98,RandomForest,leaked-only,0.9271402550091075,0.9734225541198187,0.8555773729583632,118,202,320
13,0.98,embedding_0.98,LogisticRegression,baseline,0.7608872608872609,0.8557821350762527,0.5261225344107552,255,450,705
13,0.98,embedding_0.98,LogisticRegression,cleaned,0.7768519145797108,0.8815340240169531,0.5558469685900835,137,248,385
13,0.98,embedding_0.98,LogisticRegression,leaked-only,0.7374845564615764,0.8366336633663366,0.5111309595901642,118,202,320
13,0.99,embedding_0.99,RandomForest,baseline,0.8820304197878568,0.9573202614379085,0.7640977369476707,255,450,705
13,0.99,embedding_0.99,RandomForest,cleaned,0.8809077499407977,0.9591666477491998,0.7619528494890002,217,406,623
13,0.99,embedding_0.99,RandomForest,leaked-only,0.8779761904761905,0.9494617224880383,0.7728454702516662,38,44,82
13,0.99,embedding_0.99,LogisticRegression,baseline,0.7608872608872609,0.8557821350762527,0.5261225344107552,255,450,705
13,0.99,embedding_0.99,LogisticRegression,cleaned,0.7639152047435411,0.8583687089963905,0.529288975248269,217,406,623
13,0.99,embedding_0.99,LogisticRegression,leaked-only,0.7009118541033434,0.8008373205741627,0.47555974032459153,38,44,82
13,1.0,embedding_1.0,RandomForest,baseline,0.8820304197878568,0.9573202614379085,0.7640977369476707,255,450,705
13,1.0,embedding_1.0,RandomForest,cleaned,0.8820304197878568,0.9573202614379085,0.7640977369476707,255,450,705
13,1.0,embedding_1.0,LogisticRegression,baseline,0.7608872608872609,0.8557821350762527,0.5261225344107552,255,450,705
13,1.0,embedding_1.0,LogisticRegression,cleaned,0.7608872608872609,0.8557821350762527,0.5261225344107552,255,450,705
14,0.9,embedding_0.9,RandomForest,baseline,0.8500464058094341,0.8708479570172019,0.7012931424767412,245,471,716
14,0.9,embedding_0.9,RandomForest,cleaned,0.5538124156545209,0.543254688445251,0.2517015987761148,57,58,115
14,0.9,embedding_0.9,RandomForest,leaked-only,0.9076153279061377,0.9638993354283655,0.8175358356656469,188,413,601
14,0.9,embedding_0.9,LogisticRegression,baseline,0.7091499949223113,0.8071060271242254,0.42043344969516294,245,471,716
14,0.9,embedding_0.9,LogisticRegression,cleaned,0.5344129554655871,0.7168784029038113,0.20668498313186412,57,58,115
14,0.9,embedding_0.9,LogisticRegression,leaked-only,0.7413756006598293,0.8562284271804648,0.5009178305983452,188,413,601
14,0.91,embedding_0.91,RandomForest,baseline,0.8500464058094341,0.8708479570172019,0.7012931424767412,245,471,716
14,0.91,embedding_0.91,RandomForest,cleaned,0.5809579782544814,0.5488917861799217,0.29315733430713126,59,65,124
14,0.91,embedding_0.91,RandomForest,leaked-only,0.9064448192786627,0.963650087398697,0.8152507788243742,186,406,592
14,0.91,embedding_0.91,LogisticRegression,baseline,0.7091499949223113,0.8071060271242254,0.42043344969516294,245,471,716
14,0.91,embedding_0.91,LogisticRegression,cleaned,0.5319396051103369,0.7058670143415906,0.165214247469563,59,65,124
14,0.91,embedding_0.91,LogisticRegression,leaked-only,0.7448778565799843,0.8565072302558399,0.5073564043273666,186,406,592
14,0.92,embedding_0.92,RandomForest,baseline,0.8500464058094341,0.8708479570172019,0.7012931424767412,245,471,716
14,0.92,embedding_0.92,RandomForest,cleaned,0.6049154334038055,0.5711574952561669,0.33112209320311237,62,68,130
14,0.92,embedding_0.92,RandomForest,leaked-only,0.9052327596164953,0.9636130659398771,0.8128840867187617,183,403,586
14,0.92,embedding_0.92,LogisticRegression,baseline,0.7091499949223113,0.8071060271242254,0.42043344969516294,245,471,716
14,0.92,embedding_0.92,LogisticRegression,cleaned,0.5519864750633982,0.7196394686907019,0.19123143593347364,62,68,130
14,0.92,embedding_0.92,LogisticRegression,leaked-only,0.7434317662808095,0.85412683561811,0.5042710555038156,183,403,586
14,0.93,embedding_0.93,RandomForest,baseline,0.8500464058094341,0.8708479570172019,0.7012931424767412,245,471,716
14,0.93,embedding_0.93,RandomForest,cleaned,0.6294096746358053,0.6377866763742264,0.34859377091505106,67,82,149
14,0.93,embedding_0.93,RandomForest,leaked-only,0.9082395159020547,0.9633531671528841,0.8187971834644772,178,389,567
14,0.93,embedding_0.93,LogisticRegression,baseline,0.7091499949223113,0.8071060271242254,0.42043344969516294,245,471,716
14,0.93,embedding_0.93,LogisticRegression,cleaned,0.5826330532212886,0.7531852930469602,0.23109815879635,67,82,149
14,0.93,embedding_0.93,LogisticRegression,leaked-only,0.741304347826087,0.8524450478033563,0.5004400074411135,178,389,567
14,0.94,embedding_0.94,RandomForest,baseline,0.8500464058094341,0.8708479570172019,0.7012931424767412,245,471,716
14,0.94,embedding_0.94,RandomForest,cleaned,0.6463618157543392,0.6890909090909091,0.38128723802398357,75,88,163
14,0.94,embedding_0.94,RandomForest,leaked-only,0.9115841528937143,0.9659883274458609,0.8265355843482628,170,383,553
14,0.94,embedding_0.94,LogisticRegression,baseline,0.7091499949223113,0.8071060271242254,0.42043344969516294,245,471,716
14,0.94,embedding_0.94,LogisticRegression,cleaned,0.5953326713008937,0.7804545454545455,0.261258990025536,75,88,163
14,0.94,embedding_0.94,LogisticRegression,leaked-only,0.742070895522388,0.8532176317001997,0.5057167478284729,170,383,553
14,0.95,embedding_0.95,RandomForest,baseline,0.8500464058094341,0.8708479570172019,0.7012931424767412,245,471,716
14,0.95,embedding_0.95,RandomForest,cleaned,0.6793635486981677,0.7360784313725489,0.41047488044636116,85,105,190
14,0.95,embedding_0.95,RandomForest,leaked-only,0.9148637712435932,0.9664105191256831,0.8322214563544403,160,366,526
14,0.95,embedding_0.95,LogisticRegression,baseline,0.7091499949223113,0.8071060271242254,0.42043344969516294,245,471,716
14,0.95,embedding_0.95,LogisticRegression,cleaned,0.6221070395371263,0.7936134453781513,0.2910411480040815,85,105,190
14,0.95,embedding_0.95,LogisticRegression,leaked-only,0.7404605263157895,0.852271174863388,0.503317442385841,160,366,526
14,0.96,embedding_0.96,RandomForest,baseline,0.8500464058094341,0.8708479570172019,0.7012931424767412,245,471,716
14,0.96,embedding_0.96,RandomForest,cleaned,0.6938215102974828,0.7703001968503936,0.41886324670951947,96,127,223
14,0.96,embedding_0.96,RandomForest,leaked-only,0.9249790763143879,0.9672526143280787,0.8519319331322877,149,344,493
14,0.96,embedding_0.96,LogisticRegression,baseline,0.7091499949223113,0.8071060271242254,0.42043344969516294,245,471,716
14,0.96,embedding_0.96,LogisticRegression,cleaned,0.6393793706293707,0.791748687664042,0.30928809248409433,96,127,223
14,0.96,embedding_0.96,LogisticRegression,leaked-only,0.7406188692705546,0.8607187451225223,0.5051019205959696,149,344,493
14,0.97,embedding_0.97,RandomForest,baseline,0.8500464058094341,0.8708479570172019,0.7012931424767412,245,471,716
14,0.97,embedding_0.97,RandomForest,cleaned,0.7263677655213889,0.8093245489078823,0.47388648265459526,104,162,266
14,0.97,embedding_0.97,RandomForest,leaked-only,0.92422711658921,0.9646078633891071,0.8501374800049393,141,309,450
14,0.97,embedding_0.97,LogisticRegression,baseline,0.7091499949223113,0.8071060271242254,0.42043344969516294,245,471,716
14,0.97,embedding_0.97,LogisticRegression,cleaned,0.6740351714808626,0.8061490978157644,0.37048420985960606,104,162,266
14,0.97,embedding_0.97,LogisticRegression,leaked-only,0.7278879371539444,0.8491588055727697,0.4821845402001872,141,309,450
14,0.98,embedding_0.98,RandomForest,baseline,0.8500464058094341,0.8708479570172019,0.7012931424767412,245,471,716
14,0.98,embedding_0.98,RandomForest,cleaned,0.768170426065163,0.827179439484127,0.5477035552030735,128,252,380
14,0.98,embedding_0.98,RandomForest,leaked-only,0.9325526932084309,0.9687585372516878,0.8674243221994553,117,219,336
14,0.98,embedding_0.98,LogisticRegression,baseline,0.7091499949223113,0.8071060271242254,0.42043344969516294,245,471,716
14,0.98,embedding_0.98,LogisticRegression,cleaned,0.7036170420200838,0.8193824404761905,0.41335739727172527,128,252,380
14,0.98,embedding_0.98,LogisticRegression,leaked-only,0.7067103109656301,0.8332747921789018,0.44417940367042935,117,219,336
14,0.99,embedding_0.99,RandomForest,baseline,0.8500464058094341,0.8708479570172019,0.7012931424767412,245,471,716
14,0.99,embedding_0.99,RandomForest,cleaned,0.8279040502322202,0.8440554657380923,0.6601290644322558,187,430,617
14,0.99,embedding_0.99,RandomForest,leaked-only,0.9023561643835616,0.9400756938603869,0.8219769823095224,58,41,99
14,0.99,embedding_0.99,LogisticRegression,baseline,0.7091499949223113,0.8071060271242254,0.42043344969516294,245,471,716
14,0.99,embedding_0.99,LogisticRegression,cleaned,0.6833268159155343,0.7910210172864072,0.36730785686568646,187,430,617
14,0.99,embedding_0.99,LogisticRegression,leaked-only,0.7312217194570136,0.8124474348191758,0.49812164700730427,58,41,99
14,1.0,embedding_1.0,RandomForest,baseline,0.8500464058094341,0.8708479570172019,0.7012931424767412,245,471,716
14,1.0,embedding_1.0,RandomForest,cleaned,0.8500464058094341,0.8708479570172019,0.7012931424767412,245,471,716
14,1.0,embedding_1.0,LogisticRegression,baseline,0.7091499949223113,0.8071060271242254,0.42043344969516294,245,471,716
14,1.0,embedding_1.0,LogisticRegression,cleaned,0.7091499949223113,0.8071060271242254,0.42043344969516294,245,471,716
15,0.9,embedding_0.9,RandomForest,baseline,0.869535582125142,0.9484113351479436,0.7406692523424934,237,479,716
15,0.9,embedding_0.9,RandomForest,cleaned,0.6571428571428571,0.7291021671826625,0.33143652690349795,17,19,36
15,0.9,embedding_0.9,RandomForest,leaked-only,0.8819251336898395,0.9548913043478261,0.7649914851667833,220,460,680
15,0.9,embedding_0.9,LogisticRegression,baseline,0.716483679368138,0.8019608361301234,0.438355215643211,237,479,716
15,0.9,embedding_0.9,LogisticRegression,cleaned,0.609907120743034,0.5882352941176471,0.21981424148606812,17,19,36
15,0.9,embedding_0.9,LogisticRegression,leaked-only,0.7217590391651825,0.8149604743083004,0.4496179274122045,220,460,680
15,0.91,embedding_0.91,RandomForest,baseline,0.869535582125142,0.9484113351479436,0.7406692523424934,237,479,716
15,0.91,embedding_0.91,RandomForest,cleaned,0.6442048517520216,0.74,0.2948173896382008,19,25,44
15,0.91,embedding_0.91,RandomForest,leaked-only,0.8857142857142857,0.9558157862829891,0.7727649485161129,218,454,672
15,0.91,embedding_0.91,LogisticRegression,baseline,0.716483679368138,0.8019608361301234,0.438355215643211,237,479,716
15,0.91,embedding_0.91,LogisticRegression,cleaned,0.6294736842105264,0.6189473684210527,0.25894736842105265,19,25,44
15,0.91,embedding_0.91,LogisticRegression,leaked-only,0.7221388000261147,0.8154427514852687,0.45051176331708825,218,454,672
15,0.92,embedding_0.92,RandomForest,baseline,0.869535582125142,0.9484113351479436,0.7406692523424934,237,479,716
15,0.92,embedding_0.92,RandomForest,cleaned,0.6889922480620154,0.7905405405405405,0.3784305519951671,22,37,59
15,0.92,embedding_0.92,RandomForest,leaked-only,0.886853378683831,0.9561033357886982,0.7754733303741618,215,442,657
15,0.92,embedding_0.92,LogisticRegression,baseline,0.716483679368138,0.8019608361301234,0.438355215643211,237,479,716
15,0.92,embedding_0.92,LogisticRegression,cleaned,0.658751902587519,0.6683046683046683,0.31791654973069855,22,37,59
15,0.92,embedding_0.92,LogisticRegression,leaked-only,0.72175052939397,0.814269178154267,0.4496694547287086,215,442,657
15,0.93,embedding_0.93,RandomForest,baseline,0.869535582125142,0.9484113351479436,0.7406692523424934,237,479,716
15,0.93,embedding_0.93,RandomForest,cleaned,0.7019607843137254,0.809981684981685,0.404257940545699,26,42,68
15,0.93,embedding_0.93,RandomForest,leaked-only,0.8885139635039737,0.9566952617480233,0.7788588852438634,211,437,648
15,0.93,embedding_0.93,LogisticRegression,baseline,0.716483679368138,0.8019608361301234,0.438355215643211,237,479,716
15,0.93,embedding_0.93,LogisticRegression,cleaned,0.6753807683564446,0.7060439560439561,0.3510768354550835,26,42,68
15,0.93,embedding_0.93,LogisticRegression,leaked-only,0.7208259366532748,0.8122268374418428,0.44800031641891624,211,437,648
15,0.94,embedding_0.94,RandomForest,baseline,0.869535582125142,0.9484113351479436,0.7406692523424934,237,479,716
15,0.94,embedding_0.94,RandomForest,cleaned,0.745152740968057,0.8645948945615982,0.49052103042367795,34,53,87
15,0.94,embedding_0.94,RandomForest,leaked-only,0.8881976537504443,0.9558673882374709,0.7783596101972233,203,426,629
15,0.94,embedding_0.94,LogisticRegression,baseline,0.716483679368138,0.8019608361301234,0.438355215643211,237,479,716
15,0.94,embedding_0.94,LogisticRegression,cleaned,0.7238095238095238,0.7658157602663707,0.4478244146379454,34,53,87
15,0.94,embedding_0.94,LogisticRegression,leaked-only,0.7151582760829707,0.806609773584033,0.4370241956093833,203,426,629
15,0.95,embedding_0.95,RandomForest,baseline,0.869535582125142,0.9484113351479436,0.7406692523424934,237,479,716
15,0.95,embedding_0.95,RandomForest,cleaned,0.7777983691623425,0.8910303928836175,0.5555967383246849,38,71,109
15,0.95,embedding_0.95,RandomForest,leaked-only,0.8868342470731361,0.9553712188392945,0.7759856046347178,199,408,607
15,0.95,embedding_0.95,LogisticRegression,baseline,0.716483679368138,0.8019608361301234,0.438355215643211,237,479,716
15,0.95,embedding_0.95,LogisticRegression,cleaned,0.7432971014492754,0.7876204595997034,0.4888600822538196,38,71,109
15,0.95,embedding_0.95,LogisticRegression,leaked-only,0.7116049164121405,0.802739186126712,0.42928825326689063,199,408,607
15,0.96,embedding_0.96,RandomForest,baseline,0.869535582125142,0.9484113351479436,0.7406692523424934,237,479,716
15,0.96,embedding_0.96,RandomForest,cleaned,0.7997387694173625,0.8966055045871559,0.6002397959695523,50,109,159
15,0.96,embedding_0.96,RandomForest,leaked-only,0.8888667198723065,0.9582020523196993,0.7796327921474903,187,370,557
15,0.96,embedding_0.96,LogisticRegression,baseline,0.716483679368138,0.8019608361301234,0.438355215643211,237,479,716
15,0.96,embedding_0.96,LogisticRegression,cleaned,0.7227364185110664,0.7950458715596329,0.4472210910778576,50,109,159
15,0.96,embedding_0.96,LogisticRegression,leaked-only,0.7143985587583148,0.8027171556583321,0.43553693778554264,187,370,557
15,0.97,embedding_0.97,RandomForest,baseline,0.869535582125142,0.9484113351479436,0.7406692523424934,237,479,716
15,0.97,embedding_0.97,RandomForest,cleaned,0.7787886620143016,0.9060421994884911,0.5768597654890179,92,170,262
15,0.97,embedding_0.97,RandomForest,leaked-only,0.9198021550962727,0.9639995536212477,0.8400159931014402,145,309,454
15,0.97,embedding_0.97,LogisticRegression,baseline,0.716483679368138,0.8019608361301234,0.438355215643211,237,479,716
15,0.97,embedding_0.97,LogisticRegression,cleaned,0.6952475905616484,0.8043478260869565,0.3954034575644672,92,170,262
15,0.97,embedding_0.97,LogisticRegression,leaked-only,0.7265271449532782,0.8252203995089834,0.47698072363744565,145,309,454
15,0.98,embedding_0.98,RandomForest,baseline,0.869535582125142,0.9484113351479436,0.7406692523424934,237,479,716
15,0.98,embedding_0.98,RandomForest,cleaned,0.805760557605576,0.9248069498069498,0.620890963506745,120,259,379
15,0.98,embedding_0.98,RandomForest,leaked-only,0.9319290145722119,0.9653651903651903,0.8643447502233271,117,220,337
15,0.98,embedding_0.98,LogisticRegression,baseline,0.716483679368138,0.8019608361301234,0.438355215643211,237,479,716
15,0.98,embedding_0.98,LogisticRegression,cleaned,0.6994645411812794,0.8076254826254826,0.39954550629785623,120,259,379
15,0.98,embedding_0.98,LogisticRegression,leaked-only,0.7256296135475466,0.8179487179487179,0.48272544941100876,117,220,337
15,0.99,embedding_0.99,RandomForest,baseline,0.869535582125142,0.9484113351479436,0.7406692523424934,237,479,716
15,0.99,embedding_0.99,RandomForest,cleaned,0.8527752939372104,0.9418988578551936,0.7080926961223909,201,443,644
15,0.99,embedding_0.99,RandomForest,leaked-only,0.9722007722007722,0.9953703703703703,0.9459053029269173,36,36,72
15,0.99,embedding_0.99,LogisticRegression,baseline,0.716483679368138,0.8019608361301234,0.438355215643211,237,479,716
15,0.99,embedding_0.99,LogisticRegression,cleaned,0.7081804682040531,0.7960423615556529,0.418381169143398,201,443,644
15,0.99,embedding_0.99,LogisticRegression,leaked-only,0.6865021770682148,0.7893518518518519,0.49055245512579637,36,36,72
15,1.0,embedding_1.0,RandomForest,baseline,0.869535582125142,0.9484113351479436,0.7406692523424934,237,479,716
15,1.0,embedding_1.0,RandomForest,cleaned,0.869535582125142,0.9484113351479436,0.7406692523424934,237,479,716
15,1.0,embedding_1.0,LogisticRegression,baseline,0.716483679368138,0.8019608361301234,0.438355215643211,237,479,716
15,1.0,embedding_1.0,LogisticRegression,cleaned,0.716483679368138,0.8019608361301234,0.438355215643211,237,479,716
16,0.9,embedding_0.9,RandomForest,baseline,0.8855218855218856,0.9610583606945307,0.7774312457079033,191,531,722
16,0.9,embedding_0.9,RandomForest,cleaned,0.8427929767251939,0.8942307692307693,0.6864064729836441,16,39,55
16,0.9,embedding_0.9,RandomForest,leaked-only,0.8889816611139761,0.9653832752613241,0.7858961767047038,175,492,667
16,0.9,embedding_0.9,LogisticRegression,baseline,0.777505825180298,0.886532374951933,0.5769504281419405,191,531,722
16,0.9,embedding_0.9,LogisticRegression,cleaned,0.6753246753246753,0.8301282051282052,0.3512338055418838,16,39,55
16,0.9,embedding_0.9,LogisticRegression,leaked-only,0.7856417167737922,0.8933449477351916,0.5965774719353598,175,492,667
16,0.91,embedding_0.91,RandomForest,baseline,0.8855218855218856,0.9610583606945307,0.7774312457079033,191,531,722
16,0.91,embedding_0.91,RandomForest,cleaned,0.8470588235294119,0.8995859213250518,0.6945986708955625,23,42,65
16,0.91,embedding_0.91,RandomForest,leaked-only,0.8895619000948737,0.9665924140617392,0.7875142289580256,168,489,657
16,0.91,embedding_0.91,LogisticRegression,baseline,0.777505825180298,0.886532374951933,0.5769504281419405,191,531,722
16,0.91,embedding_0.91,LogisticRegression,cleaned,0.7357723577235773,0.8602484472049691,0.4731124641422038,23,42,65
16,0.91,embedding_0.91,LogisticRegression,leaked-only,0.7816774507287685,0.8914694712240725,0.5891000612550217,168,489,657
16,0.92,embedding_0.92,RandomForest,baseline,0.8855218855218856,0.9610583606945307,0.7774312457079033,191,531,722
16,0.92,embedding_0.92,RandomForest,cleaned,0.8377014172005436,0.8907692307692308,0.6757600045211372,26,50,76
16,0.92,embedding_0.92,RandomForest,leaked-only,0.8915325134398704,0.9703332703332703,0.7917622335569645,165,481,646
16,0.92,embedding_0.92,LogisticRegression,baseline,0.777505825180298,0.886532374951933,0.5769504281419405,191,531,722
16,0.92,embedding_0.92,LogisticRegression,cleaned,0.753764055650848,0.856923076923077,0.507835002067562,26,50,76
16,0.92,embedding_0.92,LogisticRegression,leaked-only,0.7803162072964053,0.8934794934794935,0.5878520929982367,165,481,646
16,0.93,embedding_0.93,RandomForest,baseline,0.8855218855218856,0.9610583606945307,0.7774312457079033,191,531,722
16,0.93,embedding_0.93,RandomForest,cleaned,0.8444700460829493,0.9030525720746184,0.6900460546698891,29,61,90
16,0.93,embedding_0.93,RandomForest,leaked-only,0.8916098050985533,0.9703244024166009,0.7927215194552293,162,470,632
16,0.93,embedding_0.93,LogisticRegression,baseline,0.777505825180298,0.886532374951933,0.5769504281419405,191,531,722
16,0.93,embedding_0.93,LogisticRegression,cleaned,0.7710570944036179,0.8750706613906162,0.5421141888072357,29,61,90
16,0.93,embedding_0.93,LogisticRegression,leaked-only,0.7784287307865039,0.8915550302075126,0.585763447319601,162,470,632
16,0.94,embedding_0.94,RandomForest,baseline,0.8855218855218856,0.9610583606945307,0.7774312457079033,191,531,722
16,0.94,embedding_0.94,RandomForest,cleaned,0.8581574884199692,0.9263581488933601,0.7181151764936691,35,71,106
16,0.94,embedding_0.94,RandomForest,leaked-only,0.8904378927080403,0.9701365663322186,0.7914662780866595,156,460,616
16,0.94,embedding_0.94,LogisticRegression,baseline,0.777505825180298,0.886532374951933,0.5769504281419405,191,531,722
16,0.94,embedding_0.94,LogisticRegression,cleaned,0.7743995135299483,0.8647887323943662,0.5489714526672202,35,71,106
16,0.94,embedding_0.94,LogisticRegression,leaked-only,0.7780329310597547,0.8956103678929767,0.587423406869218,156,460,616
16,0.95,embedding_0.95,RandomForest,baseline,0.8855218855218856,0.9610583606945307,0.7774312457079033,191,531,722
16,0.95,embedding_0.95,RandomForest,cleaned,0.8530701754385965,0.9295546558704454,0.70669754598766,39,95,134
16,0.95,embedding_0.95,RandomForest,leaked-only,0.8928015482350962,0.9706210767745052,0.7964191541600953,152,436,588
16,0.95,embedding_0.95,LogisticRegression,baseline,0.777505825180298,0.886532374951933,0.5769504281419405,191,531,722
16,0.95,embedding_0.95,LogisticRegression,cleaned,0.7649122807017543,0.8582995951417004,0.5298245614035088,39,95,134
16,0.95,embedding_0.95,LogisticRegression,leaked-only,0.7800326421971575,0.8964268469338483,0.5929934124371249,152,436,588
16,0.96,embedding_0.96,RandomForest,baseline,0.8855218855218856,0.9610583606945307,0.7774312457079033,191,531,722
16,0.96,embedding_0.96,RandomForest,cleaned,0.855498374864572,0.9309027777777777,0.7121359698988324,50,144,194
16,0.96,embedding_0.96,RandomForest,leaked-only,0.8957542877744777,0.970678248758407,0.8008142497160213,141,387,528
16,0.96,embedding_0.96,LogisticRegression,baseline,0.777505825180298,0.886532374951933,0.5769504281419405,191,531,722
16,0.96,embedding_0.96,LogisticRegression,cleaned,0.7819110884006132,0.8802777777777778,0.5643994758733551,50,144,194
16,0.96,embedding_0.96,LogisticRegression,leaked-only,0.7747839103771308,0.8913445855553723,0.5856947635910228,141,387,528
16,0.97,embedding_0.97,RandomForest,baseline,0.8855218855218856,0.9610583606945307,0.7774312457079033,191,531,722
16,0.97,embedding_0.97,RandomForest,cleaned,0.8169307493213812,0.9193762673938886,0.6469539375856387,63,227,290
16,0.97,embedding_0.97,RandomForest,leaked-only,0.9248807631160573,0.9788497121710527,0.8531397603311515,128,304,432
16,0.97,embedding_0.97,LogisticRegression,baseline,0.777505825180298,0.886532374951933,0.5769504281419405,191,531,722
16,0.97,embedding_0.97,LogisticRegression,cleaned,0.7982909379968204,0.8938535766729598,0.6000139422035229,63,227,290
16,0.97,embedding_0.97,LogisticRegression,leaked-only,0.7595910569525481,0.8748458059210527,0.5589363009644035,128,304,432
16,0.98,embedding_0.98,RandomForest,baseline,0.8855218855218856,0.9610583606945307,0.7774312457079033,191,531,722
16,0.98,embedding_0.98,RandomForest,cleaned,0.8395616524755598,0.940934065934066,0.6922225609826913,91,316,407
16,0.98,embedding_0.98,RandomForest,leaked-only,0.9354037550127597,0.9767209302325581,0.8723387475411979,100,215,315
16,0.98,embedding_0.98,LogisticRegression,baseline,0.777505825180298,0.886532374951933,0.5769504281419405,191,531,722
16,0.98,embedding_0.98,LogisticRegression,cleaned,0.7860629270856799,0.8888927528168035,0.574158669584665,91,316,407
16,0.98,embedding_0.98,LogisticRegression,leaked-only,0.7522354694485842,0.8813953488372094,0.5724969667270919,100,215,315
16,0.99,embedding_0.99,RandomForest,baseline,0.8855218855218856,0.9610583606945307,0.7774312457079033,191,531,722
16,0.99,embedding_0.99,RandomForest,cleaned,0.8789530947775628,0.9600563488506115,0.763792909356077,161,485,646
16,0.99,embedding_0.99,RandomForest,leaked-only,0.919661733615222,0.9518115942028985,0.8512565307587486,30,46,76
16,0.99,embedding_0.99,LogisticRegression,baseline,0.777505825180298,0.886532374951933,0.5769504281419405,191,531,722
16,0.99,embedding_0.99,LogisticRegression,cleaned,0.7848176718092568,0.8895050265736056,0.583085017555133,161,485,646
16,0.99,embedding_0.99,LogisticRegression,leaked-only,0.6663740122914839,0.8347826086956522,0.4990108793478453,30,46,76
16,1.0,embedding_1.0,RandomForest,baseline,0.8855218855218856,0.9610583606945307,0.7774312457079033,191,531,722
16,1.0,embedding_1.0,RandomForest,cleaned,0.8855218855218856,0.9610583606945307,0.7774312457079033,191,531,722
16,1.0,embedding_1.0,LogisticRegression,baseline,0.777505825180298,0.886532374951933,0.5769504281419405,191,531,722
16,1.0,embedding_1.0,LogisticRegression,cleaned,0.777505825180298,0.886532374951933,0.5769504281419405,191,531,722
17,0.9,embedding_0.9,RandomForest,baseline,0.8829590148505533,0.9563221282349611,0.7714696695760767,177,539,716
17,0.9,embedding_0.9,RandomForest,cleaned,0.7572463768115942,0.8808080808080808,0.516235443264032,22,45,67
17,0.9,embedding_0.9,RandomForest,leaked-only,0.89716493588806,0.9627073266292281,0.80228786797693,155,494,649
17,0.9,embedding_0.9,LogisticRegression,baseline,0.7408174486803518,0.8693751768812301,0.5103061750375896,177,539,716
17,0.9,embedding_0.9,LogisticRegression,cleaned,0.6152309612983771,0.7414141414141413,0.23078316568852544,22,45,67
17,0.9,embedding_0.9,LogisticRegression,leaked-only,0.7543630934858488,0.8902311610291238,0.5440881632455424,155,494,649
17,0.91,embedding_0.91,RandomForest,baseline,0.8829590148505533,0.9563221282349611,0.7714696695760767,177,539,716
17,0.91,embedding_0.91,RandomForest,cleaned,0.7549019607843137,0.8766339869281046,0.5098039215686274,24,51,75
17,0.91,embedding_0.91,RandomForest,leaked-only,0.8995524521111222,0.9630343940855031,0.8063976920587815,153,488,641
17,0.91,embedding_0.91,LogisticRegression,baseline,0.7408174486803518,0.8693751768812301,0.5103061750375896,177,539,716
17,0.91,embedding_0.91,LogisticRegression,cleaned,0.6173469387755102,0.7344771241830065,0.23873933232772113,24,51,75
17,0.91,embedding_0.91,LogisticRegression,leaked-only,0.7560714038607901,0.892197042751527,0.5461128569649709,153,488,641
17,0.92,embedding_0.92,RandomForest,baseline,0.8829590148505533,0.9563221282349611,0.7714696695760767,177,539,716
17,0.92,embedding_0.92,RandomForest,cleaned,0.7435189446234085,0.854920634920635,0.4893483719970006,25,63,88
17,0.92,embedding_0.92,RandomForest,leaked-only,0.9039689743915096,0.9638434321096859,0.8141678625725308,152,476,628
17,0.92,embedding_0.92,LogisticRegression,baseline,0.7408174486803518,0.8693751768812301,0.5103061750375896,177,539,716
17,0.92,embedding_0.92,LogisticRegression,cleaned,0.6048095031145879,0.713015873015873,0.22463982153059545,25,63,88
17,0.92,embedding_0.92,LogisticRegression,leaked-only,0.7607619047619048,0.8968376824413976,0.5528163928612453,152,476,628
17,0.93,embedding_0.93,RandomForest,baseline,0.8829590148505533,0.9563221282349611,0.7714696695760767,177,539,716
17,0.93,embedding_0.93,RandomForest,cleaned,0.7418812265493595,0.8630174291938998,0.489111665583179,27,68,95
17,0.93,embedding_0.93,RandomForest,leaked-only,0.9066024966160324,0.9637791932059449,0.8187926622771111,150,471,621
17,0.93,embedding_0.93,LogisticRegression,baseline,0.7408174486803518,0.8693751768812301,0.5103061750375896,177,539,716
17,0.93,embedding_0.93,LogisticRegression,cleaned,0.6141538461538462,0.7298474945533768,0.24772017853917944,27,68,95
17,0.93,embedding_0.93,LogisticRegression,leaked-only,0.7612456747404844,0.8958386411889597,0.5529962603181716,150,471,621
17,0.94,embedding_0.94,RandomForest,baseline,0.8829590148505533,0.9563221282349611,0.7714696695760767,177,539,716
17,0.94,embedding_0.94,RandomForest,cleaned,0.7637969094922736,0.8839522546419099,0.5321914556950659,29,78,107
17,0.94,embedding_0.94,RandomForest,leaked-only,0.9052008924710725,0.9631383009907956,0.8161501290560899,148,461,609
17,0.94,embedding_0.94,LogisticRegression,baseline,0.7408174486803518,0.8693751768812301,0.5103061750375896,177,539,716
17,0.94,embedding_0.94,LogisticRegression,cleaned,0.6256871564217891,0.7524314765694076,0.26765275454880844,29,78,107
17,0.94,embedding_0.94,LogisticRegression,leaked-only,0.7616225969570738,0.8949991205956498,0.5547331671023311,148,461,609
17,0.95,embedding_0.95,RandomForest,baseline,0.8829590148505533,0.9563221282349611,0.7714696695760767,177,539,716
17,0.95,embedding_0.95,RandomForest,cleaned,0.7715247715247715,0.8822157434402333,0.5490652757030634,35,98,133
17,0.95,embedding_0.95,RandomForest,leaked-only,0.9097363044865623,0.9686691578039667,0.824886876034377,142,441,583
17,0.95,embedding_0.95,LogisticRegression,baseline,0.7408174486803518,0.8693751768812301,0.5103061750375896,177,539,716
17,0.95,embedding_0.95,LogisticRegression,cleaned,0.658502863914675,0.7725947521865889,0.3330741289114783,35,98,133
17,0.95,embedding_0.95,LogisticRegression,leaked-only,0.7597857437165224,0.8978633707003928,0.5518879088871959,142,441,583
17,0.96,embedding_0.96,RandomForest,baseline,0.8829590148505533,0.9563221282349611,0.7714696695760767,177,539,716
17,0.96,embedding_0.96,RandomForest,cleaned,0.8030717761557178,0.9098427775958073,0.6136904451584446,43,142,185
17,0.96,embedding_0.96,RandomForest,leaked-only,0.9098713596569591,0.9676491597428475,0.8246148054690767,134,397,531
17,0.96,embedding_0.96,LogisticRegression,baseline,0.7408174486803518,0.8693751768812301,0.5103061750375896,177,539,716
17,0.96,embedding_0.96,LogisticRegression,cleaned,0.6985185185185185,0.8188666885031117,0.4088676244960988,43,142,185
17,0.96,embedding_0.96,LogisticRegression,leaked-only,0.7534055727554179,0.8928907101770744,0.542886025553068,134,397,531
17,0.97,embedding_0.97,RandomForest,baseline,0.8829590148505533,0.9563221282349611,0.7714696695760767,177,539,716
17,0.97,embedding_0.97,RandomForest,cleaned,0.8154725609756097,0.9250212404418012,0.6441345999277921,55,214,269
17,0.97,embedding_0.97,RandomForest,leaked-only,0.9182755594559018,0.9674779319041613,0.839185055590316,122,325,447
17,0.97,embedding_0.97,LogisticRegression,baseline,0.7408174486803518,0.8693751768812301,0.5103061750375896,177,539,716
17,0.97,embedding_0.97,LogisticRegression,cleaned,0.7399783931312902,0.8563296516567545,0.49269853728187496,55,214,269
17,0.97,embedding_0.97,LogisticRegression,leaked-only,0.7362075526851357,0.8767969735182849,0.5125243258791706,122,325,447
17,0.98,embedding_0.98,RandomForest,baseline,0.8829590148505533,0.9563221282349611,0.7714696695760767,177,539,716
17,0.98,embedding_0.98,RandomForest,cleaned,0.8465147719591236,0.9446802923541511,0.7025031205592436,73,313,386
17,0.98,embedding_0.98,RandomForest,leaked-only,0.9113636363636364,0.960219537100068,0.8257508781047624,104,226,330
17,0.98,embedding_0.98,LogisticRegression,baseline,0.7408174486803518,0.8693751768812301,0.5103061750375896,177,539,716
17,0.98,embedding_0.98,LogisticRegression,cleaned,0.7537951269294554,0.8743489868265568,0.517973996174457,73,313,386
17,0.98,embedding_0.98,LogisticRegression,leaked-only,0.708876009068574,0.8578539823008849,0.47449396755995155,104,226,330
17,0.99,embedding_0.99,RandomForest,baseline,0.8829590148505533,0.9563221282349611,0.7714696695760767,177,539,716
17,0.99,embedding_0.99,RandomForest,cleaned,0.876702470268617,0.9542368697154847,0.7596071871529867,132,491,623
17,0.99,embedding_0.99,RandomForest,leaked-only,0.8816657027183343,0.94375,0.7684475440177923,45,48,93
17,0.99,embedding_0.99,LogisticRegression,baseline,0.7408174486803518,0.8693751768812301,0.5103061750375896,177,539,716
17,0.99,embedding_0.99,LogisticRegression,cleaned,0.7356685876555584,0.8619082885885331,0.4936054810368853,132,491,623
17,0.99,embedding_0.99,LogisticRegression,leaked-only,0.6469075321494182,0.8328703703703704,0.40539835481530573,45,48,93
17,1.0,embedding_1.0,RandomForest,baseline,0.8829590148505533,0.9563221282349611,0.7714696695760767,177,539,716
17,1.0,embedding_1.0,RandomForest,cleaned,0.8829590148505533,0.9563221282349611,0.7714696695760767,177,539,716
17,1.0,embedding_1.0,LogisticRegression,baseline,0.7408174486803518,0.8693751768812301,0.5103061750375896,177,539,716
17,1.0,embedding_1.0,LogisticRegression,cleaned,0.7408174486803518,0.8693751768812301,0.5103061750375896,177,539,716
18,0.9,embedding_0.9,RandomForest,baseline,0.8675168115466623,0.95128896882494,0.7441558829906364,162,556,718
18,0.9,embedding_0.9,RandomForest,cleaned,0.5763546798029556,0.7777777777777778,0.3253132261596651,7,36,43
18,0.9,embedding_0.9,RandomForest,leaked-only,0.8890532544378699,0.9539267990074441,0.7826940330801145,155,520,675
18,0.9,embedding_0.9,LogisticRegression,baseline,0.7563612699298099,0.8877675637267962,0.5558303231394409,162,556,718
18,0.9,embedding_0.9,LogisticRegression,cleaned,0.6532258064516129,0.873015873015873,0.4164888653176255,7,36,43
18,0.9,embedding_0.9,LogisticRegression,leaked-only,0.7626582278481012,0.889454094292804,0.5651208485602008,155,520,675
18,0.91,embedding_0.91,RandomForest,baseline,0.8675168115466623,0.95128896882494,0.7441558829906364,162,556,718
18,0.91,embedding_0.91,RandomForest,cleaned,0.5946691176470589,0.8194444444444444,0.3593267882314659,9,40,49
18,0.91,embedding_0.91,RandomForest,leaked-only,0.8913961038961038,0.9538683690530475,0.7868299061551877,153,516,669
18,0.91,embedding_0.91,LogisticRegression,baseline,0.7563612699298099,0.8877675637267962,0.5558303231394409,162,556,718
18,0.91,embedding_0.91,LogisticRegression,cleaned,0.6461242176215696,0.875,0.41952443102037623,9,40,49
18,0.91,embedding_0.91,LogisticRegression,leaked-only,0.7647180423372753,0.8900035466382935,0.5677704264573107,153,516,669
18,0.92,embedding_0.92,RandomForest,baseline,0.8675168115466623,0.95128896882494,0.7441558829906364,162,556,718
18,0.92,embedding_0.92,RandomForest,cleaned,0.5762162162162162,0.8167848699763594,0.3403516468284206,9,47,56
18,0.92,embedding_0.92,RandomForest,leaked-only,0.8964416184332815,0.9543767736302118,0.796055416592748,153,509,662
18,0.92,embedding_0.92,LogisticRegression,baseline,0.7563612699298099,0.8877675637267962,0.5558303231394409,162,556,718
18,0.92,embedding_0.92,LogisticRegression,cleaned,0.6199095022624435,0.8676122931442081,0.3894788043496029,9,47,56
18,0.92,embedding_0.92,LogisticRegression,leaked-only,0.7680651659805553,0.8917652195128216,0.5727106800247714,153,509,662
18,0.93,embedding_0.93,RandomForest,baseline,0.8675168115466623,0.95128896882494,0.7441558829906364,162,556,718
18,0.93,embedding_0.93,RandomForest,cleaned,0.6091503267973856,0.8687106918238994,0.38925138466191217,12,53,65
18,0.93,embedding_0.93,RandomForest,leaked-only,0.8983747971275484,0.9539231278992709,0.7994633604834336,150,503,653
18,0.93,embedding_0.93,LogisticRegression,baseline,0.7563612699298099,0.8877675637267962,0.5558303231394409,162,556,718
18,0.93,embedding_0.93,LogisticRegression,cleaned,0.6615511098931215,0.8694968553459119,0.4503884628454377,12,53,65
18,0.93,embedding_0.93,LogisticRegression,leaked-only,0.7661181381051088,0.8909078860172299,0.5690221204152203,150,503,653
18,0.94,embedding_0.94,RandomForest,baseline,0.8675168115466623,0.95128896882494,0.7441558829906364,162,556,718
18,0.94,embedding_0.94,RandomForest,cleaned,0.6375230743413325,0.8902329749103942,0.40573545255688553,18,62,80
18,0.94,embedding_0.94,RandomForest,leaked-only,0.9030575205551147,0.9532304318488529,0.8084714174501759,144,494,638
18,0.94,embedding_0.94,LogisticRegression,baseline,0.7563612699298099,0.8877675637267962,0.5558303231394409,162,556,718
18,0.94,embedding_0.94,LogisticRegression,cleaned,0.6925227113906359,0.8835125448028673,0.47534331694263005,18,62,80
18,0.94,embedding_0.94,LogisticRegression,leaked-only,0.7647492625368731,0.8893527890238417,0.5675305937427804,144,494,638
18,0.95,embedding_0.95,RandomForest,baseline,0.8675168115466623,0.95128896882494,0.7441558829906364,162,556,718
18,0.95,embedding_0.95,RandomForest,cleaned,0.673777961888981,0.8765060240963857,0.4415686269321984,22,83,105
18,0.95,embedding_0.95,RandomForest,leaked-only,0.9064734088927637,0.958849290244639,0.8151890531197701,140,473,613
18,0.95,embedding_0.95,LogisticRegression,baseline,0.7563612699298099,0.8877675637267962,0.5558303231394409,162,556,718
18,0.95,embedding_0.95,LogisticRegression,cleaned,0.707833904109589,0.8515881708652794,0.48724137971128567,22,83,105
18,0.95,embedding_0.95,LogisticRegression,leaked-only,0.7648096992019644,0.8943521594684385,0.5683911081268855,140,473,613
18,0.96,embedding_0.96,RandomForest,baseline,0.8675168115466623,0.95128896882494,0.7441558829906364,162,556,718
18,0.96,embedding_0.96,RandomForest,cleaned,0.7526080476900149,0.9233908582089553,0.5557000791964996,32,134,166
18,0.96,embedding_0.96,RandomForest,leaked-only,0.9033816425120773,0.9575647101713453,0.8093955612254186,130,422,552
18,0.96,embedding_0.96,LogisticRegression,baseline,0.7563612699298099,0.8877675637267962,0.5558303231394409,162,556,718
18,0.96,embedding_0.96,LogisticRegression,cleaned,0.7609447004608295,0.8903917910447762,0.5589326800070883,32,134,166
18,0.96,embedding_0.96,LogisticRegression,leaked-only,0.7542938711608418,0.8872402479037551,0.5536605541460284,130,422,552
18,0.97,embedding_0.97,RandomForest,baseline,0.8675168115466623,0.95128896882494,0.7441558829906364,162,556,718
18,0.97,embedding_0.97,RandomForest,cleaned,0.7945854360618703,0.9293290789927562,0.6169532451783227,52,223,275
18,0.97,embedding_0.97,RandomForest,leaked-only,0.9097397945435066,0.9618209118209118,0.82203348414441,110,333,443
18,0.97,embedding_0.97,LogisticRegression,baseline,0.7563612699298099,0.8877675637267962,0.5558303231394409,162,556,718
18,0.97,embedding_0.97,LogisticRegression,cleaned,0.790119320191359,0.8931528113142464,0.600896311281388,52,223,275
18,0.97,embedding_0.97,LogisticRegression,leaked-only,0.7349768962982799,0.8825825825825825,0.5289503417941774,110,333,443
18,0.98,embedding_0.98,RandomForest,baseline,0.8675168115466623,0.95128896882494,0.7441558829906364,162,556,718
18,0.98,embedding_0.98,RandomForest,cleaned,0.8266264121542657,0.9449076160432628,0.6734045003347621,70,317,387
18,0.98,embedding_0.98,RandomForest,leaked-only,0.9052119129438717,0.9537020192832454,0.8127910909949133,92,239,331
18,0.98,embedding_0.98,LogisticRegression,baseline,0.7563612699298099,0.8877675637267962,0.5558303231394409,162,556,718
18,0.98,embedding_0.98,LogisticRegression,cleaned,0.7832225913621262,0.8923839567372691,0.5874062281533844,70,317,387
18,0.98,embedding_0.98,LogisticRegression,leaked-only,0.7189285162884052,0.8773876659996361,0.512279530127317,92,239,331
18,0.99,embedding_0.99,RandomForest,baseline,0.8675168115466623,0.95128896882494,0.7441558829906364,162,556,718
18,0.99,embedding_0.99,RandomForest,cleaned,0.8680353242673791,0.952709678413486,0.7463245469798153,127,511,638
18,0.99,embedding_0.99,RandomForest,leaked-only,0.8368627450980393,0.9292063492063491,0.680336051416609,35,45,80
18,0.99,embedding_0.99,LogisticRegression,baseline,0.7563612699298099,0.8877675637267962,0.5558303231394409,162,556,718
18,0.99,embedding_0.99,LogisticRegression,cleaned,0.7572787288799374,0.8860039755304561,0.5503919087249834,127,511,638
18,0.99,embedding_0.99,LogisticRegression,leaked-only,0.6502024291497976,0.8615873015873016,0.45098363982105094,35,45,80
18,1.0,embedding_1.0,RandomForest,baseline,0.8675168115466623,0.95128896882494,0.7441558829906364,162,556,718
18,1.0,embedding_1.0,RandomForest,cleaned,0.8675168115466623,0.95128896882494,0.7441558829906364,162,556,718
18,1.0,embedding_1.0,LogisticRegression,baseline,0.7563612699298099,0.8877675637267962,0.5558303231394409,162,556,718
18,1.0,embedding_1.0,LogisticRegression,cleaned,0.7563612699298099,0.8877675637267962,0.5558303231394409,162,556,718
19,0.9,embedding_0.9,RandomForest,baseline,0.8845081640780565,0.9575727390659748,0.7717179490359573,152,568,720
19,0.9,embedding_0.9,RandomForest,cleaned,0.7280701754385965,0.7045454545454546,0.46277514967945194,11,20,31
19,0.9,embedding_0.9,RandomForest,leaked-only,0.8934755720470007,0.9710294041517834,0.7894852213989425,141,548,689
19,0.9,embedding_0.9,LogisticRegression,baseline,0.7617799845920143,0.8944356931060043,0.562270340932251,152,568,720
19,0.9,embedding_0.9,LogisticRegression,cleaned,0.6477272727272727,0.6636363636363636,0.29545454545454547,11,20,31
19,0.9,embedding_0.9,LogisticRegression,leaked-only,0.7673565968760385,0.9081767355179376,0.5781836195705659,141,548,689
19,0.91,embedding_0.91,RandomForest,baseline,0.8845081640780565,0.9575727390659748,0.7717179490359573,152,568,720
19,0.91,embedding_0.91,RandomForest,cleaned,0.7599219258295381,0.771978021978022,0.5293838425445687,13,28,41
19,0.91,embedding_0.91,RandomForest,leaked-only,0.8939011751199835,0.9713029576338928,0.790137901028767,139,540,679
19,0.91,embedding_0.91,LogisticRegression,baseline,0.7617799845920143,0.8944356931060043,0.562270340932251,152,568,720
19,0.91,embedding_0.91,LogisticRegression,cleaned,0.653220559531555,0.717032967032967,0.3144854510165755,13,28,41
19,0.91,embedding_0.91,LogisticRegression,leaked-only,0.7688954765041721,0.9076072475353051,0.5799646228930204,139,540,679
19,0.92,embedding_0.92,RandomForest,baseline,0.8845081640780565,0.9575727390659748,0.7717179490359573,152,568,720
19,0.92,embedding_0.92,RandomForest,cleaned,0.7611874169251218,0.8181818181818182,0.5402078257018265,16,33,49
19,0.92,embedding_0.92,RandomForest,leaked-only,0.895843585382367,0.9716602528862013,0.7935950173789472,136,535,671
19,0.92,embedding_0.92,LogisticRegression,baseline,0.7617799845920143,0.8944356931060043,0.562270340932251,152,568,720
19,0.92,embedding_0.92,LogisticRegression,cleaned,0.656140350877193,0.7518939393939394,0.3339115355603141,16,33,49
19,0.92,embedding_0.92,LogisticRegression,leaked-only,0.7699300362428697,0.9072292468389226,0.5808334540175235,136,535,671
19,0.93,embedding_0.93,RandomForest,baseline,0.8845081640780565,0.9575727390659748,0.7717179490359573,152,568,720
19,0.93,embedding_0.93,RandomForest,cleaned,0.7753086419753086,0.8486842105263158,0.5731554736092551,19,44,63
19,0.93,embedding_0.93,RandomForest,leaked-only,0.8976157082748948,0.9719838718934742,0.7967448235504445,133,524,657
19,0.93,embedding_0.93,LogisticRegression,baseline,0.7617799845920143,0.8944356931060043,0.562270340932251,152,568,720
19,0.93,embedding_0.93,LogisticRegression,cleaned,0.6776191758685699,0.7858851674641149,0.38668014055609123,19,44,63
19,0.93,embedding_0.93,LogisticRegression,leaked-only,0.7702252519264967,0.9083539000172186,0.5804722812421819,133,524,657
19,0.94,embedding_0.94,RandomForest,baseline,0.8845081640780565,0.9575727390659748,0.7717179490359573,152,568,720
19,0.94,embedding_0.94,RandomForest,cleaned,0.7718518518518518,0.8478260869565217,0.5635607036578398,23,54,77
19,0.94,embedding_0.94,RandomForest,leaked-only,0.9015529308836395,0.9727701867101016,0.804481798058242,129,514,643
19,0.94,embedding_0.94,LogisticRegression,baseline,0.7617799845920143,0.8944356931060043,0.562270340932251,152,568,720
19,0.94,embedding_0.94,LogisticRegression,cleaned,0.7075420510037982,0.8156199677938808,0.4482315831441074,23,54,77
19,0.94,embedding_0.94,LogisticRegression,leaked-only,0.7681009824648676,0.9072632944228275,0.5762214422059369,129,514,643
19,0.95,embedding_0.95,RandomForest,baseline,0.8845081640780565,0.9575727390659748,0.7717179490359573,152,568,720
19,0.95,embedding_0.95,RandomForest,cleaned,0.8040979510244878,0.8805479452054795,0.6231864386304022,25,73,98
19,0.95,embedding_0.95,RandomForest,leaked-only,0.8995802389409105,0.9723773164718046,0.8005892945863896,127,495,622
19,0.95,embedding_0.95,LogisticRegression,baseline,0.7617799845920143,0.8944356931060043,0.562270340932251,152,568,720
19,0.95,embedding_0.95,LogisticRegression,cleaned,0.7168993740972557,0.8438356164383563,0.46168139861587265,25,73,98
19,0.95,embedding_0.95,LogisticRegression,leaked-only,0.7691870679605274,0.9054640897160582,0.5793463599457059,127,495,622
19,0.96,embedding_0.96,RandomForest,baseline,0.8845081640780565,0.9575727390659748,0.7717179490359573,152,568,720
19,0.96,embedding_0.96,RandomForest,cleaned,0.7985023041474655,0.87890625,0.6049678186230065,31,128,159
19,0.96,embedding_0.96,RandomForest,leaked-only,0.9083965310787765,0.9751690458302029,0.8184382248425534,121,440,561
19,0.96,embedding_0.96,LogisticRegression,baseline,0.7617799845920143,0.8944356931060043,0.562270340932251,152,568,720
19,0.96,embedding_0.96,LogisticRegression,cleaned,0.7343859460042033,0.8679435483870968,0.49124212455343175,31,128,159
19,0.96,embedding_0.96,LogisticRegression,leaked-only,0.7682902119700747,0.9064613072877535,0.5804634598899437,121,440,561
19,0.97,embedding_0.97,RandomForest,baseline,0.8845081640780565,0.9575727390659748,0.7717179490359573,152,568,720
19,0.97,embedding_0.97,RandomForest,cleaned,0.8414125904803684,0.9192390524048816,0.6897087593506214,42,199,241
19,0.97,embedding_0.97,RandomForest,leaked-only,0.9027353081700908,0.9715200788371519,0.8069069351270921,110,369,479
19,0.97,embedding_0.97,LogisticRegression,baseline,0.7617799845920143,0.8944356931060043,0.562270340932251,152,568,720
19,0.97,embedding_0.97,LogisticRegression,cleaned,0.7715756846069114,0.8967456329265374,0.5627519108834882,42,199,241
19,0.97,embedding_0.97,LogisticRegression,leaked-only,0.7546307679698385,0.8953929539295394,0.5586668856450157,110,369,479
19,0.98,embedding_0.98,RandomForest,baseline,0.8845081640780565,0.9575727390659748,0.7717179490359573,152,568,720
19,0.98,embedding_0.98,RandomForest,cleaned,0.8687674737116144,0.9495114006514658,0.7425302027294315,67,307,374
19,0.98,embedding_0.98,RandomForest,leaked-only,0.8975152213263122,0.9668920441739914,0.7962644296970989,85,261,346
19,0.98,embedding_0.98,LogisticRegression,baseline,0.7617799845920143,0.8944356931060043,0.562270340932251,152,568,720
19,0.98,embedding_0.98,LogisticRegression,cleaned,0.7872582480091013,0.9085517040206136,0.5923564039340454,67,307,374
19,0.98,embedding_0.98,LogisticRegression,leaked-only,0.7325946273103963,0.882938922695515,0.5304050978662089,85,261,346
19,0.99,embedding_0.99,RandomForest,baseline,0.8845081640780565,0.9575727390659748,0.7717179490359573,152,568,720
19,0.99,embedding_0.99,RandomForest,cleaned,0.863942266517014,0.9473062015503876,0.7324017149639295,100,516,616
19,0.99,embedding_0.99,RandomForest,leaked-only,0.9134535367545076,0.9709689349112426,0.8270760267212818,52,52,104
19,0.99,embedding_0.99,LogisticRegression,baseline,0.7617799845920143,0.8944356931060043,0.562270340932251,152,568,720
19,0.99,embedding_0.99,LogisticRegression,cleaned,0.7431932569280213,0.8864147286821704,0.5303958591861936,100,516,616
19,0.99,embedding_0.99,LogisticRegression,leaked-only,0.7332573382730123,0.8576183431952663,0.5087230797227998,52,52,104
19,1.0,embedding_1.0,RandomForest,baseline,0.8845081640780565,0.9575727390659748,0.7717179490359573,152,568,720
19,1.0,embedding_1.0,RandomForest,cleaned,0.8845081640780565,0.9575727390659748,0.7717179490359573,152,568,720
19,1.0,embedding_1.0,LogisticRegression,baseline,0.7617799845920143,0.8944356931060043,0.562270340932251,152,568,720
19,1.0,embedding_1.0,LogisticRegression,cleaned,0.7617799845920143,0.8944356931060043,0.562270340932251,152,568,720
20,0.9,embedding_0.9,RandomForest,baseline,0.8522735189614732,0.9570726711778279,0.7160969074383741,129,598,727
20,0.9,embedding_0.9,RandomForest,cleaned,0.6886446886446886,0.7905138339920948,0.39847500714897677,11,23,34
20,0.9,embedding_0.9,RandomForest,leaked-only,0.8627759003062625,0.9611790714812085,0.7366912310402286,118,575,693
20,0.9,embedding_0.9,LogisticRegression,baseline,0.7201969762760037,0.8842653807264524,0.503029821295401,129,598,727
20,0.9,embedding_0.9,LogisticRegression,cleaned,0.6739319965126417,0.7905138339920948,0.4508602731264771,11,23,34
20,0.9,embedding_0.9,LogisticRegression,leaked-only,0.7202104999373512,0.891171702284451,0.5018236850411645,118,575,693
20,0.91,embedding_0.91,RandomForest,baseline,0.8522735189614732,0.9570726711778279,0.7160969074383741,129,598,727
20,0.91,embedding_0.91,RandomForest,cleaned,0.710344827586207,0.8361111111111111,0.4448396935314749,12,30,42
20,0.91,embedding_0.91,RandomForest,leaked-only,0.8635407486941578,0.9609139882027207,0.7378596743368968,117,568,685
20,0.91,embedding_0.91,LogisticRegression,baseline,0.7201969762760037,0.8842653807264524,0.503029821295401,129,598,727
20,0.91,embedding_0.91,LogisticRegression,cleaned,0.703529411764706,0.8083333333333333,0.49749371855331,12,30,42
20,0.91,embedding_0.91,LogisticRegression,leaked-only,0.7194347737046898,0.8901829782111471,0.5002719595770153,117,568,685
20,0.92,embedding_0.92,RandomForest,baseline,0.8522735189614732,0.9570726711778279,0.7160969074383741,129,598,727
20,0.92,embedding_0.92,RandomForest,cleaned,0.7297794117647058,0.8469387755102041,0.48583380158097345,14,35,49
20,0.92,embedding_0.92,RandomForest,leaked-only,0.8635947385947386,0.9616958838520349,0.7376974571199372,115,563,678
20,0.92,embedding_0.92,LogisticRegression,baseline,0.7201969762760037,0.8842653807264524,0.503029821295401,129,598,727
20,0.92,embedding_0.92,LogisticRegression,cleaned,0.6805736636245111,0.7938775510204082,0.4389381125701739,14,35,49
20,0.92,embedding_0.92,LogisticRegression,leaked-only,0.7216157109867998,0.891729091049502,0.50537053191099,115,563,678
20,0.93,embedding_0.93,RandomForest,baseline,0.8522735189614732,0.9570726711778279,0.7160969074383741,129,598,727
20,0.93,embedding_0.93,RandomForest,cleaned,0.7328947368421053,0.8616071428571428,0.4996570369047934,16,42,58
20,0.93,embedding_0.93,RandomForest,leaked-only,0.8655469422911284,0.9613866428980709,0.7408119180767841,113,556,669
20,0.93,embedding_0.93,LogisticRegression,baseline,0.7201969762760037,0.8842653807264524,0.503029821295401,129,598,727
20,0.93,embedding_0.93,LogisticRegression,cleaned,0.7070707070707071,0.8110119047619049,0.4844813951249545,16,42,58
20,0.93,embedding_0.93,LogisticRegression,leaked-only,0.7195741215358451,0.8911154262430764,0.5016943496547762,113,556,669
20,0.94,embedding_0.94,RandomForest,baseline,0.8522735189614732,0.9570726711778279,0.7160969074383741,129,598,727
20,0.94,embedding_0.94,RandomForest,cleaned,0.7648953301127215,0.8830434782608695,0.5508146520130313,23,50,73
20,0.94,embedding_0.94,RandomForest,leaked-only,0.863968322445458,0.9621952899049718,0.7385914729962286,106,548,654
20,0.94,embedding_0.94,LogisticRegression,baseline,0.7201969762760037,0.8842653807264524,0.503029821295401,129,598,727
20,0.94,embedding_0.94,LogisticRegression,cleaned,0.729787648548607,0.8330434782608696,0.510641427727118,23,50,73
20,0.94,embedding_0.94,LogisticRegression,leaked-only,0.7147895730342801,0.8890304365789835,0.4952621801347893,106,548,654
20,0.95,embedding_0.95,RandomForest,baseline,0.8522735189614732,0.9570726711778279,0.7160969074383741,129,598,727
20,0.95,embedding_0.95,RandomForest,cleaned,0.7771836007130125,0.9114583333333333,0.5819143739626463,28,72,100
20,0.95,embedding_0.95,RandomForest,leaked-only,0.8668902853260869,0.9616195459850168,0.7429107636882074,101,526,627
20,0.95,embedding_0.95,LogisticRegression,baseline,0.7201969762760037,0.8842653807264524,0.503029821295401,129,598,727
20,0.95,embedding_0.95,LogisticRegression,cleaned,0.7333333333333334,0.8680555555555556,0.5283474001610652,28,72,100
20,0.95,embedding_0.95,LogisticRegression,leaked-only,0.7136617012895107,0.8848774611301433,0.49133747665482935,101,526,627
20,0.96,embedding_0.96,RandomForest,baseline,0.8522735189614732,0.9570726711778279,0.7160969074383741,129,598,727
20,0.96,embedding_0.96,RandomForest,cleaned,0.8089027995131282,0.9423884514435695,0.6331044391921226,30,127,157
20,0.96,embedding_0.96,RandomForest,leaked-only,0.8652358734095372,0.9609256042377061,0.7409719903395093,99,471,570
20,0.96,embedding_0.96,LogisticRegression,baseline,0.7201969762760037,0.8842653807264524,0.503029821295401,129,598,727
20,0.96,embedding_0.96,LogisticRegression,cleaned,0.7716671155399946,0.9018372703412073,0.5817022813061951,30,127,157
20,0.96,embedding_0.96,LogisticRegression,leaked-only,0.7063158273122686,0.878273177636235,0.4825213944256556,99,471,570
20,0.97,embedding_0.97,RandomForest,baseline,0.8522735189614732,0.9570726711778279,0.7160969074383741,129,598,727
20,0.97,embedding_0.97,RandomForest,cleaned,0.8342630770474573,0.9601758949585036,0.6840228162914316,39,207,246
20,0.97,embedding_0.97,RandomForest,leaked-only,0.8605213132712569,0.9576015913611821,0.730921330121768,90,391,481
20,0.97,embedding_0.97,LogisticRegression,baseline,0.7201969762760037,0.8842653807264524,0.503029821295401,129,598,727
20,0.97,embedding_0.97,LogisticRegression,cleaned,0.7805313243457573,0.9144060448408274,0.5981093798957847,39,207,246
20,0.97,embedding_0.97,LogisticRegression,leaked-only,0.6924552429667519,0.8649048025007104,0.46105649845800817,90,391,481
20,0.98,embedding_0.98,RandomForest,baseline,0.8522735189614732,0.9570726711778279,0.7160969074383741,129,598,727
20,0.98,embedding_0.98,RandomForest,cleaned,0.8428787878787879,0.9604791759964174,0.694354740034775,58,308,366
20,0.98,embedding_0.98,RandomForest,leaked-only,0.8591921643408165,0.9574307916464303,0.7330025387734557,71,290,361
20,0.98,embedding_0.98,LogisticRegression,baseline,0.7201969762760037,0.8842653807264524,0.503029821295401,129,598,727
20,0.98,embedding_0.98,LogisticRegression,cleaned,0.7744287458573174,0.9137371249440216,0.5737229780156744,58,308,366
20,0.98,embedding_0.98,LogisticRegression,leaked-only,0.6706466956606464,0.8593006313744537,0.44847289316651034,71,290,361
20,0.99,embedding_0.99,RandomForest,baseline,0.8522735189614732,0.9570726711778279,0.7160969074383741,129,598,727
20,0.99,embedding_0.99,RandomForest,cleaned,0.8251039809863339,0.9531746031746032,0.6625973626041699,84,525,609
20,0.99,embedding_0.99,RandomForest,leaked-only,0.8958823529411765,0.9537290715372907,0.8053234251773795,45,73,118
20,0.99,embedding_0.99,LogisticRegression,baseline,0.7201969762760037,0.8842653807264524,0.503029821295401,129,598,727
20,0.99,embedding_0.99,LogisticRegression,cleaned,0.7114875682033521,0.8851927437641723,0.48355524329875743,84,525,609
20,0.99,embedding_0.99,LogisticRegression,leaked-only,0.6606269772792637,0.8027397260273973,0.42634930497490026,45,73,118
20,1.0,embedding_1.0,RandomForest,baseline,0.8522735189614732,0.9570726711778279,0.7160969074383741,129,598,727
20,1.0,embedding_1.0,RandomForest,cleaned,0.8522735189614732,0.9570726711778279,0.7160969074383741,129,598,727
20,1.0,embedding_1.0,LogisticRegression,baseline,0.7201969762760037,0.8842653807264524,0.503029821295401,129,598,727
20,1.0,embedding_1.0,LogisticRegression,cleaned,0.7201969762760037,0.8842653807264524,0.503029821295401,129,598,727
21,0.9,embedding_0.9,RandomForest,baseline,0.8466132327518466,0.9658805007177366,0.7126326750906853,103,629,732
21,0.9,embedding_0.9,RandomForest,cleaned,0.6307692307692307,0.7696078431372548,0.2766475001553213,6,34,40
21,0.9,embedding_0.9,RandomForest,leaked-only,0.8599906562340208,0.9720956423806636,0.7395690112194433,97,595,692
21,0.9,embedding_0.9,LogisticRegression,baseline,0.6986588003933136,0.9082068933582355,0.48578115000682726,103,629,732
21,0.9,embedding_0.9,LogisticRegression,cleaned,0.6415770609318996,0.8137254901960784,0.3361227822436775,6,34,40
21,0.9,embedding_0.9,LogisticRegression,leaked-only,0.7018841051160092,0.91295157238153,0.4946507026877063,97,595,692
21,0.91,embedding_0.91,RandomForest,baseline,0.8466132327518466,0.9658805007177366,0.7126326750906853,103,629,732
21,0.91,embedding_0.91,RandomForest,cleaned,0.6736502820306205,0.8157894736842105,0.36051043893945417,7,38,45
21,0.91,embedding_0.91,RandomForest,leaked-only,0.8588347374516654,0.972248660462493,0.7375463546248107,96,591,687
21,0.91,embedding_0.91,LogisticRegression,baseline,0.6986588003933136,0.9082068933582355,0.48578115000682726,103,629,732
21,0.91,embedding_0.91,LogisticRegression,cleaned,0.6785714285714286,0.8571428571428571,0.402825833829251,7,38,45
21,0.91,embedding_0.91,LogisticRegression,leaked-only,0.6999242300435307,0.9115023970671178,0.491700845049255,96,591,687
21,0.92,embedding_0.92,RandomForest,baseline,0.8466132327518466,0.9658805007177366,0.7126326750906853,103,629,732
21,0.92,embedding_0.92,RandomForest,cleaned,0.6522727272727272,0.8042328042328042,0.3193520527015302,9,42,51
21,0.92,embedding_0.92,RandomForest,leaked-only,0.8639883238592718,0.9736579796295626,0.7478324324145456,94,587,681
21,0.92,embedding_0.92,LogisticRegression,baseline,0.6986588003933136,0.9082068933582355,0.48578115000682726,103,629,732
21,0.92,embedding_0.92,LogisticRegression,cleaned,0.6902834008097165,0.8465608465608465,0.4364357804719848,9,42,51
21,0.92,embedding_0.92,LogisticRegression,leaked-only,0.699257165656018,0.913769980789445,0.4900818261258015,94,587,681
21,0.93,embedding_0.93,RandomForest,baseline,0.8466132327518466,0.9658805007177366,0.7126326750906853,103,629,732
21,0.93,embedding_0.93,RandomForest,cleaned,0.7204968944099379,0.8515625000000001,0.45226701686664544,12,48,60
21,0.93,embedding_0.93,RandomForest,leaked-only,0.8607142857142858,0.9739271055966409,0.7421346126827572,91,581,672
21,0.93,embedding_0.93,LogisticRegression,baseline,0.6986588003933136,0.9082068933582355,0.48578115000682726,103,629,732
21,0.93,embedding_0.93,LogisticRegression,cleaned,0.7283176593521421,0.8854166666666667,0.5066710044155938,12,48,60
21,0.93,embedding_0.93,LogisticRegression,leaked-only,0.6953417205032302,0.9111989559493863,0.4837583668050323,91,581,672
21,0.94,embedding_0.94,RandomForest,baseline,0.8466132327518466,0.9658805007177366,0.7126326750906853,103,629,732
21,0.94,embedding_0.94,RandomForest,cleaned,0.7493112947658402,0.8826530612244898,0.5112171874107659,14,63,77
21,0.94,embedding_0.94,RandomForest,leaked-only,0.8601885915899703,0.9736669710564975,0.7410290506506934,89,566,655
21,0.94,embedding_0.94,LogisticRegression,baseline,0.6986588003933136,0.9082068933582355,0.48578115000682726,103,629,732
21,0.94,embedding_0.94,LogisticRegression,cleaned,0.7424749163879598,0.9149659863945578,0.536050769377703,14,63,77
21,0.94,embedding_0.94,LogisticRegression,leaked-only,0.6930363036303631,0.9084448326517647,0.47987742818836093,89,566,655
21,0.95,embedding_0.95,RandomForest,baseline,0.8466132327518466,0.9658805007177366,0.7126326750906853,103,629,732
21,0.95,embedding_0.95,RandomForest,cleaned,0.7973733583489682,0.9148337595907928,0.6033995358970203,23,85,108
21,0.95,embedding_0.95,RandomForest,leaked-only,0.8570992366412213,0.9758961397058823,0.7372539707366429,80,544,624
21,0.95,embedding_0.95,LogisticRegression,baseline,0.6986588003933136,0.9082068933582355,0.48578115000682726,103,629,732
21,0.95,embedding_0.95,LogisticRegression,cleaned,0.7601269169751455,0.8997442455242967,0.5639320393786704,23,85,108
21,0.95,embedding_0.95,LogisticRegression,leaked-only,0.6852925906697322,0.9113970588235294,0.4698011685895259,80,544,624
21,0.96,embedding_0.96,RandomForest,baseline,0.8466132327518466,0.9658805007177366,0.7126326750906853,103,629,732
21,0.96,embedding_0.96,RandomForest,cleaned,0.8218596218596219,0.9437441643323997,0.6545171672339823,28,153,181
21,0.96,embedding_0.96,RandomForest,leaked-only,0.8550889804506006,0.9751540616246498,0.7332633334444265,75,476,551
21,0.96,embedding_0.96,LogisticRegression,baseline,0.6986588003933136,0.9082068933582355,0.48578115000682726,103,629,732
21,0.96,embedding_0.96,LogisticRegression,cleaned,0.7729616724738676,0.930438842203548,0.5829479932248198,28,153,181
21,0.96,embedding_0.96,LogisticRegression,leaked-only,0.6762222463296449,0.9030252100840337,0.46016052492671783,75,476,551
21,0.97,embedding_0.97,RandomForest,baseline,0.8466132327518466,0.9658805007177366,0.7126326750906853,103,629,732
21,0.97,embedding_0.97,RandomForest,cleaned,0.7994435943803032,0.940199562602515,0.6219215549052969,31,236,267
21,0.97,embedding_0.97,RandomForest,leaked-only,0.868625010499309,0.9747844218264065,0.7548999401883051,72,393,465
21,0.97,embedding_0.97,LogisticRegression,baseline,0.6986588003933136,0.9082068933582355,0.48578115000682726,103,629,732
21,0.97,embedding_0.97,LogisticRegression,cleaned,0.7549425743556669,0.935483870967742,0.5611448113796982,31,236,267
21,0.97,embedding_0.97,LogisticRegression,leaked-only,0.6700879765395895,0.8928117048346057,0.45042600544987166,72,393,465
21,0.98,embedding_0.98,RandomForest,baseline,0.8466132327518466,0.9658805007177366,0.7126326750906853,103,629,732
21,0.98,embedding_0.98,RandomForest,cleaned,0.7962962962962963,0.9502959375840732,0.6161663873899261,42,354,396
21,0.98,embedding_0.98,RandomForest,leaked-only,0.8851010101010102,0.9726378539493294,0.7864755196552085,61,275,336
21,0.98,embedding_0.98,LogisticRegression,baseline,0.6986588003933136,0.9082068933582355,0.48578115000682726,103,629,732
21,0.98,embedding_0.98,LogisticRegression,cleaned,0.7357357357357357,0.9291767554479419,0.5234089942178695,42,354,396
21,0.98,embedding_0.98,LogisticRegression,leaked-only,0.652889011629691,0.8863785394932936,0.4406243166113284,61,275,336
21,0.99,embedding_0.99,RandomForest,baseline,0.8466132327518466,0.9658805007177366,0.7126326750906853,103,629,732
21,0.99,embedding_0.99,RandomForest,cleaned,0.8366511591729985,0.9668796194828511,0.6934956412933335,77,557,634
21,0.99,embedding_0.99,RandomForest,leaked-only,0.8690953248330298,0.9455128205128205,0.7579900447118295,26,72,98
21,0.99,embedding_0.99,LogisticRegression,baseline,0.6986588003933136,0.9082068933582355,0.48578115000682726,103,629,732
21,0.99,embedding_0.99,LogisticRegression,cleaned,0.7191210349105086,0.9252255823171442,0.5057935534950468,77,557,634
21,0.99,embedding_0.99,LogisticRegression,leaked-only,0.5203582213891492,0.765491452991453,0.31884011711493976,26,72,98
21,1.0,embedding_1.0,RandomForest,baseline,0.8466132327518466,0.9658805007177366,0.7126326750906853,103,629,732
21,1.0,embedding_1.0,RandomForest,cleaned,0.8466132327518466,0.9658805007177366,0.7126326750906853,103,629,732
21,1.0,embedding_1.0,LogisticRegression,baseline,0.6986588003933136,0.9082068933582355,0.48578115000682726,103,629,732
21,1.0,embedding_1.0,LogisticRegression,cleaned,0.6986588003933136,0.9082068933582355,0.48578115000682726,103,629,732
22,0.9,embedding_0.9,RandomForest,baseline,0.8164993153811045,0.9643625192012288,0.6620598465861013,80,651,731
22,0.9,embedding_0.9,RandomForest,cleaned,0.8357487922705313,0.9051383399209486,0.6732665288728285,11,23,34
22,0.9,embedding_0.9,RandomForest,leaked-only,0.8116291330872938,0.9699875380780947,0.6573885657270598,69,628,697
22,0.9,embedding_0.9,LogisticRegression,baseline,0.6582030973263244,0.9111751152073733,0.4307680321444701,80,651,731
22,0.9,embedding_0.9,LogisticRegression,cleaned,0.7235772357723578,0.8893280632411067,0.48160040984725266,11,23,34
22,0.9,embedding_0.9,LogisticRegression,leaked-only,0.6495319873133751,0.9137588848887658,0.4226268384004432,69,628,697
22,0.91,embedding_0.91,RandomForest,baseline,0.8164993153811045,0.9643625192012288,0.6620598465861013,80,651,731
22,0.91,embedding_0.91,RandomForest,cleaned,0.8583877995642701,0.9201183431952663,0.7181324987175318,13,26,39
22,0.91,embedding_0.91,RandomForest,leaked-only,0.8079378295864557,0.9705074626865672,0.651096703369358,67,625,692
22,0.91,embedding_0.91,LogisticRegression,baseline,0.6582030973263244,0.9111751152073733,0.4307680321444701,80,651,731
22,0.91,embedding_0.91,LogisticRegression,cleaned,0.7291666666666666,0.8905325443786982,0.47532707568263494,13,26,39
22,0.91,embedding_0.91,LogisticRegression,leaked-only,0.6482990409049922,0.9155820895522389,0.4248400837867658,67,625,692
22,0.92,embedding_0.92,RandomForest,baseline,0.8164993153811045,0.9643625192012288,0.6620598465861013,80,651,731
22,0.92,embedding_0.92,RandomForest,cleaned,0.8516129032258064,0.9084821428571428,0.7073171983259131,14,32,46
22,0.92,embedding_0.92,RandomForest,leaked-only,0.8081232492997199,0.9707127821021198,0.651090238373075,66,619,685
22,0.92,embedding_0.92,LogisticRegression,baseline,0.6582030973263244,0.9111751152073733,0.4307680321444701,80,651,731
22,0.92,embedding_0.92,LogisticRegression,cleaned,0.7200811359026369,0.8950892857142857,0.46823919054308083,14,32,46
22,0.92,embedding_0.92,LogisticRegression,leaked-only,0.6481034419079404,0.9146472805600431,0.42402864815393115,66,619,685
22,0.93,embedding_0.93,RandomForest,baseline,0.8164993153811045,0.9643625192012288,0.6620598465861013,80,651,731
22,0.93,embedding_0.93,RandomForest,cleaned,0.8144665461121157,0.9071428571428571,0.6458809194907078,15,42,57
22,0.93,embedding_0.93,RandomForest,leaked-only,0.8128461819510413,0.9710117468738159,0.6581569613958579,65,609,674
22,0.93,embedding_0.93,LogisticRegression,baseline,0.6582030973263244,0.9111751152073733,0.4307680321444701,80,651,731
22,0.93,embedding_0.93,LogisticRegression,cleaned,0.6762445706648847,0.8857142857142857,0.41258129509471797,15,42,57
22,0.93,embedding_0.93,LogisticRegression,leaked-only,0.6514312870401431,0.9146899077933561,0.4276113900237885,65,609,674
22,0.94,embedding_0.94,RandomForest,baseline,0.8164993153811045,0.9643625192012288,0.6620598465861013,80,651,731
22,0.94,embedding_0.94,RandomForest,cleaned,0.8269230769230769,0.9203208556149732,0.6711992436778806,17,55,72
22,0.94,embedding_0.94,RandomForest,leaked-only,0.8109038737446197,0.970397890699904,0.6544944735755812,63,596,659
22,0.94,embedding_0.94,LogisticRegression,baseline,0.6582030973263244,0.9111751152073733,0.4307680321444701,80,651,731
22,0.94,embedding_0.94,LogisticRegression,cleaned,0.692929292929293,0.8844919786096256,0.4285945777020027,17,55,72
22,0.94,embedding_0.94,LogisticRegression,leaked-only,0.6502326595899375,0.9193565569404496,0.4302541013695484,63,596,659
22,0.95,embedding_0.95,RandomForest,baseline,0.8164993153811045,0.9643625192012288,0.6620598465861013,80,651,731
22,0.95,embedding_0.95,RandomForest,cleaned,0.8019278606965174,0.9225352112676056,0.6236252486102735,20,71,91
22,0.95,embedding_0.95,RandomForest,leaked-only,0.8162503588860178,0.9711206896551724,0.6654471302482164,60,580,640
22,0.95,embedding_0.95,LogisticRegression,baseline,0.6582030973263244,0.9111751152073733,0.4307680321444701,80,651,731
22,0.95,embedding_0.95,LogisticRegression,cleaned,0.7307692307692308,0.9140845070422535,0.49836208208525307,20,71,91
22,0.95,embedding_0.95,LogisticRegression,leaked-only,0.6428447721788393,0.9153448275862068,0.41939957526400184,60,580,640
22,0.96,embedding_0.96,RandomForest,baseline,0.8164993153811045,0.9643625192012288,0.6620598465861013,80,651,731
22,0.96,embedding_0.96,RandomForest,cleaned,0.8121212121212121,0.9456596035543404,0.6465219230657514,22,133,155
22,0.96,embedding_0.96,RandomForest,leaked-only,0.8173617627074772,0.9690786845959259,0.6665024164105486,58,518,576
22,0.96,embedding_0.96,LogisticRegression,baseline,0.6582030973263244,0.9111751152073733,0.4307680321444701,80,651,731
22,0.96,embedding_0.96,LogisticRegression,cleaned,0.7379032258064516,0.9371155160628845,0.5206157355986009,22,133,155
22,0.96,embedding_0.96,LogisticRegression,leaked-only,0.6375341237827487,0.9084342963653309,0.4123304930699688,58,518,576
22,0.97,embedding_0.97,RandomForest,baseline,0.8164993153811045,0.9643625192012288,0.6620598465861013,80,651,731
22,0.97,embedding_0.97,RandomForest,cleaned,0.818193465727098,0.9605579605579606,0.6625413488689131,27,231,258
22,0.97,embedding_0.97,RandomForest,leaked-only,0.8155618574973413,0.965566037735849,0.6617511802451131,53,420,473
22,0.97,embedding_0.97,LogisticRegression,baseline,0.6582030973263244,0.9111751152073733,0.4307680321444701,80,651,731
22,0.97,embedding_0.97,LogisticRegression,cleaned,0.7290762026394211,0.9387526054192721,0.5088698729730141,27,231,258
22,0.97,embedding_0.97,LogisticRegression,leaked-only,0.6256430550059359,0.9033692722371968,0.402329708202535,53,420,473
22,0.98,embedding_0.98,RandomForest,baseline,0.8164993153811045,0.9643625192012288,0.6620598465861013,80,651,731
22,0.98,embedding_0.98,RandomForest,cleaned,0.8143661602933473,0.9645605335157319,0.6614830821327032,34,344,378
22,0.98,embedding_0.98,RandomForest,leaked-only,0.8168453822206849,0.9597790681206628,0.6602913324468804,46,307,353
22,0.98,embedding_0.98,LogisticRegression,baseline,0.6582030973263244,0.9111751152073733,0.4307680321444701,80,651,731
22,0.98,embedding_0.98,LogisticRegression,cleaned,0.7299382716049383,0.9450239398084815,0.5206906097846192,34,344,378
22,0.98,embedding_0.98,LogisticRegression,leaked-only,0.5951552262323856,0.8762214983713356,0.36266834803772285,46,307,353
22,0.99,embedding_0.99,RandomForest,baseline,0.8164993153811045,0.9643625192012288,0.6620598465861013,80,651,731
22,0.99,embedding_0.99,RandomForest,cleaned,0.8148431423386051,0.9633105235184694,0.6571565498844728,53,568,621
22,0.99,embedding_0.99,RandomForest,leaked-only,0.7904761904761906,0.9518072289156627,0.625361786758663,27,83,110
22,0.99,embedding_0.99,LogisticRegression,baseline,0.6582030973263244,0.9111751152073733,0.4307680321444701,80,651,731
22,0.99,embedding_0.99,LogisticRegression,cleaned,0.6598095885753146,0.9217379750199308,0.41800367039996694,53,568,621
22,0.99,embedding_0.99,LogisticRegression,leaked-only,0.551543389633081,0.8232931726907631,0.35279240527944483,27,83,110
22,1.0,embedding_1.0,RandomForest,baseline,0.8164993153811045,0.9643625192012288,0.6620598465861013,80,651,731
22,1.0,embedding_1.0,RandomForest,cleaned,0.8164993153811045,0.9643625192012288,0.6620598465861013,80,651,731
22,1.0,embedding_1.0,LogisticRegression,baseline,0.6582030973263244,0.9111751152073733,0.4307680321444701,80,651,731
22,1.0,embedding_1.0,LogisticRegression,cleaned,0.6582030973263244,0.9111751152073733,0.4307680321444701,80,651,731
23,0.9,embedding_0.9,RandomForest,baseline,0.651589646353294,0.9442463612386441,0.41173980565944435,29,706,735
23,0.9,embedding_0.9,RandomForest,cleaned,0.52,0.7407407407407407,0.07881104062391008,3,27,30
23,0.9,embedding_0.9,RandomForest,leaked-only,0.6601023587004895,0.9515690495071938,0.4381711400186155,26,679,705
23,0.9,embedding_0.9,LogisticRegression,baseline,0.5193033294092788,0.8360847904659567,0.23931564445314996,29,706,735
23,0.9,embedding_0.9,LogisticRegression,cleaned,0.3181818181818182,0.2222222222222222,-0.2914915440650688,3,27,30
23,0.9,embedding_0.9,LogisticRegression,leaked-only,0.5300717581300435,0.9022884332162683,0.27652107173424945,26,679,705
23,0.91,embedding_0.91,RandomForest,baseline,0.651589646353294,0.9442463612386441,0.41173980565944435,29,706,735
23,0.91,embedding_0.91,RandomForest,cleaned,0.5748987854251012,0.7903225806451613,0.19959982020829828,4,31,35
23,0.91,embedding_0.91,RandomForest,leaked-only,0.6568430837010014,0.9528296296296297,0.43261291166581917,25,675,700
23,0.91,embedding_0.91,LogisticRegression,baseline,0.5193033294092788,0.8360847904659567,0.23931564445314996,29,706,735
23,0.91,embedding_0.91,LogisticRegression,cleaned,0.38596491228070173,0.3387096774193548,-0.12961896184130317,4,31,35
23,0.91,embedding_0.91,LogisticRegression,leaked-only,0.5269982993197279,0.9066666666666667,0.2712268797403321,25,675,700
23,0.92,embedding_0.92,RandomForest,baseline,0.651589646353294,0.9442463612386441,0.41173980565944435,29,706,735
23,0.92,embedding_0.92,RandomForest,cleaned,0.5647321428571428,0.7928571428571428,0.18859083345447675,4,35,39
23,0.92,embedding_0.92,RandomForest,leaked-only,0.6586033303214147,0.9527272727272728,0.4350760309353773,25,671,696
23,0.92,embedding_0.92,LogisticRegression,baseline,0.5193033294092788,0.8360847904659567,0.23931564445314996,29,706,735
23,0.92,embedding_0.92,LogisticRegression,cleaned,0.39482758620689656,0.35714285714285715,-0.11014177763285021,4,35,39
23,0.92,embedding_0.92,LogisticRegression,leaked-only,0.5274332820585607,0.9065275707898659,0.27189301755138967,25,671,696
23,0.93,embedding_0.93,RandomForest,baseline,0.651589646353294,0.9442463612386441,0.41173980565944435,29,706,735
23,0.93,embedding_0.93,RandomForest,cleaned,0.6458204334365325,0.858695652173913,0.34752402342845795,6,46,52
23,0.93,embedding_0.93,RandomForest,leaked-only,0.6494631602718072,0.9549077733860343,0.4201704281359339,23,660,683
23,0.93,embedding_0.93,LogisticRegression,baseline,0.5193033294092788,0.8360847904659567,0.23931564445314996,29,706,735
23,0.93,embedding_0.93,LogisticRegression,cleaned,0.4871794871794872,0.5978260869565217,0.08565603610802411,6,46,52
23,0.93,embedding_0.93,LogisticRegression,leaked-only,0.5206210168730172,0.9009881422924901,0.26038125684790364,23,660,683
23,0.94,embedding_0.94,RandomForest,baseline,0.651589646353294,0.9442463612386441,0.41173980565944435,29,706,735
23,0.94,embedding_0.94,RandomForest,cleaned,0.6494066882416396,0.8574561403508771,0.37699780308438247,8,57,65
23,0.94,embedding_0.94,RandomForest,leaked-only,0.6454735837947816,0.9579939834177122,0.4118830285321859,21,649,670
23,0.94,embedding_0.94,LogisticRegression,baseline,0.5193033294092788,0.8360847904659567,0.23931564445314996,29,706,735
23,0.94,embedding_0.94,LogisticRegression,cleaned,0.5112781954887218,0.6513157894736842,0.15935672514619884,8,57,65
23,0.94,embedding_0.94,LogisticRegression,leaked-only,0.516257814623539,0.903954802259887,0.25090212377796406,21,649,670
23,0.95,embedding_0.95,RandomForest,baseline,0.651589646353294,0.9442463612386441,0.41173980565944435,29,706,735
23,0.95,embedding_0.95,RandomForest,cleaned,0.6525735294117647,0.888888888888889,0.3915112570359119,9,75,84
23,0.95,embedding_0.95,RandomForest,leaked-only,0.6446962886862719,0.9583597464342314,0.40943629763605105,20,631,651
23,0.95,embedding_0.95,LogisticRegression,baseline,0.5193033294092788,0.8360847904659567,0.23931564445314996,29,706,735
23,0.95,embedding_0.95,LogisticRegression,cleaned,0.5238095238095237,0.7037037037037037,0.19421215222354457,9,75,84
23,0.95,embedding_0.95,LogisticRegression,leaked-only,0.5146203586969783,0.8993660855784469,0.24714958102888432,20,631,651
23,0.96,embedding_0.96,RandomForest,baseline,0.651589646353294,0.9442463612386441,0.41173980565944435,29,706,735
23,0.96,embedding_0.96,RandomForest,cleaned,0.6612546125461255,0.9243827160493827,0.40460796019562495,9,144,153
23,0.96,embedding_0.96,RandomForest,leaked-only,0.6476439741810494,0.9546708185053381,0.4146608941890307,20,562,582
23,0.96,embedding_0.96,LogisticRegression,baseline,0.5193033294092788,0.8360847904659567,0.23931564445314996,29,706,735
23,0.96,embedding_0.96,LogisticRegression,cleaned,0.5504645437941713,0.7361111111111112,0.23054859545713272,9,144,153
23,0.96,embedding_0.96,LogisticRegression,leaked-only,0.511340206185567,0.8902135231316727,0.2476634620139269,20,562,582
23,0.97,embedding_0.97,RandomForest,baseline,0.651589646353294,0.9442463612386441,0.41173980565944435,29,706,735
23,0.97,embedding_0.97,RandomForest,cleaned,0.6874418604651162,0.9464588275160962,0.45858427293059917,13,227,240
23,0.97,embedding_0.97,RandomForest,leaked-only,0.6307110516567195,0.9495041753653445,0.384773274538036,16,479,495
23,0.97,embedding_0.97,LogisticRegression,baseline,0.5193033294092788,0.8360847904659567,0.23931564445314996,29,706,735
23,0.97,embedding_0.97,LogisticRegression,cleaned,0.585316830635777,0.8092172145035581,0.30321364649469024,13,227,240
23,0.97,embedding_0.97,LogisticRegression,leaked-only,0.49099898580121704,0.8662578288100209,0.2179108206603462,16,479,495
23,0.98,embedding_0.98,RandomForest,baseline,0.651589646353294,0.9442463612386441,0.41173980565944435,29,706,735
23,0.98,embedding_0.98,RandomForest,cleaned,0.6862972408996058,0.9595573440643863,0.4583779769331509,14,355,369
23,0.98,embedding_0.98,RandomForest,leaked-only,0.6239750324694207,0.935232668566002,0.37649768847145726,15,351,366
23,0.98,embedding_0.98,LogisticRegression,baseline,0.5193033294092788,0.8360847904659567,0.23931564445314996,29,706,735
23,0.98,embedding_0.98,LogisticRegression,cleaned,0.5884146341463414,0.8271629778672034,0.30805293770411496,14,355,369
23,0.98,embedding_0.98,LogisticRegression,leaked-only,0.46253168136972295,0.8296296296296296,0.1974731542941459,15,351,366
23,0.99,embedding_0.99,RandomForest,baseline,0.651589646353294,0.9442463612386441,0.41173980565944435,29,706,735
23,0.99,embedding_0.99,RandomForest,cleaned,0.6549278528256419,0.949872594675336,0.40958380026924884,19,599,618
23,0.99,embedding_0.99,RandomForest,leaked-only,0.6139492547502561,0.8981308411214953,0.3837805485848506,10,107,117
23,0.99,embedding_0.99,LogisticRegression,baseline,0.5193033294092788,0.8360847904659567,0.23931564445314996,29,706,735
23,0.99,embedding_0.99,LogisticRegression,cleaned,0.5393788819875777,0.8461470872506809,0.2592334443130022,19,599,618
23,0.99,embedding_0.99,LogisticRegression,leaked-only,0.3804557124518614,0.6523364485981309,0.11600837868547963,10,107,117
23,1.0,embedding_1.0,RandomForest,baseline,0.651589646353294,0.9442463612386441,0.41173980565944435,29,706,735
23,1.0,embedding_1.0,RandomForest,cleaned,0.651589646353294,0.9442463612386441,0.41173980565944435,29,706,735
23,1.0,embedding_1.0,LogisticRegression,baseline,0.5193033294092788,0.8360847904659567,0.23931564445314996,29,706,735
23,1.0,embedding_1.0,LogisticRegression,cleaned,0.5193033294092788,0.8360847904659567,0.23931564445314996,29,706,735
