pair,threshold,leakage_method,classifier,subset,f1_macro,auc,mcc,support_buggy,support_clean,total
1,0.9,embedding_0.9,RandomForest,baseline,0.5262866775536006,0.8713748383143849,0.2848370970737694,148,397,545
1,0.9,embedding_0.9,RandomForest,cleaned,0.37142857142857144,0.807605093319379,0.0,63,91,154
1,0.9,embedding_0.9,RandomForest,leaked-only,0.6077550486326165,0.8701460976547482,0.39191835884530846,85,306,391
1,0.9,embedding_0.9,LogisticRegression,baseline,0.7512205771444449,0.7474300496970523,0.539312990332579,148,397,545
1,0.9,embedding_0.9,LogisticRegression,cleaned,0.6650717703349283,0.6856793999651142,0.38298219089112395,63,91,154
1,0.9,embedding_0.9,LogisticRegression,leaked-only,0.7920330447575397,0.7947712418300654,0.6152886825484427,85,306,391
1,0.91,embedding_0.91,RandomForest,baseline,0.5262866775536006,0.8713748383143849,0.2848370970737694,148,397,545
1,0.91,embedding_0.91,RandomForest,cleaned,0.367816091954023,0.8243508454106281,0.0,69,96,165
1,0.91,embedding_0.91,RandomForest,leaked-only,0.6210526315789474,0.8631145128054165,0.4092408722607316,79,301,380
1,0.91,embedding_0.91,LogisticRegression,baseline,0.7512205771444449,0.7474300496970523,0.539312990332579,148,397,545
1,0.91,embedding_0.91,LogisticRegression,cleaned,0.6863636363636363,0.7096920289855072,0.42235766325107277,69,96,165
1,0.91,embedding_0.91,LogisticRegression,leaked-only,0.7811827149366581,0.7823289457083982,0.5954410638275626,79,301,380
1,0.92,embedding_0.92,RandomForest,baseline,0.5262866775536006,0.8713748383143849,0.2848370970737694,148,397,545
1,0.92,embedding_0.92,RandomForest,cleaned,0.36764705882352944,0.8329166666666666,0.0,72,100,172
1,0.92,embedding_0.92,RandomForest,leaked-only,0.6280414838452333,0.8595826687931951,0.4185017822031457,76,297,373
1,0.92,embedding_0.92,LogisticRegression,baseline,0.7512205771444449,0.7474300496970523,0.539312990332579,148,397,545
1,0.92,embedding_0.92,LogisticRegression,cleaned,0.6930320865767989,0.7216666666666667,0.4354648431614539,72,100,172
1,0.92,embedding_0.92,LogisticRegression,leaked-only,0.7780495867768595,0.7749867091972354,0.5891716384456178,76,297,373
1,0.93,embedding_0.93,RandomForest,baseline,0.5262866775536006,0.8713748383143849,0.2848370970737694,148,397,545
1,0.93,embedding_0.93,RandomForest,cleaned,0.3701067615658363,0.8347602739726028,0.0,73,104,177
1,0.93,embedding_0.93,RandomForest,leaked-only,0.6300877417156487,0.8610693970420933,0.4213973867690183,75,293,368
1,0.93,embedding_0.93,LogisticRegression,baseline,0.7512205771444449,0.7474300496970523,0.539312990332579,148,397,545
1,0.93,embedding_0.93,LogisticRegression,cleaned,0.6949152542372881,0.7276080084299261,0.4333329034854827,73,104,177
1,0.93,embedding_0.93,LogisticRegression,leaked-only,0.7779606165322801,0.7716951080773605,0.5929485271944573,75,293,368
1,0.94,embedding_0.94,RandomForest,baseline,0.5262866775536006,0.8713748383143849,0.2848370970737694,148,397,545
1,0.94,embedding_0.94,RandomForest,cleaned,0.3673469387755102,0.8338675213675213,0.0,78,108,186
1,0.94,embedding_0.94,RandomForest,leaked-only,0.6433249926405652,0.8566238260009887,0.4388466956968363,70,289,359
1,0.94,embedding_0.94,LogisticRegression,baseline,0.7512205771444449,0.7474300496970523,0.539312990332579,148,397,545
1,0.94,embedding_0.94,LogisticRegression,cleaned,0.7070866141732284,0.7266144349477682,0.4563833338203532,78,108,186
1,0.94,embedding_0.94,LogisticRegression,leaked-only,0.7674485168948946,0.7716757291151755,0.5737817367973519,70,289,359
1,0.95,embedding_0.95,RandomForest,baseline,0.5262866775536006,0.8713748383143849,0.2848370970737694,148,397,545
1,0.95,embedding_0.95,RandomForest,cleaned,0.3729903536977492,0.8420449585333916,0.0,79,116,195
1,0.95,embedding_0.95,RandomForest,leaked-only,0.6451458632233381,0.8561555521171799,0.44168776833886275,69,281,350
1,0.95,embedding_0.95,LogisticRegression,baseline,0.7512205771444449,0.7474300496970523,0.539312990332579,148,397,545
1,0.95,embedding_0.95,LogisticRegression,cleaned,0.7115384615384616,0.7246835443037976,0.45967158474866854,79,116,195
1,0.95,embedding_0.95,LogisticRegression,leaked-only,0.7665332570992949,0.7707978750838105,0.577051697405725,69,281,350
1,0.96,embedding_0.96,RandomForest,baseline,0.5262866775536006,0.8713748383143849,0.2848370970737694,148,397,545
1,0.96,embedding_0.96,RandomForest,cleaned,0.3611940298507463,0.8466631120590065,0.0,93,121,214
1,0.96,embedding_0.96,RandomForest,leaked-only,0.6923571888181883,0.8294795783926219,0.5048680767208151,55,276,331
1,0.96,embedding_0.96,LogisticRegression,baseline,0.7512205771444449,0.7474300496970523,0.539312990332579,148,397,545
1,0.96,embedding_0.96,LogisticRegression,cleaned,0.7041380625476735,0.730116413400871,0.4505937950681546,93,121,214
1,0.96,embedding_0.96,LogisticRegression,leaked-only,0.7682072829131652,0.7622529644268774,0.5793461246911462,55,276,331
1,0.97,embedding_0.97,RandomForest,baseline,0.5262866775536006,0.8713748383143849,0.2848370970737694,148,397,545
1,0.97,embedding_0.97,RandomForest,cleaned,0.36033519553072624,0.8582558139534884,0.0,100,129,229
1,0.97,embedding_0.97,RandomForest,leaked-only,0.721830985915493,0.8079135572139303,0.5456901847914967,48,268,316
1,0.97,embedding_0.97,LogisticRegression,baseline,0.7512205771444449,0.7474300496970523,0.539312990332579,148,397,545
1,0.97,embedding_0.97,LogisticRegression,cleaned,0.7094936050743476,0.7351162790697674,0.4631080928449798,100,129,229
1,0.97,embedding_0.97,LogisticRegression,leaked-only,0.7599431470090916,0.7525652985074627,0.5619205740112684,48,268,316
1,0.98,embedding_0.98,RandomForest,baseline,0.5262866775536006,0.8713748383143849,0.2848370970737694,148,397,545
1,0.98,embedding_0.98,RandomForest,cleaned,0.382830626450116,0.8797479747974798,0.0,101,165,266
1,0.98,embedding_0.98,RandomForest,leaked-only,0.7226551226551227,0.8080062362435804,0.5479957376962801,47,232,279
1,0.98,embedding_0.98,LogisticRegression,baseline,0.7512205771444449,0.7474300496970523,0.539312990332579,148,397,545
1,0.98,embedding_0.98,LogisticRegression,cleaned,0.7285535584962802,0.7264326432643264,0.492490428177405,101,165,266
1,0.98,embedding_0.98,LogisticRegression,leaked-only,0.754976580796253,0.7599046221570067,0.5614863089733168,47,232,279
1,0.99,embedding_0.99,RandomForest,baseline,0.5262866775536006,0.8713748383143849,0.2848370970737694,148,397,545
1,0.99,embedding_0.99,RandomForest,cleaned,0.4680035544237987,0.9056513409961686,0.20524221587989944,116,252,368
1,0.99,embedding_0.99,RandomForest,leaked-only,0.6827709810644432,0.7123922413793105,0.49269213076147833,32,145,177
1,0.99,embedding_0.99,LogisticRegression,baseline,0.7512205771444449,0.7474300496970523,0.539312990332579,148,397,545
1,0.99,embedding_0.99,LogisticRegression,cleaned,0.7577076117138521,0.7491447728516694,0.5424921808561365,116,252,368
1,0.99,embedding_0.99,LogisticRegression,leaked-only,0.6955806475734689,0.7181034482758621,0.4871546518249903,32,145,177
1,1.0,embedding_1.0,RandomForest,baseline,0.5262866775536006,0.8713748383143849,0.2848370970737694,148,397,545
1,1.0,embedding_1.0,RandomForest,cleaned,0.5262866775536006,0.8713748383143849,0.2848370970737694,148,397,545
1,1.0,embedding_1.0,LogisticRegression,baseline,0.7512205771444449,0.7474300496970523,0.539312990332579,148,397,545
1,1.0,embedding_1.0,LogisticRegression,cleaned,0.7512205771444449,0.7474300496970523,0.539312990332579,148,397,545
2,0.9,embedding_0.9,RandomForest,baseline,0.7078968829912227,0.835431021708528,0.541182025565286,264,409,673
2,0.9,embedding_0.9,RandomForest,cleaned,0.4010843812648077,0.6842861146139834,0.17737483808582072,117,122,239
2,0.9,embedding_0.9,RandomForest,leaked-only,0.8670161095790386,0.947308540140795,0.7645555541120856,147,287,434
2,0.9,embedding_0.9,LogisticRegression,baseline,0.7335942997888811,0.7697636511817442,0.4830757937174221,264,409,673
2,0.9,embedding_0.9,LogisticRegression,cleaned,0.579420209317403,0.5720891130727197,0.2188560397162312,117,122,239
2,0.9,embedding_0.9,LogisticRegression,leaked-only,0.8237130714714423,0.9037426817416861,0.6493050201154029,147,287,434
2,0.91,embedding_0.91,RandomForest,baseline,0.7078968829912227,0.835431021708528,0.541182025565286,264,409,673
2,0.91,embedding_0.91,RandomForest,cleaned,0.4227521112767014,0.6916548341293404,0.20870026218849647,122,127,249
2,0.91,embedding_0.91,RandomForest,leaked-only,0.8689119277778923,0.9473454200379582,0.7675247215672104,142,282,424
2,0.91,embedding_0.91,LogisticRegression,baseline,0.7335942997888811,0.7697636511817442,0.4830757937174221,264,409,673
2,0.91,embedding_0.91,LogisticRegression,cleaned,0.5880928424032608,0.5837098231573513,0.23680605352633144,122,127,249
2,0.91,embedding_0.91,LogisticRegression,leaked-only,0.8244306418219461,0.9065527919288783,0.6502791016909425,142,282,424
2,0.92,embedding_0.92,RandomForest,baseline,0.7078968829912227,0.835431021708528,0.541182025565286,264,409,673
2,0.92,embedding_0.92,RandomForest,cleaned,0.4388652482269504,0.7031850961538462,0.23214285714285715,128,130,258
2,0.92,embedding_0.92,RandomForest,leaked-only,0.8736956521739131,0.9462629137676576,0.7750755872979671,136,279,415
2,0.92,embedding_0.92,LogisticRegression,baseline,0.7335942997888811,0.7697636511817442,0.4830757937174221,264,409,673
2,0.92,embedding_0.92,LogisticRegression,cleaned,0.5965884861407249,0.5957331730769231,0.25442321337376383,128,130,258
2,0.92,embedding_0.92,LogisticRegression,leaked-only,0.8246725813265736,0.907337128399747,0.6503511384368814,136,279,415
2,0.93,embedding_0.93,RandomForest,baseline,0.7078968829912227,0.835431021708528,0.541182025565286,264,409,673
2,0.93,embedding_0.93,RandomForest,cleaned,0.46243285510301213,0.714544340463458,0.2643527055681036,136,132,268
2,0.93,embedding_0.93,RandomForest,leaked-only,0.8772546063521421,0.9503187048736462,0.7807039230760462,128,277,405
2,0.93,embedding_0.93,LogisticRegression,baseline,0.7335942997888811,0.7697636511817442,0.4830757937174221,264,409,673
2,0.93,embedding_0.93,LogisticRegression,cleaned,0.6000289792074187,0.6106283422459893,0.26044518242591574,136,132,268
2,0.93,embedding_0.93,LogisticRegression,leaked-only,0.8289414341859416,0.9084217057761733,0.6585451737214292,128,277,405
2,0.94,embedding_0.94,RandomForest,baseline,0.7078968829912227,0.835431021708528,0.541182025565286,264,409,673
2,0.94,embedding_0.94,RandomForest,cleaned,0.4761198640716713,0.7280006218905473,0.2827889991770464,144,134,278
2,0.94,embedding_0.94,RandomForest,leaked-only,0.8847196164269335,0.9483181818181818,0.7926917528609487,120,275,395
2,0.94,embedding_0.94,LogisticRegression,baseline,0.7335942997888811,0.7697636511817442,0.4830757937174221,264,409,673
2,0.94,embedding_0.94,LogisticRegression,cleaned,0.6101918993630063,0.6268138474295191,0.2808023041461152,144,134,278
2,0.94,embedding_0.94,LogisticRegression,leaked-only,0.8273720529039679,0.9048484848484849,0.6551106654615736,120,275,395
2,0.95,embedding_0.95,RandomForest,baseline,0.7078968829912227,0.835431021708528,0.541182025565286,264,409,673
2,0.95,embedding_0.95,RandomForest,cleaned,0.5095822052343791,0.7379084967320262,0.3196400166795386,153,145,298
2,0.95,embedding_0.95,RandomForest,leaked-only,0.8832866479925303,0.9496143871143872,0.7903319711517589,111,264,375
2,0.95,embedding_0.95,LogisticRegression,baseline,0.7335942997888811,0.7697636511817442,0.4830757937174221,264,409,673
2,0.95,embedding_0.95,LogisticRegression,cleaned,0.6162778557590802,0.6412440838404326,0.2851781800664667,153,145,298
2,0.95,embedding_0.95,LogisticRegression,leaked-only,0.8346460777617347,0.9074870324870324,0.6697155677484133,111,264,375
2,0.96,embedding_0.96,RandomForest,baseline,0.7078968829912227,0.835431021708528,0.541182025565286,264,409,673
2,0.96,embedding_0.96,RandomForest,cleaned,0.5332110091743119,0.7471491922711435,0.3462303482851982,164,154,318
2,0.96,embedding_0.96,RandomForest,leaked-only,0.8883030086037604,0.950921568627451,0.7984359711335657,100,255,355
2,0.96,embedding_0.96,LogisticRegression,baseline,0.7335942997888811,0.7697636511817442,0.4830757937174221,264,409,673
2,0.96,embedding_0.96,LogisticRegression,cleaned,0.6295696038410502,0.64927146024707,0.30572338383047365,164,154,318
2,0.96,embedding_0.96,LogisticRegression,leaked-only,0.8338561115260144,0.9093725490196078,0.6682123464424168,100,255,355
2,0.97,embedding_0.97,RandomForest,baseline,0.7078968829912227,0.835431021708528,0.541182025565286,264,409,673
2,0.97,embedding_0.97,RandomForest,cleaned,0.5582117169546662,0.7629094076655051,0.3738679442121818,175,164,339
2,0.97,embedding_0.97,RandomForest,leaked-only,0.8892798857609139,0.9475120385232744,0.7999699401458964,89,245,334
2,0.97,embedding_0.97,LogisticRegression,baseline,0.7335942997888811,0.7697636511817442,0.4830757937174221,264,409,673
2,0.97,embedding_0.97,LogisticRegression,cleaned,0.6511107956561857,0.671602787456446,0.3427095944212865,175,164,339
2,0.97,embedding_0.97,LogisticRegression,leaked-only,0.8199081020255063,0.9012153175877092,0.6406749623447796,89,245,334
2,0.98,embedding_0.98,RandomForest,baseline,0.7078968829912227,0.835431021708528,0.541182025565286,264,409,673
2,0.98,embedding_0.98,RandomForest,cleaned,0.593602917621547,0.7833892229417208,0.4120801552684439,188,184,372
2,0.98,embedding_0.98,RandomForest,leaked-only,0.8809335443037974,0.9401754385964912,0.7862967148470912,76,225,301
2,0.98,embedding_0.98,LogisticRegression,baseline,0.7335942997888811,0.7697636511817442,0.4830757937174221,264,409,673
2,0.98,embedding_0.98,LogisticRegression,cleaned,0.666910866910867,0.6900150323774283,0.3721103774305017,188,184,372
2,0.98,embedding_0.98,LogisticRegression,leaked-only,0.8171622442478925,0.8962573099415205,0.6346003836092015,76,225,301
2,0.99,embedding_0.99,RandomForest,baseline,0.7078968829912227,0.835431021708528,0.541182025565286,264,409,673
2,0.99,embedding_0.99,RandomForest,cleaned,0.6520579499302903,0.8131841257526438,0.47391456772835144,211,281,492
2,0.99,embedding_0.99,RandomForest,leaked-only,0.8733588508869408,0.9223172169811322,0.7743446449402812,53,128,181
2,0.99,embedding_0.99,LogisticRegression,baseline,0.7335942997888811,0.7697636511817442,0.4830757937174221,264,409,673
2,0.99,embedding_0.99,LogisticRegression,cleaned,0.7127487465181058,0.733450270698757,0.452477155631437,211,281,492
2,0.99,embedding_0.99,LogisticRegression,leaked-only,0.7920696683342598,0.8789799528301887,0.5842073119023523,53,128,181
2,1.0,embedding_1.0,RandomForest,baseline,0.7078968829912227,0.835431021708528,0.541182025565286,264,409,673
2,1.0,embedding_1.0,RandomForest,cleaned,0.7078968829912227,0.835431021708528,0.541182025565286,264,409,673
2,1.0,embedding_1.0,LogisticRegression,baseline,0.7335942997888811,0.7697636511817442,0.4830757937174221,264,409,673
2,1.0,embedding_1.0,LogisticRegression,cleaned,0.7335942997888811,0.7697636511817442,0.4830757937174221,264,409,673
3,0.9,embedding_0.9,RandomForest,baseline,0.83905834553222,0.9207802668774127,0.7191851216951233,334,394,728
3,0.9,embedding_0.9,RandomForest,cleaned,0.695906432748538,0.869140625,0.5082657705286816,92,64,156
3,0.9,embedding_0.9,RandomForest,leaked-only,0.8796106287818994,0.925832707237666,0.7848943036076371,242,330,572
3,0.9,embedding_0.9,LogisticRegression,baseline,0.7625626092020967,0.8051080579956837,0.5368272994653,334,394,728
3,0.9,embedding_0.9,LogisticRegression,cleaned,0.7112418246884127,0.7432065217391304,0.4541462074982247,92,64,156
3,0.9,embedding_0.9,LogisticRegression,leaked-only,0.773814920190963,0.8307162534435262,0.5555191941274069,242,330,572
3,0.91,embedding_0.91,RandomForest,baseline,0.83905834553222,0.9207802668774127,0.7191851216951233,334,394,728
3,0.91,embedding_0.91,RandomForest,cleaned,0.6883116883116883,0.8474951972809222,0.5006059809954707,101,67,168
3,0.91,embedding_0.91,RandomForest,leaked-only,0.8861439534651316,0.9304904778779646,0.7953840680980521,233,327,560
3,0.91,embedding_0.91,LogisticRegression,baseline,0.7625626092020967,0.8051080579956837,0.5368272994653,334,394,728
3,0.91,embedding_0.91,LogisticRegression,cleaned,0.6900808854831844,0.7275011083197871,0.4196783135631421,101,67,168
3,0.91,embedding_0.91,LogisticRegression,leaked-only,0.7814384151593454,0.8385504849654158,0.5692253126647938,233,327,560
3,0.92,embedding_0.92,RandomForest,baseline,0.83905834553222,0.9207802668774127,0.7191851216951233,334,394,728
3,0.92,embedding_0.92,RandomForest,cleaned,0.6874085929523441,0.8279946613279945,0.5017528850323738,111,81,192
3,0.92,embedding_0.92,RandomForest,leaked-only,0.8956620696883938,0.938874482442442,0.810907580354358,223,313,536
3,0.92,embedding_0.92,LogisticRegression,baseline,0.7625626092020967,0.8051080579956837,0.5368272994653,334,394,728
3,0.92,embedding_0.92,LogisticRegression,cleaned,0.6873643074250977,0.7150483817150485,0.41926578905362455,111,81,192
3,0.92,embedding_0.92,LogisticRegression,leaked-only,0.788244589789737,0.8450550867490939,0.581194173503131,223,313,536
3,0.93,embedding_0.93,RandomForest,baseline,0.83905834553222,0.9207802668774127,0.7191851216951233,334,394,728
3,0.93,embedding_0.93,RandomForest,cleaned,0.6821842250413679,0.8065845444877703,0.4973910417678805,124,91,215
3,0.93,embedding_0.93,RandomForest,leaked-only,0.9076432078559737,0.9437922363664939,0.8308085810293864,210,303,513
3,0.93,embedding_0.93,LogisticRegression,baseline,0.7625626092020967,0.8051080579956837,0.5368272994653,334,394,728
3,0.93,embedding_0.93,LogisticRegression,cleaned,0.6740731115731116,0.7086139666784828,0.39656754792417204,124,91,215
3,0.93,embedding_0.93,LogisticRegression,leaked-only,0.7988589444035464,0.850887945937451,0.6009414026771781,210,303,513
3,0.94,embedding_0.94,RandomForest,baseline,0.83905834553222,0.9207802668774127,0.7191851216951233,334,394,728
3,0.94,embedding_0.94,RandomForest,cleaned,0.6776679662707408,0.7983091787439615,0.4937319155461932,138,99,237
3,0.94,embedding_0.94,RandomForest,leaked-only,0.9206842086369673,0.9484607402282947,0.8529605922877137,196,295,491
3,0.94,embedding_0.94,LogisticRegression,baseline,0.7625626092020967,0.8051080579956837,0.5368272994653,334,394,728
3,0.94,embedding_0.94,LogisticRegression,cleaned,0.6747348721147848,0.7185624359537403,0.40481898259218685,138,99,237
3,0.94,embedding_0.94,LogisticRegression,leaked-only,0.8041037332573382,0.8521618817018333,0.6098641863832406,196,295,491
3,0.95,embedding_0.95,RandomForest,baseline,0.83905834553222,0.9207802668774127,0.7191851216951233,334,394,728
3,0.95,embedding_0.95,RandomForest,cleaned,0.691311857262831,0.8037323037323036,0.5116139956077135,148,105,253
3,0.95,embedding_0.95,RandomForest,leaked-only,0.9219263642340565,0.948450347881088,0.8550922732073567,186,289,475
3,0.95,embedding_0.95,LogisticRegression,baseline,0.7625626092020967,0.8051080579956837,0.5368272994653,334,394,728
3,0.95,embedding_0.95,LogisticRegression,cleaned,0.6716084134803346,0.7191119691119691,0.4002049442551472,148,105,253
3,0.95,embedding_0.95,LogisticRegression,leaked-only,0.8101152712000714,0.8565688134836478,0.6211963491894721,186,289,475
3,0.96,embedding_0.96,RandomForest,baseline,0.83905834553222,0.9207802668774127,0.7191851216951233,334,394,728
3,0.96,embedding_0.96,RandomForest,cleaned,0.711874460742019,0.814082581350834,0.5383598622490142,159,115,274
3,0.96,embedding_0.96,RandomForest,leaked-only,0.9200307450879919,0.9489912954429083,0.8518241576783295,175,279,454
3,0.96,embedding_0.96,LogisticRegression,baseline,0.7625626092020967,0.8051080579956837,0.5368272994653,334,394,728
3,0.96,embedding_0.96,LogisticRegression,cleaned,0.678678038379531,0.7234891987968279,0.40414947435134607,159,115,274
3,0.96,embedding_0.96,LogisticRegression,leaked-only,0.8114813661372366,0.857163338453661,0.6242419673479834,175,279,454
3,0.97,embedding_0.97,RandomForest,baseline,0.83905834553222,0.9207802668774127,0.7191851216951233,334,394,728
3,0.97,embedding_0.97,RandomForest,cleaned,0.7287090763907373,0.8287159773771651,0.5614468079200825,184,123,307
3,0.97,embedding_0.97,RandomForest,leaked-only,0.923968008255934,0.94849938499385,0.8585850795975138,150,271,421
3,0.97,embedding_0.97,LogisticRegression,baseline,0.7625626092020967,0.8051080579956837,0.5368272994653,334,394,728
3,0.97,embedding_0.97,LogisticRegression,cleaned,0.6839854403446776,0.7208377518557794,0.4168257749986375,184,123,307
3,0.97,embedding_0.97,LogisticRegression,leaked-only,0.814761565395222,0.8726937269372692,0.6297948349196767,150,271,421
3,0.98,embedding_0.98,RandomForest,baseline,0.83905834553222,0.9207802668774127,0.7191851216951233,334,394,728
3,0.98,embedding_0.98,RandomForest,cleaned,0.7499662913773343,0.8573216520650813,0.5902591023685116,204,141,345
3,0.98,embedding_0.98,RandomForest,leaked-only,0.9232680209961133,0.9437823046518699,0.8573552982050473,130,253,383
3,0.98,embedding_0.98,LogisticRegression,baseline,0.7625626092020967,0.8051080579956837,0.5368272994653,334,394,728
3,0.98,embedding_0.98,LogisticRegression,cleaned,0.7014091371240831,0.7410652204144069,0.4450906200902877,204,141,345
3,0.98,embedding_0.98,LogisticRegression,leaked-only,0.8096901684083386,0.8646397081179691,0.6195021057454428,130,253,383
3,0.99,embedding_0.99,RandomForest,baseline,0.83905834553222,0.9207802668774127,0.7191851216951233,334,394,728
3,0.99,embedding_0.99,RandomForest,cleaned,0.7974712443287715,0.9051836024058246,0.6568893569240304,243,260,503
3,0.99,embedding_0.99,RandomForest,leaked-only,0.9335106382978724,0.9452189601443334,0.8752783934910459,91,134,225
3,0.99,embedding_0.99,LogisticRegression,baseline,0.7625626092020967,0.8051080579956837,0.5368272994653,334,394,728
3,0.99,embedding_0.99,LogisticRegression,cleaned,0.7378652543297257,0.7821304210193099,0.4956535005433966,243,260,503
3,0.99,embedding_0.99,LogisticRegression,leaked-only,0.8184019370460048,0.8575528948663278,0.6376826465142986,91,134,225
3,1.0,embedding_1.0,RandomForest,baseline,0.83905834553222,0.9207802668774127,0.7191851216951233,334,394,728
3,1.0,embedding_1.0,RandomForest,cleaned,0.83905834553222,0.9207802668774127,0.7191851216951233,334,394,728
3,1.0,embedding_1.0,LogisticRegression,baseline,0.7625626092020967,0.8051080579956837,0.5368272994653,334,394,728
3,1.0,embedding_1.0,LogisticRegression,cleaned,0.7625626092020967,0.8051080579956837,0.5368272994653,334,394,728
4,0.9,embedding_0.9,RandomForest,baseline,0.8403320865918622,0.9215322519992979,0.6811913348055372,353,452,805
4,0.9,embedding_0.9,RandomForest,cleaned,0.7405744848499319,0.8409090909090909,0.4820356202012078,106,99,205
4,0.9,embedding_0.9,RandomForest,leaked-only,0.8728130671506352,0.9381931621382941,0.7475292136122343,247,353,600
4,0.9,embedding_0.9,LogisticRegression,baseline,0.7686596345100183,0.8184712577402291,0.5374390322674725,353,452,805
4,0.9,embedding_0.9,LogisticRegression,cleaned,0.6874404421574233,0.7174575948160854,0.37488088431484656,106,99,205
4,0.9,embedding_0.9,LogisticRegression,leaked-only,0.7943731982455484,0.8602722758082829,0.5889767409701462,247,353,600
4,0.91,embedding_0.91,RandomForest,baseline,0.8403320865918622,0.9215322519992979,0.6811913348055372,353,452,805
4,0.91,embedding_0.91,RandomForest,cleaned,0.7454844006568144,0.841643975493533,0.4917662974209589,113,104,217
4,0.91,embedding_0.91,RandomForest,leaked-only,0.8733431427574594,0.939080459770115,0.7486818109675514,240,348,588
4,0.91,embedding_0.91,LogisticRegression,baseline,0.7686596345100183,0.8184712577402291,0.5374390322674725,353,452,805
4,0.91,embedding_0.91,LogisticRegression,cleaned,0.6902971562466717,0.7237066031313819,0.38085949021323234,113,104,217
4,0.91,embedding_0.91,LogisticRegression,leaked-only,0.7944427701766017,0.8597701149425288,0.5893794402563763,240,348,588
4,0.92,embedding_0.92,RandomForest,baseline,0.8403320865918622,0.9215322519992979,0.6811913348055372,353,452,805
4,0.92,embedding_0.92,RandomForest,cleaned,0.748805256869773,0.8382845655572928,0.4986208563923967,121,111,232
4,0.92,embedding_0.92,RandomForest,leaked-only,0.874990374990375,0.9415132976033977,0.7523328142996695,232,341,573
4,0.92,embedding_0.92,LogisticRegression,baseline,0.7686596345100183,0.8184712577402291,0.5374390322674725,353,452,805
4,0.92,embedding_0.92,LogisticRegression,cleaned,0.6877757009345794,0.7190082644628099,0.3772043706995245,121,111,232
4,0.92,embedding_0.92,LogisticRegression,leaked-only,0.7967650094423124,0.8633077156436445,0.594718601440934,232,341,573
4,0.93,embedding_0.93,RandomForest,baseline,0.8403320865918622,0.9215322519992979,0.6811913348055372,353,452,805
4,0.93,embedding_0.93,RandomForest,cleaned,0.7606317934782609,0.8482372881355933,0.5221961114474014,125,118,243
4,0.93,embedding_0.93,RandomForest,leaked-only,0.8725997439726905,0.941373831284799,0.7476355945506438,228,334,562
4,0.93,embedding_0.93,LogisticRegression,baseline,0.7686596345100183,0.8184712577402291,0.5374390322674725,353,452,805
4,0.93,embedding_0.93,LogisticRegression,cleaned,0.7025703794369644,0.7336271186440678,0.40667459707255,125,118,243
4,0.93,embedding_0.93,LogisticRegression,leaked-only,0.7928905090586748,0.8592814371257486,0.5870091839916759,228,334,562
4,0.94,embedding_0.94,RandomForest,baseline,0.8403320865918622,0.9215322519992979,0.6811913348055372,353,452,805
4,0.94,embedding_0.94,RandomForest,cleaned,0.7634892086330936,0.8593098656785549,0.5277779659653068,136,127,263
4,0.94,embedding_0.94,RandomForest,leaked-only,0.8749441199798111,0.9407444168734492,0.7525439194049252,217,325,542
4,0.94,embedding_0.94,LogisticRegression,baseline,0.7686596345100183,0.8184712577402291,0.5374390322674725,353,452,805
4,0.94,embedding_0.94,LogisticRegression,cleaned,0.7100835460663728,0.743341824918944,0.4209104741766871,136,127,263
4,0.94,embedding_0.94,LogisticRegression,leaked-only,0.7922277992139666,0.8602197802197803,0.5854527495268432,217,325,542
4,0.95,embedding_0.95,RandomForest,baseline,0.8403320865918622,0.9215322519992979,0.6811913348055372,353,452,805
4,0.95,embedding_0.95,RandomForest,cleaned,0.7693023255813953,0.8687899402185116,0.5393234754096232,147,132,279
4,0.95,embedding_0.95,RandomForest,leaked-only,0.8739486703772418,0.939525182038835,0.7507655368367309,206,320,526
4,0.95,embedding_0.95,LogisticRegression,baseline,0.7686596345100183,0.8184712577402291,0.5374390322674725,353,452,805
4,0.95,embedding_0.95,LogisticRegression,cleaned,0.7188372093023256,0.752576788291074,0.43834574101455137,147,132,279
4,0.95,embedding_0.95,LogisticRegression,leaked-only,0.7880228903038606,0.8565989077669903,0.5771151314460675,206,320,526
4,0.96,embedding_0.96,RandomForest,baseline,0.8403320865918622,0.9215322519992979,0.6811913348055372,353,452,805
4,0.96,embedding_0.96,RandomForest,cleaned,0.7761123846470346,0.8734076433121019,0.5531252926715885,157,136,293
4,0.96,embedding_0.96,RandomForest,leaked-only,0.871082253583915,0.9386140532162232,0.7455652118987268,196,316,512
4,0.96,embedding_0.96,LogisticRegression,baseline,0.7686596345100183,0.8184712577402291,0.5374390322674725,353,452,805
4,0.96,embedding_0.96,LogisticRegression,cleaned,0.7278904367248574,0.7633945297864368,0.4566247843975643,157,136,293
4,0.96,embedding_0.96,LogisticRegression,leaked-only,0.7819385063967108,0.8505069749418754,0.5652001132039551,196,316,512
4,0.97,embedding_0.97,RandomForest,baseline,0.8403320865918622,0.9215322519992979,0.6811913348055372,353,452,805
4,0.97,embedding_0.97,RandomForest,cleaned,0.7819915942399874,0.8783561643835618,0.5652439273851453,175,146,321
4,0.97,embedding_0.97,RandomForest,leaked-only,0.8695325246506349,0.9372567379011529,0.7438300370444109,178,306,484
4,0.97,embedding_0.97,LogisticRegression,baseline,0.7686596345100183,0.8184712577402291,0.5374390322674725,353,452,805
4,0.97,embedding_0.97,LogisticRegression,cleaned,0.7321980664474652,0.7639530332681018,0.46475813592827075,175,146,321
4,0.97,embedding_0.97,LogisticRegression,leaked-only,0.7790324985092427,0.8508665638540059,0.5591795120758501,178,306,484
4,0.98,embedding_0.98,RandomForest,baseline,0.8403320865918622,0.9215322519992979,0.6811913348055372,353,452,805
4,0.98,embedding_0.98,RandomForest,cleaned,0.7834994316529647,0.8798672975759338,0.5669988633059293,209,181,390
4,0.98,embedding_0.98,RandomForest,leaked-only,0.8855878800609147,0.9408440959409594,0.7737179469473049,144,271,415
4,0.98,embedding_0.98,LogisticRegression,baseline,0.7686596345100183,0.8184712577402291,0.5374390322674725,353,452,805
4,0.98,embedding_0.98,LogisticRegression,cleaned,0.7321428571428572,0.7726083163710381,0.4643245052401141,209,181,390
4,0.98,embedding_0.98,LogisticRegression,leaked-only,0.7882119624550229,0.8536797867978679,0.5766995281800796,144,271,415
4,0.99,embedding_0.99,RandomForest,baseline,0.8403320865918622,0.9215322519992979,0.6811913348055372,353,452,805
4,0.99,embedding_0.99,RandomForest,cleaned,0.8053511705685619,0.9016546634128921,0.6111876562417392,265,317,582
4,0.99,embedding_0.99,RandomForest,leaked-only,0.9337548803259208,0.9408670033670034,0.8681765542129583,88,135,223
4,0.99,embedding_0.99,LogisticRegression,baseline,0.7686596345100183,0.8184712577402291,0.5374390322674725,353,452,805
4,0.99,embedding_0.99,LogisticRegression,cleaned,0.7546719123226078,0.8033093268257842,0.5101132979419497,265,317,582
4,0.99,embedding_0.99,LogisticRegression,leaked-only,0.8050699300699301,0.851010101010101,0.6113792645167098,88,135,223
4,1.0,embedding_1.0,RandomForest,baseline,0.8403320865918622,0.9215322519992979,0.6811913348055372,353,452,805
4,1.0,embedding_1.0,RandomForest,cleaned,0.8403320865918622,0.9215322519992979,0.6811913348055372,353,452,805
4,1.0,embedding_1.0,LogisticRegression,baseline,0.7686596345100183,0.8184712577402291,0.5374390322674725,353,452,805
4,1.0,embedding_1.0,LogisticRegression,cleaned,0.7686596345100183,0.8184712577402291,0.5374390322674725,353,452,805
5,0.9,embedding_0.9,RandomForest,baseline,0.8586596909451127,0.9243104118104117,0.7178039628956429,312,495,807
5,0.9,embedding_0.9,RandomForest,cleaned,0.6511586923958058,0.7323179271708683,0.32877833975061505,51,56,107
5,0.9,embedding_0.9,RandomForest,leaked-only,0.8898601398601399,0.9431745782385953,0.7797368020551574,261,439,700
5,0.9,embedding_0.9,LogisticRegression,baseline,0.767236145350125,0.8511849261849262,0.5365860049333441,312,495,807
5,0.9,embedding_0.9,LogisticRegression,cleaned,0.5788506953555497,0.6572128851540615,0.16596528322785845,51,56,107
5,0.9,embedding_0.9,LogisticRegression,leaked-only,0.7952846661333746,0.8819940826853089,0.5919934023880611,261,439,700
5,0.91,embedding_0.91,RandomForest,baseline,0.8586596909451127,0.9243104118104117,0.7178039628956429,312,495,807
5,0.91,embedding_0.91,RandomForest,cleaned,0.6609292005647818,0.7411422527763089,0.3423466088793266,62,61,123
5,0.91,embedding_0.91,RandomForest,leaked-only,0.8926464478604071,0.9447281105990782,0.7853105361821013,250,434,684
5,0.91,embedding_0.91,LogisticRegression,baseline,0.767236145350125,0.8511849261849262,0.5365860049333441,312,495,807
5,0.91,embedding_0.91,LogisticRegression,cleaned,0.58260695987757,0.6705446853516659,0.17154040104725854,62,61,123
5,0.91,embedding_0.91,LogisticRegression,leaked-only,0.7983490566037736,0.8839078341013826,0.5982141324533218,250,434,684
5,0.92,embedding_0.92,RandomForest,baseline,0.8586596909451127,0.9243104118104117,0.7178039628956429,312,495,807
5,0.92,embedding_0.92,RandomForest,cleaned,0.6508097165991903,0.7248121961997349,0.30906704974566845,73,62,135
5,0.92,embedding_0.92,RandomForest,leaked-only,0.8980108551371588,0.94885347918096,0.7960636851783838,239,433,672
5,0.92,embedding_0.92,LogisticRegression,baseline,0.767236145350125,0.8511849261849262,0.5365860049333441,312,495,807
5,0.92,embedding_0.92,LogisticRegression,cleaned,0.5800000000000001,0.6637207247017234,0.16103561344923648,73,62,135
5,0.92,embedding_0.92,LogisticRegression,leaked-only,0.8014292367081696,0.8876573869181636,0.6053512792560445,239,433,672
5,0.93,embedding_0.93,RandomForest,baseline,0.8586596909451127,0.9243104118104117,0.7178039628956429,312,495,807
5,0.93,embedding_0.93,RandomForest,cleaned,0.6596363636363636,0.7279411764705882,0.3262777925774193,88,68,156
5,0.93,embedding_0.93,RandomForest,leaked-only,0.9015179968701095,0.951216962194714,0.8030565707213081,224,427,651
5,0.93,embedding_0.93,LogisticRegression,baseline,0.767236145350125,0.8511849261849262,0.5365860049333441,312,495,807
5,0.93,embedding_0.93,LogisticRegression,cleaned,0.5828877005347594,0.6619318181818181,0.1657754010695187,88,68,156
5,0.93,embedding_0.93,LogisticRegression,leaked-only,0.8064493996569468,0.897927818668451,0.6165567474367349,224,427,651
5,0.94,embedding_0.94,RandomForest,baseline,0.8586596909451127,0.9243104118104117,0.7178039628956429,312,495,807
5,0.94,embedding_0.94,RandomForest,cleaned,0.6615087040618955,0.7214912280701754,0.32857886736505837,99,76,175
5,0.94,embedding_0.94,RandomForest,leaked-only,0.9081518579796986,0.9557912310777954,0.8163261438463335,213,419,632
5,0.94,embedding_0.94,LogisticRegression,baseline,0.767236145350125,0.8511849261849262,0.5365860049333441,312,495,807
5,0.94,embedding_0.94,LogisticRegression,cleaned,0.5916666666666667,0.6604199893673578,0.18349215182652473,99,76,175
5,0.94,embedding_0.94,LogisticRegression,leaked-only,0.8090494116494231,0.902809058007552,0.6215320269893295,213,419,632
5,0.95,embedding_0.95,RandomForest,baseline,0.8586596909451127,0.9243104118104117,0.7178039628956429,312,495,807
5,0.95,embedding_0.95,RandomForest,cleaned,0.6872707803506893,0.7487990810359232,0.3809606845867053,114,84,198
5,0.95,embedding_0.95,RandomForest,leaked-only,0.9064550615645506,0.9568433729017669,0.8129101231291013,198,411,609
5,0.95,embedding_0.95,LogisticRegression,baseline,0.767236145350125,0.8511849261849262,0.5365860049333441,312,495,807
5,0.95,embedding_0.95,LogisticRegression,cleaned,0.6207792207792209,0.6798245614035088,0.24185494181384384,114,84,198
5,0.95,embedding_0.95,LogisticRegression,leaked-only,0.8041987187120436,0.9020251173535845,0.6118982260819708,198,411,609
5,0.96,embedding_0.96,RandomForest,baseline,0.8586596909451127,0.9243104118104117,0.7178039628956429,312,495,807
5,0.96,embedding_0.96,RandomForest,cleaned,0.7070372429127293,0.766742239274503,0.4195268649004643,122,94,216
5,0.96,embedding_0.96,RandomForest,leaked-only,0.9069169182307389,0.9577044231526448,0.8138338364614779,190,401,591
5,0.96,embedding_0.96,LogisticRegression,baseline,0.767236145350125,0.8511849261849262,0.5365860049333441,312,495,807
5,0.96,embedding_0.96,LogisticRegression,cleaned,0.6243974378728181,0.6864318102546215,0.25015781074504173,122,94,216
5,0.96,embedding_0.96,LogisticRegression,leaked-only,0.8077497129735935,0.9042131513321958,0.6182150382010722,190,401,591
5,0.97,embedding_0.97,RandomForest,baseline,0.8586596909451127,0.9243104118104117,0.7178039628956429,312,495,807
5,0.97,embedding_0.97,RandomForest,cleaned,0.7400767352633415,0.8012870083959346,0.48369089151065275,146,124,270
5,0.97,embedding_0.97,RandomForest,leaked-only,0.9128048582470041,0.9608596109505407,0.8256097164940084,166,371,537
5,0.97,embedding_0.97,LogisticRegression,baseline,0.767236145350125,0.8511849261849262,0.5365860049333441,312,495,807
5,0.97,embedding_0.97,LogisticRegression,cleaned,0.6625,0.7247017233760494,0.32618608718688574,146,124,270
5,0.97,embedding_0.97,LogisticRegression,leaked-only,0.8079980197475178,0.9054005780534538,0.619087416012667,166,371,537
5,0.98,embedding_0.98,RandomForest,baseline,0.8586596909451127,0.9243104118104117,0.7178039628956429,312,495,807
5,0.98,embedding_0.98,RandomForest,cleaned,0.7773198397456647,0.8467741935483871,0.5555464257952297,187,186,373
5,0.98,embedding_0.98,RandomForest,leaked-only,0.9276462592013132,0.9645307443365696,0.8555193550227527,125,309,434
5,0.98,embedding_0.98,LogisticRegression,baseline,0.767236145350125,0.8511849261849262,0.5365860049333441,312,495,807
5,0.98,embedding_0.98,LogisticRegression,cleaned,0.6996779388083736,0.7659709044908285,0.3995168691614151,187,186,373
5,0.98,embedding_0.98,LogisticRegression,leaked-only,0.8163667024375287,0.9139935275080906,0.6397816604938071,125,309,434
5,0.99,embedding_0.99,RandomForest,baseline,0.8586596909451127,0.9243104118104117,0.7178039628956429,312,495,807
5,0.99,embedding_0.99,RandomForest,cleaned,0.828955123834179,0.897710393167154,0.6583941924782043,258,334,592
5,0.99,embedding_0.99,RandomForest,leaked-only,0.9453528763873591,0.9665286404416839,0.8913249255871836,54,161,215
5,0.99,embedding_0.99,LogisticRegression,baseline,0.767236145350125,0.8511849261849262,0.5365860049333441,312,495,807
5,0.99,embedding_0.99,LogisticRegression,cleaned,0.7452395599571394,0.8198138606507914,0.4910043697751098,258,334,592
5,0.99,embedding_0.99,LogisticRegression,leaked-only,0.8203842940685047,0.9263860133425351,0.6571080422536014,54,161,215
5,1.0,embedding_1.0,RandomForest,baseline,0.8586596909451127,0.9243104118104117,0.7178039628956429,312,495,807
5,1.0,embedding_1.0,RandomForest,cleaned,0.8586596909451127,0.9243104118104117,0.7178039628956429,312,495,807
5,1.0,embedding_1.0,LogisticRegression,baseline,0.767236145350125,0.8511849261849262,0.5365860049333441,312,495,807
5,1.0,embedding_1.0,LogisticRegression,cleaned,0.767236145350125,0.8511849261849262,0.5365860049333441,312,495,807
6,0.9,embedding_0.9,RandomForest,baseline,0.8774617434942444,0.9358612360486425,0.7555667676806034,290,414,704
6,0.9,embedding_0.9,RandomForest,cleaned,0.7565717415115005,0.8125,0.5171484693130447,47,80,127
6,0.9,embedding_0.9,RandomForest,leaked-only,0.9018479857728292,0.9513503856484561,0.8039766042749182,243,334,577
6,0.9,embedding_0.9,LogisticRegression,baseline,0.7579171442606845,0.8493086789938366,0.5208644496883299,290,414,704
6,0.9,embedding_0.9,LogisticRegression,cleaned,0.6652092843824342,0.7042553191489361,0.3375152507363835,47,80,127
6,0.9,embedding_0.9,LogisticRegression,leaked-only,0.7774899872164309,0.8804366575490994,0.559566679082186,243,334,577
6,0.91,embedding_0.91,RandomForest,baseline,0.8774617434942444,0.9358612360486425,0.7555667676806034,290,414,704
6,0.91,embedding_0.91,RandomForest,cleaned,0.7634242105845268,0.8240418118466899,0.5290401933319193,56,82,138
6,0.91,embedding_0.91,RandomForest,leaked-only,0.904787784679089,0.9523414169498506,0.8099624962160068,234,332,566
6,0.91,embedding_0.91,LogisticRegression,baseline,0.7579171442606845,0.8493086789938366,0.5208644496883299,290,414,704
6,0.91,embedding_0.91,LogisticRegression,cleaned,0.6768149882903982,0.7264808362369338,0.3609262045917667,56,82,138
6,0.91,embedding_0.91,LogisticRegression,leaked-only,0.7777102099248729,0.8808310163731851,0.5599138684769218,234,332,566
6,0.92,embedding_0.92,RandomForest,baseline,0.8774617434942444,0.9358612360486425,0.7555667676806034,290,414,704
6,0.92,embedding_0.92,RandomForest,cleaned,0.7746212121212122,0.8301983584131328,0.5503259451278242,68,86,154
6,0.92,embedding_0.92,RandomForest,leaked-only,0.9068360556563824,0.9543987585146121,0.814200958394333,222,328,550
6,0.92,embedding_0.92,LogisticRegression,baseline,0.7579171442606845,0.8493086789938366,0.5208644496883299,290,414,704
6,0.92,embedding_0.92,LogisticRegression,cleaned,0.6671328671328671,0.7168262653898769,0.33704959412835345,68,86,154
6,0.92,embedding_0.92,LogisticRegression,leaked-only,0.7834580090251068,0.8904224346297517,0.5727550265435728,222,328,550
6,0.93,embedding_0.93,RandomForest,baseline,0.8774617434942444,0.9358612360486425,0.7555667676806034,290,414,704
6,0.93,embedding_0.93,RandomForest,cleaned,0.7880560258580883,0.8432950191570882,0.5770900209794801,75,87,162
6,0.93,embedding_0.93,RandomForest,leaked-only,0.9048519828176109,0.9539648673636301,0.8102539661414937,215,327,542
6,0.93,embedding_0.93,LogisticRegression,baseline,0.7579171442606845,0.8493086789938366,0.5208644496883299,290,414,704
6,0.93,embedding_0.93,LogisticRegression,cleaned,0.6722275243367055,0.7272030651340997,0.3457406330847644,75,87,162
6,0.93,embedding_0.93,LogisticRegression,leaked-only,0.7834523251168204,0.8912168409074746,0.5737032174797835,215,327,542
6,0.94,embedding_0.94,RandomForest,baseline,0.8774617434942444,0.9358612360486425,0.7555667676806034,290,414,704
6,0.94,embedding_0.94,RandomForest,cleaned,0.7928823842136535,0.8513243378310845,0.5862118720208975,87,92,179
6,0.94,embedding_0.94,RandomForest,leaked-only,0.9067509962005376,0.9541198788360922,0.8142429355508576,203,322,525
6,0.94,embedding_0.94,LogisticRegression,baseline,0.7579171442606845,0.8493086789938366,0.5208644496883299,290,414,704
6,0.94,embedding_0.94,LogisticRegression,cleaned,0.6871410736579275,0.7445027486256872,0.3758280479161183,87,92,179
6,0.94,embedding_0.94,LogisticRegression,leaked-only,0.7809239940387481,0.8910289753082642,0.5687370092767513,203,322,525
6,0.95,embedding_0.95,RandomForest,baseline,0.8774617434942444,0.9358612360486425,0.7555667676806034,290,414,704
6,0.95,embedding_0.95,RandomForest,cleaned,0.7967371535600858,0.8580032555615844,0.5938638950857619,95,97,192
6,0.95,embedding_0.95,RandomForest,leaked-only,0.9079437724746648,0.954525600582383,0.8166774365826693,195,317,512
6,0.95,embedding_0.95,LogisticRegression,baseline,0.7579171442606845,0.8493086789938366,0.5208644496883299,290,414,704
6,0.95,embedding_0.95,LogisticRegression,cleaned,0.6818688034768436,0.7485621269669018,0.36674686263569534,95,97,192
6,0.95,embedding_0.95,LogisticRegression,leaked-only,0.7841985637922817,0.8935856992639326,0.5744998456073718,195,317,512
6,0.96,embedding_0.96,RandomForest,baseline,0.8774617434942444,0.9358612360486425,0.7555667676806034,290,414,704
6,0.96,embedding_0.96,RandomForest,cleaned,0.8146798330448946,0.8726776401564538,0.6293929293368448,118,104,222
6,0.96,embedding_0.96,RandomForest,leaked-only,0.9035191398505413,0.9541447861965491,0.8083984394158928,172,310,482
6,0.96,embedding_0.96,LogisticRegression,baseline,0.7579171442606845,0.8493086789938366,0.5208644496883299,290,414,704
6,0.96,embedding_0.96,LogisticRegression,cleaned,0.7034464333422388,0.7686603650586701,0.4104264489092188,118,104,222
6,0.96,embedding_0.96,LogisticRegression,leaked-only,0.7747898549738481,0.8913915978994749,0.5557444074992471,172,310,482
6,0.97,embedding_0.97,RandomForest,baseline,0.8774617434942444,0.9358612360486425,0.7555667676806034,290,414,704
6,0.97,embedding_0.97,RandomForest,cleaned,0.8295435037065939,0.884963768115942,0.6591130423090806,138,116,254
6,0.97,embedding_0.97,RandomForest,leaked-only,0.8986121124729632,0.9536272518544684,0.7988656840761031,152,298,450
6,0.97,embedding_0.97,LogisticRegression,baseline,0.7579171442606845,0.8493086789938366,0.5208644496883299,290,414,704
6,0.97,embedding_0.97,LogisticRegression,cleaned,0.7076639286108439,0.7781734132933533,0.4180605378800008,138,116,254
6,0.97,embedding_0.97,LogisticRegression,leaked-only,0.7735831069164403,0.8929486047333098,0.5544498485966817,152,298,450
6,0.98,embedding_0.98,RandomForest,baseline,0.8774617434942444,0.9358612360486425,0.7555667676806034,290,414,704
6,0.98,embedding_0.98,RandomForest,cleaned,0.8385832004253058,0.9008970099667775,0.6780586605175948,175,172,347
6,0.98,embedding_0.98,RandomForest,leaked-only,0.9123926380368098,0.9585519223859145,0.8252594208175252,115,242,357
6,0.98,embedding_0.98,LogisticRegression,baseline,0.7579171442606845,0.8493086789938366,0.5208644496883299,290,414,704
6,0.98,embedding_0.98,LogisticRegression,cleaned,0.7168997668997669,0.7913953488372094,0.43614632612131077,175,172,347
6,0.98,embedding_0.98,LogisticRegression,leaked-only,0.7868620360262009,0.9053180021559468,0.5834425311753196,115,242,357
6,0.99,embedding_0.99,RandomForest,baseline,0.8774617434942444,0.9358612360486425,0.7555667676806034,290,414,704
6,0.99,embedding_0.99,RandomForest,cleaned,0.8459267908983279,0.9149438437615817,0.6936311755596126,229,271,500
6,0.99,embedding_0.99,RandomForest,leaked-only,0.9596325088339223,0.9721426114868739,0.9198360554165456,61,143,204
6,0.99,embedding_0.99,LogisticRegression,baseline,0.7579171442606845,0.8493086789938366,0.5208644496883299,290,414,704
6,0.99,embedding_0.99,LogisticRegression,cleaned,0.7308977572135467,0.811920913968965,0.4623844022591228,229,271,500
6,0.99,embedding_0.99,LogisticRegression,leaked-only,0.821751644736842,0.9534563796858878,0.6847264845537774,61,143,204
6,1.0,embedding_1.0,RandomForest,baseline,0.8774617434942444,0.9358612360486425,0.7555667676806034,290,414,704
6,1.0,embedding_1.0,RandomForest,cleaned,0.8774617434942444,0.9358612360486425,0.7555667676806034,290,414,704
6,1.0,embedding_1.0,LogisticRegression,baseline,0.7579171442606845,0.8493086789938366,0.5208644496883299,290,414,704
6,1.0,embedding_1.0,LogisticRegression,cleaned,0.7579171442606845,0.8493086789938366,0.5208644496883299,290,414,704
7,0.9,embedding_0.9,RandomForest,baseline,0.8663204542307159,0.927392331355746,0.7331003029153436,296,492,788
7,0.9,embedding_0.9,RandomForest,cleaned,0.8005933000506475,0.9106946480938416,0.6232505158376499,88,124,212
7,0.9,embedding_0.9,RandomForest,leaked-only,0.890223693773722,0.9362654159698997,0.7811873916889389,208,368,576
7,0.9,embedding_0.9,LogisticRegression,baseline,0.7571969363500308,0.8148003186112942,0.515679192437479,296,492,788
7,0.9,embedding_0.9,LogisticRegression,cleaned,0.7159579719342783,0.7343291788856305,0.4378247752028447,88,124,212
7,0.9,embedding_0.9,LogisticRegression,leaked-only,0.7722607235150292,0.851836852006689,0.5507419492112821,208,368,576
7,0.91,embedding_0.91,RandomForest,baseline,0.8663204542307159,0.927392331355746,0.7331003029153436,296,492,788
7,0.91,embedding_0.91,RandomForest,cleaned,0.8007409828920127,0.9043312313308993,0.6213901929920002,92,131,223
7,0.91,embedding_0.91,RandomForest,leaked-only,0.891896518735587,0.9385353864537505,0.7845634850968201,204,361,565
7,0.91,embedding_0.91,LogisticRegression,baseline,0.7571969363500308,0.8148003186112942,0.515679192437479,296,492,788
7,0.91,embedding_0.91,LogisticRegression,cleaned,0.7119778102437062,0.7369731164951875,0.4277297700901015,92,131,223
7,0.91,embedding_0.91,LogisticRegression,leaked-only,0.7750033733861227,0.85257454782467,0.5557850700348501,204,361,565
7,0.92,embedding_0.92,RandomForest,baseline,0.8663204542307159,0.927392331355746,0.7331003029153436,296,492,788
7,0.92,embedding_0.92,RandomForest,cleaned,0.8071025020177562,0.905179856115108,0.6313170384091209,100,139,239
7,0.92,embedding_0.92,RandomForest,leaked-only,0.8921934412767554,0.9400329536913916,0.7852097710620971,196,353,549
7,0.92,embedding_0.92,LogisticRegression,baseline,0.7571969363500308,0.8148003186112942,0.515679192437479,296,492,788
7,0.92,embedding_0.92,LogisticRegression,cleaned,0.7117324561403509,0.7392805755395684,0.42613963333345356,100,139,239
7,0.92,embedding_0.92,LogisticRegression,leaked-only,0.7771541347069033,0.8572729375036132,0.5601188322987329,196,353,549
7,0.93,embedding_0.93,RandomForest,baseline,0.8663204542307159,0.927392331355746,0.7331003029153436,296,492,788
7,0.93,embedding_0.93,RandomForest,cleaned,0.8166666666666667,0.9115285705325221,0.6469930214637823,107,149,256
7,0.93,embedding_0.93,RandomForest,leaked-only,0.8904715427316539,0.9388680642324957,0.7816695064364558,189,343,532
7,0.93,embedding_0.93,LogisticRegression,baseline,0.7571969363500308,0.8148003186112942,0.515679192437479,296,492,788
7,0.93,embedding_0.93,LogisticRegression,cleaned,0.7265611299759274,0.7542495138932447,0.4560098361050083,107,149,256
7,0.93,embedding_0.93,LogisticRegression,leaked-only,0.7720421934325199,0.8521295139370941,0.5506210524755834,189,343,532
7,0.94,embedding_0.94,RandomForest,baseline,0.8663204542307159,0.927392331355746,0.7331003029153436,296,492,788
7,0.94,embedding_0.94,RandomForest,cleaned,0.8216740254654946,0.9144461859979102,0.6537135427138895,116,165,281
7,0.94,embedding_0.94,RandomForest,leaked-only,0.8913594252221593,0.9384811416921509,0.7833684626546219,180,327,507
7,0.94,embedding_0.94,LogisticRegression,baseline,0.7571969363500308,0.8148003186112942,0.515679192437479,296,492,788
7,0.94,embedding_0.94,LogisticRegression,cleaned,0.7146455654467524,0.7533437826541276,0.4302383997991766,116,165,281
7,0.94,embedding_0.94,LogisticRegression,leaked-only,0.781038560411311,0.8576792388718996,0.5677258492827162,180,327,507
7,0.95,embedding_0.95,RandomForest,baseline,0.8663204542307159,0.927392331355746,0.7331003029153436,296,492,788
7,0.95,embedding_0.95,RandomForest,cleaned,0.8339422725611985,0.9226767452200978,0.6775180435266313,130,173,303
7,0.95,embedding_0.95,RandomForest,leaked-only,0.8870916675978694,0.9380500056652944,0.7750785681874964,166,319,485
7,0.95,embedding_0.95,LogisticRegression,baseline,0.7571969363500308,0.8148003186112942,0.515679192437479,296,492,788
7,0.95,embedding_0.95,LogisticRegression,cleaned,0.7116192097101076,0.7572698977323256,0.4240327571026076,130,173,303
7,0.95,embedding_0.95,LogisticRegression,leaked-only,0.7860122174765407,0.8650338029232919,0.5783730179032882,166,319,485
7,0.96,embedding_0.96,RandomForest,baseline,0.8663204542307159,0.927392331355746,0.7331003029153436,296,492,788
7,0.96,embedding_0.96,RandomForest,cleaned,0.8400706436420722,0.9229838709677418,0.6869935568817174,140,186,326
7,0.96,embedding_0.96,RandomForest,leaked-only,0.8852649006622517,0.937960868107927,0.7711695806245492,156,306,462
7,0.96,embedding_0.96,LogisticRegression,baseline,0.7571969363500308,0.8148003186112942,0.515679192437479,296,492,788
7,0.96,embedding_0.96,LogisticRegression,cleaned,0.7172756706753006,0.7690860215053764,0.4347757827460656,140,186,326
7,0.96,embedding_0.96,LogisticRegression,leaked-only,0.7854070319284286,0.8622004357298475,0.5765012283756197,156,306,462
7,0.97,embedding_0.97,RandomForest,baseline,0.8663204542307159,0.927392331355746,0.7331003029153436,296,492,788
7,0.97,embedding_0.97,RandomForest,cleaned,0.8451102588686481,0.9241923294917815,0.6947148215152722,158,201,359
7,0.97,embedding_0.97,RandomForest,leaked-only,0.8837913711583925,0.9364012151999601,0.7680198914609127,138,291,429
7,0.97,embedding_0.97,LogisticRegression,baseline,0.7571969363500308,0.8148003186112942,0.515679192437479,296,492,788
7,0.97,embedding_0.97,LogisticRegression,cleaned,0.7339818376742133,0.789879715347314,0.4680104355362994,158,201,359
7,0.97,embedding_0.97,LogisticRegression,leaked-only,0.7744802867383512,0.850615070471637,0.5546909544668605,138,291,429
7,0.98,embedding_0.98,RandomForest,baseline,0.8663204542307159,0.927392331355746,0.7331003029153436,296,492,788
7,0.98,embedding_0.98,RandomForest,cleaned,0.8457891676729729,0.917968577607132,0.6940795163536245,182,249,431
7,0.98,embedding_0.98,RandomForest,leaked-only,0.891454428387466,0.941737058696123,0.7831953212816982,114,243,357
7,0.98,embedding_0.98,LogisticRegression,baseline,0.7571969363500308,0.8148003186112942,0.515679192437479,296,492,788
7,0.98,embedding_0.98,LogisticRegression,cleaned,0.7384593318328259,0.7928637627432809,0.4769186636656516,182,249,431
7,0.98,embedding_0.98,LogisticRegression,leaked-only,0.7784137931034483,0.8548480254133276,0.5638189983035364,114,243,357
7,0.99,embedding_0.99,RandomForest,baseline,0.8663204542307159,0.927392331355746,0.7331003029153436,296,492,788
7,0.99,embedding_0.99,RandomForest,cleaned,0.8460952380952381,0.9133993820756331,0.6935030375389282,239,367,606
7,0.99,embedding_0.99,RandomForest,leaked-only,0.9373019153920352,0.9538947368421052,0.8757740565296523,57,125,182
7,0.99,embedding_0.99,LogisticRegression,baseline,0.7571969363500308,0.8148003186112942,0.515679192437479,296,492,788
7,0.99,embedding_0.99,LogisticRegression,cleaned,0.7416586142215653,0.7959823515328401,0.4833866031181741,239,367,606
7,0.99,embedding_0.99,LogisticRegression,leaked-only,0.8098223615464994,0.8847719298245613,0.6380906233893663,57,125,182
7,1.0,embedding_1.0,RandomForest,baseline,0.8663204542307159,0.927392331355746,0.7331003029153436,296,492,788
7,1.0,embedding_1.0,RandomForest,cleaned,0.8663204542307159,0.927392331355746,0.7331003029153436,296,492,788
7,1.0,embedding_1.0,LogisticRegression,baseline,0.7571969363500308,0.8148003186112942,0.515679192437479,296,492,788
7,1.0,embedding_1.0,LogisticRegression,cleaned,0.7571969363500308,0.8148003186112942,0.515679192437479,296,492,788
8,0.9,embedding_0.9,RandomForest,baseline,0.8675162489949075,0.9395411174503245,0.744437443290619,312,391,703
8,0.9,embedding_0.9,RandomForest,cleaned,0.724002849002849,0.8514467592592593,0.5070539672949607,96,90,186
8,0.9,embedding_0.9,RandomForest,leaked-only,0.9196855775803143,0.9585794266026822,0.8408211520695325,216,301,517
8,0.9,embedding_0.9,LogisticRegression,baseline,0.7389851485148515,0.8170125909895731,0.4789711519928694,312,391,703
8,0.9,embedding_0.9,LogisticRegression,cleaned,0.6718058488328368,0.7187500000000001,0.3483326900795596,96,90,186
8,0.9,embedding_0.9,LogisticRegression,leaked-only,0.7622988505747126,0.8627260981912145,0.5248928899305388,216,301,517
8,0.91,embedding_0.91,RandomForest,baseline,0.8675162489949075,0.9395411174503245,0.744437443290619,312,391,703
8,0.91,embedding_0.91,RandomForest,cleaned,0.7262563768587864,0.8507931438305121,0.5062706187195998,101,93,194
8,0.91,embedding_0.91,RandomForest,leaked-only,0.922283831565413,0.9590397277267088,0.8460761656787729,211,298,509
8,0.91,embedding_0.91,LogisticRegression,baseline,0.7389851485148515,0.8170125909895731,0.4789711519928694,312,391,703
8,0.91,embedding_0.91,LogisticRegression,cleaned,0.6700680272108843,0.7178750133077824,0.3437068988107286,101,93,194
8,0.91,embedding_0.91,LogisticRegression,leaked-only,0.7638768915762869,0.8655809663157226,0.5281546633401207,211,298,509
8,0.92,embedding_0.92,RandomForest,baseline,0.8675162489949075,0.9395411174503245,0.744437443290619,312,391,703
8,0.92,embedding_0.92,RandomForest,cleaned,0.740825202774186,0.8623389861921972,0.5315500238879789,109,99,208
8,0.92,embedding_0.92,RandomForest,leaked-only,0.9219379339445318,0.9588956744719617,0.8452590656917061,203,292,495
8,0.92,embedding_0.92,LogisticRegression,baseline,0.7389851485148515,0.8170125909895731,0.4789711519928694,312,391,703
8,0.92,embedding_0.92,LogisticRegression,cleaned,0.6682615629984051,0.728014085812251,0.34027170526898226,109,99,208
8,0.92,embedding_0.92,LogisticRegression,leaked-only,0.7669936261974734,0.865831027734665,0.5343147561576782,203,292,495
8,0.93,embedding_0.93,RandomForest,baseline,0.8675162489949075,0.9395411174503245,0.744437443290619,312,391,703
8,0.93,embedding_0.93,RandomForest,cleaned,0.7565805361023907,0.8696278511404563,0.5539789273605339,119,105,224
8,0.93,embedding_0.93,RandomForest,leaked-only,0.9208961796763184,0.9589206130656908,0.8435296469890063,193,286,479
8,0.93,embedding_0.93,LogisticRegression,baseline,0.7389851485148515,0.8170125909895731,0.4789711519928694,312,391,703
8,0.93,embedding_0.93,LogisticRegression,cleaned,0.6695374800637959,0.735094037615046,0.34175033651259523,119,105,224
8,0.93,embedding_0.93,LogisticRegression,leaked-only,0.7684090494435322,0.8676763650856916,0.5372814581243933,193,286,479
8,0.94,embedding_0.94,RandomForest,baseline,0.8675162489949075,0.9395411174503245,0.744437443290619,312,391,703
8,0.94,embedding_0.94,RandomForest,cleaned,0.7670036448662403,0.8722302256980174,0.5691492266067795,129,113,242
8,0.94,embedding_0.94,RandomForest,leaked-only,0.9218799840510368,0.9621221055942133,0.8456608839379786,183,278,461
8,0.94,embedding_0.94,LogisticRegression,baseline,0.7389851485148515,0.8170125909895731,0.4789711519928694,312,391,703
8,0.94,embedding_0.94,LogisticRegression,cleaned,0.669218151995626,0.7344446731151814,0.34072776729387083,129,113,242
8,0.94,embedding_0.94,LogisticRegression,leaked-only,0.7716827132612227,0.8719581711679837,0.5438729094107166,183,278,461
8,0.95,embedding_0.95,RandomForest,baseline,0.8675162489949075,0.9395411174503245,0.744437443290619,312,391,703
8,0.95,embedding_0.95,RandomForest,cleaned,0.7804285714285715,0.8771040879422879,0.5871308571542805,142,123,265
8,0.95,embedding_0.95,RandomForest,leaked-only,0.9216317767042405,0.9628841088674276,0.8460822796447015,170,268,438
8,0.95,embedding_0.95,LogisticRegression,baseline,0.7389851485148515,0.8170125909895731,0.4789711519928694,312,391,703
8,0.95,embedding_0.95,LogisticRegression,cleaned,0.6785862073885932,0.743387152181381,0.3581230318242732,142,123,265
8,0.95,embedding_0.95,LogisticRegression,leaked-only,0.7687858059712274,0.8710711150131694,0.5386539965511958,170,268,438
8,0.96,embedding_0.96,RandomForest,baseline,0.8675162489949075,0.9395411174503245,0.744437443290619,312,391,703
8,0.96,embedding_0.96,RandomForest,cleaned,0.7954093799682035,0.8892131916379783,0.6140251037386888,153,131,284
8,0.96,embedding_0.96,RandomForest,leaked-only,0.9171691212810122,0.9615989356555394,0.8374685872862188,159,260,419
8,0.96,embedding_0.96,LogisticRegression,baseline,0.7389851485148515,0.8170125909895731,0.4789711519928694,312,391,703
8,0.96,embedding_0.96,LogisticRegression,cleaned,0.6893860303256276,0.7542783016514494,0.379871119720337,153,131,284
8,0.96,embedding_0.96,LogisticRegression,leaked-only,0.763856897819162,0.8685292694726656,0.5286991925633616,159,260,419
8,0.97,embedding_0.97,RandomForest,baseline,0.8675162489949075,0.9395411174503245,0.744437443290619,312,391,703
8,0.97,embedding_0.97,RandomForest,cleaned,0.8100324241846271,0.8917540792540793,0.634341973594145,176,156,332
8,0.97,embedding_0.97,RandomForest,leaked-only,0.9190329542423434,0.9643929912390489,0.8440027750705001,136,235,371
8,0.97,embedding_0.97,LogisticRegression,baseline,0.7389851485148515,0.8170125909895731,0.4789711519928694,312,391,703
8,0.97,embedding_0.97,LogisticRegression,cleaned,0.704293452575708,0.7731279137529137,0.4090484078936606,176,156,332
8,0.97,embedding_0.97,LogisticRegression,leaked-only,0.7572454516437919,0.862171464330413,0.5163500909120537,136,235,371
8,0.98,embedding_0.98,RandomForest,baseline,0.8675162489949075,0.9395411174503245,0.744437443290619,312,391,703
8,0.98,embedding_0.98,RandomForest,cleaned,0.8168622038187255,0.9011050353155617,0.649014780634874,209,210,419
8,0.98,embedding_0.98,RandomForest,leaked-only,0.945468509984639,0.9740921525505553,0.8937951833628222,103,181,284
8,0.98,embedding_0.98,LogisticRegression,baseline,0.7389851485148515,0.8170125909895731,0.4789711519928694,312,391,703
8,0.98,embedding_0.98,LogisticRegression,cleaned,0.7108944202092778,0.7842788790157211,0.423161259463029,209,210,419
8,0.98,embedding_0.98,LogisticRegression,leaked-only,0.7728523594561254,0.8687443008099556,0.5462633463316757,103,181,284
8,0.99,embedding_0.99,RandomForest,baseline,0.8675162489949075,0.9395411174503245,0.744437443290619,312,391,703
8,0.99,embedding_0.99,RandomForest,cleaned,0.8496100584912263,0.9300564209493439,0.7097863460134531,263,310,573
8,0.99,embedding_0.99,RandomForest,leaked-only,0.9495341614906833,0.9508692365835223,0.903897262071312,49,81,130
8,0.99,embedding_0.99,LogisticRegression,baseline,0.7389851485148515,0.8170125909895731,0.4789711519928694,312,391,703
8,0.99,embedding_0.99,LogisticRegression,cleaned,0.7227576005054163,0.8045872684901263,0.4465255722521993,263,310,573
8,0.99,embedding_0.99,LogisticRegression,leaked-only,0.8092503987240829,0.8662131519274378,0.6194862741130837,49,81,130
8,1.0,embedding_1.0,RandomForest,baseline,0.8675162489949075,0.9395411174503245,0.744437443290619,312,391,703
8,1.0,embedding_1.0,RandomForest,cleaned,0.8675162489949075,0.9395411174503245,0.744437443290619,312,391,703
8,1.0,embedding_1.0,LogisticRegression,baseline,0.7389851485148515,0.8170125909895731,0.4789711519928694,312,391,703
8,1.0,embedding_1.0,LogisticRegression,cleaned,0.7389851485148515,0.8170125909895731,0.4789711519928694,312,391,703
9,0.9,embedding_0.9,RandomForest,baseline,0.8902903431728632,0.9515109791718068,0.7818842751960617,323,389,712
9,0.9,embedding_0.9,RandomForest,cleaned,0.8221343873517787,0.9193017127799736,0.6442687747035574,66,69,135
9,0.9,embedding_0.9,RandomForest,leaked-only,0.906252203369047,0.9570525291828793,0.8145497115160346,257,320,577
9,0.9,embedding_0.9,LogisticRegression,baseline,0.7791141657121039,0.8488384123775339,0.5582407990906794,323,389,712
9,0.9,embedding_0.9,LogisticRegression,cleaned,0.7553407655554946,0.7670180061484411,0.5107645484211901,66,69,135
9,0.9,embedding_0.9,LogisticRegression,leaked-only,0.7844981765954411,0.8695890077821011,0.5690395723595225,257,320,577
9,0.91,embedding_0.91,RandomForest,baseline,0.8902903431728632,0.9515109791718068,0.7818842751960617,323,389,712
9,0.91,embedding_0.91,RandomForest,cleaned,0.8214194601765397,0.9211063482343335,0.6429227505669485,71,69,140
9,0.91,embedding_0.91,RandomForest,leaked-only,0.9069883798016186,0.9569320436507935,0.8158548060637983,252,320,572
9,0.91,embedding_0.91,LogisticRegression,baseline,0.7791141657121039,0.8488384123775339,0.5582407990906794,323,389,712
9,0.91,embedding_0.91,LogisticRegression,cleaned,0.7428046540110227,0.7632169830577669,0.48682345160894674,71,69,140
9,0.91,embedding_0.91,LogisticRegression,leaked-only,0.7877157172017071,0.8726686507936507,0.575608383306849,252,320,572
9,0.92,embedding_0.92,RandomForest,baseline,0.8902903431728632,0.9515109791718068,0.7818842751960617,323,389,712
9,0.92,embedding_0.92,RandomForest,cleaned,0.827324941952829,0.9219667318982387,0.6547175058735109,84,73,157
9,0.92,embedding_0.92,RandomForest,leaked-only,0.907190635451505,0.9572056564800593,0.8164030120723411,239,316,555
9,0.92,embedding_0.92,LogisticRegression,baseline,0.7791141657121039,0.8488384123775339,0.5582407990906794,323,389,712
9,0.92,embedding_0.92,LogisticRegression,cleaned,0.7509456985967053,0.7723418134377039,0.5024423645836711,84,73,157
9,0.92,embedding_0.92,LogisticRegression,leaked-only,0.7855805521709411,0.873325035750225,0.5712924317315167,239,316,555
9,0.93,embedding_0.93,RandomForest,baseline,0.8902903431728632,0.9515109791718068,0.7818842751960617,323,389,712
9,0.93,embedding_0.93,RandomForest,cleaned,0.8205128205128205,0.913960113960114,0.6410256410256411,90,78,168
9,0.93,embedding_0.93,RandomForest,leaked-only,0.9107658266062186,0.95888246415412,0.8238978751233308,233,311,544
9,0.93,embedding_0.93,LogisticRegression,baseline,0.7791141657121039,0.8488384123775339,0.5582407990906794,323,389,712
9,0.93,embedding_0.93,LogisticRegression,cleaned,0.7433109476601641,0.7754985754985754,0.48709835939164026,90,78,168
9,0.93,embedding_0.93,LogisticRegression,leaked-only,0.7884703396683495,0.8759642852214233,0.5770781712367677,233,311,544
9,0.94,embedding_0.94,RandomForest,baseline,0.8902903431728632,0.9515109791718068,0.7818842751960617,323,389,712
9,0.94,embedding_0.94,RandomForest,cleaned,0.8099614954664016,0.9023437500000001,0.620125161410621,96,84,180
9,0.94,embedding_0.94,RandomForest,leaked-only,0.9162735201648471,0.9609373871596736,0.8356067555006456,227,305,532
9,0.94,embedding_0.94,LogisticRegression,baseline,0.7791141657121039,0.8488384123775339,0.5582407990906794,323,389,712
9,0.94,embedding_0.94,LogisticRegression,cleaned,0.7379100963474705,0.7751736111111112,0.47586602539632167,96,84,180
9,0.94,embedding_0.94,LogisticRegression,leaked-only,0.7909581505340683,0.8796706867913627,0.58196839260306,227,305,532
9,0.95,embedding_0.95,RandomForest,baseline,0.8902903431728632,0.9515109791718068,0.7818842751960617,323,389,712
9,0.95,embedding_0.95,RandomForest,cleaned,0.8185300937594515,0.9108277044056861,0.6370601875189031,109,91,200
9,0.95,embedding_0.95,RandomForest,leaked-only,0.9165444172779136,0.9605077463463588,0.8358249282069191,214,298,512
9,0.95,embedding_0.95,LogisticRegression,baseline,0.7791141657121039,0.8488384123775339,0.5582407990906794,323,389,712
9,0.95,embedding_0.95,LogisticRegression,cleaned,0.7479584635547938,0.7889908256880733,0.4959169271095877,109,91,200
9,0.95,embedding_0.95,LogisticRegression,leaked-only,0.7875185968209224,0.8762936712036631,0.5750623340405767,214,298,512
9,0.96,embedding_0.96,RandomForest,baseline,0.8902903431728632,0.9515109791718068,0.7818842751960617,323,389,712
9,0.96,embedding_0.96,RandomForest,cleaned,0.81568063297968,0.91232,0.6313941522812615,125,100,225
9,0.96,embedding_0.96,RandomForest,leaked-only,0.9221796100990731,0.9615182971584356,0.8471444045334637,198,289,487
9,0.96,embedding_0.96,LogisticRegression,baseline,0.7791141657121039,0.8488384123775339,0.5582407990906794,323,389,712
9,0.96,embedding_0.96,LogisticRegression,cleaned,0.748,0.7984,0.496,125,100,225
9,0.96,embedding_0.96,LogisticRegression,leaked-only,0.7875663037409268,0.8745936877424767,0.5751607849582854,198,289,487
9,0.97,embedding_0.97,RandomForest,baseline,0.8902903431728632,0.9515109791718068,0.7818842751960617,323,389,712
9,0.97,embedding_0.97,RandomForest,cleaned,0.8271582293959403,0.909065934065934,0.6544183738416289,140,117,257
9,0.97,embedding_0.97,RandomForest,leaked-only,0.9229703732204695,0.963827949212472,0.8503664567034761,183,272,455
9,0.97,embedding_0.97,LogisticRegression,baseline,0.7791141657121039,0.8488384123775339,0.5582407990906794,323,389,712
9,0.97,embedding_0.97,LogisticRegression,cleaned,0.7485937882122768,0.8017704517704518,0.49727970050023057,140,117,257
9,0.97,embedding_0.97,LogisticRegression,leaked-only,0.7897581163612987,0.8760647701703631,0.5795162327225972,183,272,455
9,0.98,embedding_0.98,RandomForest,baseline,0.8902903431728632,0.9515109791718068,0.7818842751960617,323,389,712
9,0.98,embedding_0.98,RandomForest,cleaned,0.8328157349896481,0.9010620351200062,0.6656314699792961,161,162,323
9,0.98,embedding_0.98,RandomForest,leaked-only,0.9379821855612935,0.9755397835427203,0.8808871793231322,162,227,389
9,0.98,embedding_0.98,LogisticRegression,baseline,0.7791141657121039,0.8488384123775339,0.5582407990906794,323,389,712
9,0.98,embedding_0.98,LogisticRegression,cleaned,0.7522626169657922,0.8082585691281344,0.5050447761412218,161,162,323
9,0.98,embedding_0.98,LogisticRegression,leaked-only,0.7982805676855895,0.8847555338010551,0.596739684958495,162,227,389
9,0.99,embedding_0.99,RandomForest,baseline,0.8902903431728632,0.9515109791718068,0.7818842751960617,323,389,712
9,0.99,embedding_0.99,RandomForest,cleaned,0.858204845814978,0.9290577507598784,0.7181116674771354,235,280,515
9,0.99,embedding_0.99,RandomForest,leaked-only,0.9742369157534068,0.9813386155129273,0.9489393416245023,88,109,197
9,0.99,embedding_0.99,LogisticRegression,baseline,0.7791141657121039,0.8488384123775339,0.5582407990906794,323,389,712
9,0.99,embedding_0.99,LogisticRegression,cleaned,0.7628128271005805,0.8245288753799392,0.5257717935939716,235,280,515
9,0.99,embedding_0.99,LogisticRegression,leaked-only,0.8214331960738611,0.9155546288573811,0.6449621731550389,88,109,197
9,1.0,embedding_1.0,RandomForest,baseline,0.8902903431728632,0.9515109791718068,0.7818842751960617,323,389,712
9,1.0,embedding_1.0,RandomForest,cleaned,0.8902903431728632,0.9515109791718068,0.7818842751960617,323,389,712
9,1.0,embedding_1.0,LogisticRegression,baseline,0.7791141657121039,0.8488384123775339,0.5582407990906794,323,389,712
9,1.0,embedding_1.0,LogisticRegression,cleaned,0.7791141657121039,0.8488384123775339,0.5582407990906794,323,389,712
10,0.9,embedding_0.9,RandomForest,baseline,0.9055919541619322,0.9510524193548388,0.8111987082745585,310,400,710
10,0.9,embedding_0.9,RandomForest,cleaned,0.8086580086580086,0.8968599033816426,0.664562676490611,45,46,91
10,0.9,embedding_0.9,RandomForest,leaked-only,0.9186306360443935,0.9582826990725936,0.8381158555485566,265,354,619
10,0.9,embedding_0.9,LogisticRegression,baseline,0.8192303650956587,0.8819516129032259,0.6385816579810746,310,400,710
10,0.9,embedding_0.9,LogisticRegression,cleaned,0.6913759689922481,0.7531400966183575,0.38881814401379433,45,46,91
10,0.9,embedding_0.9,LogisticRegression,leaked-only,0.83734984984985,0.9035817077070675,0.6753608269949448,265,354,619
10,0.91,embedding_0.91,RandomForest,baseline,0.9055919541619322,0.9510524193548388,0.8111987082745585,310,400,710
10,0.91,embedding_0.91,RandomForest,cleaned,0.8169608169608169,0.9030264279624893,0.6773561563403536,51,46,97
10,0.91,embedding_0.91,RandomForest,leaked-only,0.9175045659905796,0.9580633902667801,0.8358861313256262,259,354,613
10,0.91,embedding_0.91,LogisticRegression,baseline,0.8192303650956587,0.8819516129032259,0.6385816579810746,310,400,710
10,0.91,embedding_0.91,LogisticRegression,cleaned,0.7075796726959518,0.763000852514919,0.4207086223309501,51,46,97
10,0.91,embedding_0.91,LogisticRegression,leaked-only,0.8351064997804128,0.9020679274916563,0.670890103767527,259,354,613
10,0.92,embedding_0.92,RandomForest,baseline,0.9055919541619322,0.9510524193548388,0.8111987082745585,310,400,710
10,0.92,embedding_0.92,RandomForest,cleaned,0.8141135972461273,0.9053448275862069,0.6741105831908486,58,50,108
10,0.92,embedding_0.92,RandomForest,leaked-only,0.9190756074191657,0.9584353741496598,0.8393743849424264,252,350,602
10,0.92,embedding_0.92,LogisticRegression,baseline,0.8192303650956587,0.8819516129032259,0.6385816579810746,310,400,710
10,0.92,embedding_0.92,LogisticRegression,cleaned,0.7261998426435878,0.7772413793103448,0.45872591105885335,58,50,108
10,0.92,embedding_0.92,LogisticRegression,leaked-only,0.8331995555339733,0.9005102040816326,0.6672266360484058,252,350,602
10,0.93,embedding_0.93,RandomForest,baseline,0.9055919541619322,0.9510524193548388,0.8111987082745585,310,400,710
10,0.93,embedding_0.93,RandomForest,cleaned,0.8198899703766398,0.9091931854709097,0.683065322125583,61,51,112
10,0.93,embedding_0.93,RandomForest,leaked-only,0.9183864289053629,0.95856204186373,0.8380158059239282,249,349,598
10,0.93,embedding_0.93,LogisticRegression,baseline,0.8192303650956587,0.8819516129032259,0.6385816579810746,310,400,710
10,0.93,embedding_0.93,LogisticRegression,cleaned,0.7265625,0.7843137254901961,0.4574508843267899,61,51,112
10,0.93,embedding_0.93,LogisticRegression,leaked-only,0.8336289340984177,0.9000817021668335,0.6679742212900428,249,349,598
10,0.94,embedding_0.94,RandomForest,baseline,0.9055919541619322,0.9510524193548388,0.8111987082745585,310,400,710
10,0.94,embedding_0.94,RandomForest,cleaned,0.8356826693905346,0.9254207037225906,0.7077741974836042,74,53,127
10,0.94,embedding_0.94,RandomForest,leaked-only,0.9154324054899032,0.9576698578615739,0.8321937888781812,236,347,583
10,0.94,embedding_0.94,LogisticRegression,baseline,0.8192303650956587,0.8819516129032259,0.6385816579810746,310,400,710
10,0.94,embedding_0.94,LogisticRegression,cleaned,0.7525974025974026,0.807751147373789,0.5088348427936887,74,53,127
10,0.94,embedding_0.94,LogisticRegression,leaked-only,0.8276635053578028,0.8951301714453183,0.6560884445516177,236,347,583
10,0.95,embedding_0.95,RandomForest,baseline,0.9055919541619322,0.9510524193548388,0.8111987082745585,310,400,710
10,0.95,embedding_0.95,RandomForest,cleaned,0.8392828472036393,0.9252008032128513,0.7143497785715965,83,60,143
10,0.95,embedding_0.95,RandomForest,leaked-only,0.9162313806473641,0.9584348276755636,0.8342911029352957,227,340,567
10,0.95,embedding_0.95,LogisticRegression,baseline,0.8192303650956587,0.8819516129032259,0.6385816579810746,310,400,710
10,0.95,embedding_0.95,LogisticRegression,cleaned,0.7586065783416032,0.81285140562249,0.521146536375047,83,60,143
10,0.95,embedding_0.95,LogisticRegression,leaked-only,0.8274582560296846,0.8953614926146669,0.655869890245917,227,340,567
10,0.96,embedding_0.96,RandomForest,baseline,0.9055919541619322,0.9510524193548388,0.8111987082745585,310,400,710
10,0.96,embedding_0.96,RandomForest,cleaned,0.8578922643282181,0.9301821983273597,0.7446655301510636,93,72,165
10,0.96,embedding_0.96,RandomForest,leaked-only,0.9144744350604885,0.9591927054063166,0.8311790535379837,217,328,545
10,0.96,embedding_0.96,LogisticRegression,baseline,0.8192303650956587,0.8819516129032259,0.6385816579810746,310,400,710
10,0.96,embedding_0.96,LogisticRegression,cleaned,0.7623559733171619,0.8169056152927121,0.5285015852352655,93,72,165
10,0.96,embedding_0.96,LogisticRegression,leaked-only,0.8295664534470504,0.8986175115207373,0.6603404775810323,217,328,545
10,0.97,embedding_0.97,RandomForest,baseline,0.9055919541619322,0.9510524193548388,0.8111987082745585,310,400,710
10,0.97,embedding_0.97,RandomForest,cleaned,0.8799551136511914,0.9425043020548638,0.7773029196644833,111,89,200
10,0.97,embedding_0.97,RandomForest,leaked-only,0.9099232314270576,0.9571410105188322,0.8221430365762578,199,311,510
10,0.97,embedding_0.97,LogisticRegression,baseline,0.8192303650956587,0.8819516129032259,0.6385816579810746,310,400,710
10,0.97,embedding_0.97,LogisticRegression,cleaned,0.7905973084093056,0.8443162263386983,0.5832070838078189,111,89,200
10,0.97,embedding_0.97,LogisticRegression,leaked-only,0.8226812557521219,0.8935190421561183,0.6465579129927232,199,311,510
10,0.98,embedding_0.98,RandomForest,baseline,0.9055919541619322,0.9510524193548388,0.8111987082745585,310,400,710
10,0.98,embedding_0.98,RandomForest,cleaned,0.8701722641301823,0.9395695364238411,0.7420800792194866,151,136,287
10,0.98,embedding_0.98,RandomForest,leaked-only,0.9262734020494636,0.9579998094149037,0.8531304421791911,159,264,423
10,0.98,embedding_0.98,LogisticRegression,baseline,0.8192303650956587,0.8819516129032259,0.6385816579810746,310,400,710
10,0.98,embedding_0.98,LogisticRegression,cleaned,0.7871980940572998,0.8542072458122321,0.5748751878481391,151,136,287
10,0.98,embedding_0.98,LogisticRegression,leaked-only,0.8360396677261425,0.8984419668381933,0.6720898436727635,159,264,423
10,0.99,embedding_0.99,RandomForest,baseline,0.9055919541619322,0.9510524193548388,0.8111987082745585,310,400,710
10,0.99,embedding_0.99,RandomForest,cleaned,0.889915339176423,0.9464090287277702,0.7800223930827371,215,272,487
10,0.99,embedding_0.99,RandomForest,leaked-only,0.9401441166147049,0.9423930921052632,0.8806464614401609,95,128,223
10,0.99,embedding_0.99,LogisticRegression,baseline,0.8192303650956587,0.8819516129032259,0.6385816579810746,310,400,710
10,0.99,embedding_0.99,LogisticRegression,cleaned,0.7924260232747375,0.8662106703146375,0.5860240489714128,215,272,487
10,0.99,embedding_0.99,LogisticRegression,leaked-only,0.8772552137483947,0.9186677631578948,0.756285658902368,95,128,223
10,1.0,embedding_1.0,RandomForest,baseline,0.9055919541619322,0.9510524193548388,0.8111987082745585,310,400,710
10,1.0,embedding_1.0,RandomForest,cleaned,0.9055919541619322,0.9510524193548388,0.8111987082745585,310,400,710
10,1.0,embedding_1.0,LogisticRegression,baseline,0.8192303650956587,0.8819516129032259,0.6385816579810746,310,400,710
10,1.0,embedding_1.0,LogisticRegression,cleaned,0.8192303650956587,0.8819516129032259,0.6385816579810746,310,400,710
11,0.9,embedding_0.9,RandomForest,baseline,0.9130944243726198,0.9539819332556794,0.8262041295695671,293,419,712
11,0.9,embedding_0.9,RandomForest,cleaned,0.7456626061277224,0.8297101449275363,0.49641888399639883,30,23,53
11,0.9,embedding_0.9,RandomForest,leaked-only,0.9256037951119918,0.961175442639321,0.8512122131449348,263,396,659
11,0.9,embedding_0.9,LogisticRegression,baseline,0.8024301272586228,0.8876815430856827,0.6052616187540465,293,419,712
11,0.9,embedding_0.9,LogisticRegression,cleaned,0.731159420289855,0.7579710144927536,0.4623188405797101,30,23,53
11,0.9,embedding_0.9,LogisticRegression,leaked-only,0.8067296618716873,0.9008622345124246,0.6139375358613594,263,396,659
11,0.91,embedding_0.91,RandomForest,baseline,0.9130944243726198,0.9539819332556794,0.8262041295695671,293,419,712
11,0.91,embedding_0.91,RandomForest,cleaned,0.7512254901960784,0.8387878787878787,0.5043324439329557,33,25,58
11,0.91,embedding_0.91,RandomForest,leaked-only,0.9265814135103475,0.9611431081608747,0.853162827020695,260,394,654
11,0.91,embedding_0.91,LogisticRegression,baseline,0.8024301272586228,0.8876815430856827,0.6052616187540465,293,419,712
11,0.91,embedding_0.91,LogisticRegression,cleaned,0.7539393939393939,0.7757575757575758,0.5078787878787879,33,25,58
11,0.91,embedding_0.91,LogisticRegression,leaked-only,0.8050302118098729,0.8996095275283092,0.6105458862425551,260,394,654
11,0.92,embedding_0.92,RandomForest,baseline,0.9130944243726198,0.9539819332556794,0.8262041295695671,293,419,712
11,0.92,embedding_0.92,RandomForest,cleaned,0.7658979734451432,0.8562271062271063,0.5351168830199021,39,28,67
11,0.92,embedding_0.92,RandomForest,leaked-only,0.9268856695912399,0.9613448255029502,0.8537762152124531,254,391,645
11,0.92,embedding_0.92,LogisticRegression,baseline,0.8024301272586228,0.8876815430856827,0.6052616187540465,293,419,712
11,0.92,embedding_0.92,LogisticRegression,cleaned,0.7378596087456847,0.7738095238095238,0.4760661976613035,39,28,67
11,0.92,embedding_0.92,LogisticRegression,leaked-only,0.8064496769159981,0.9009203133495781,0.613315162367437,254,391,645
11,0.93,embedding_0.93,RandomForest,baseline,0.9130944243726198,0.9539819332556794,0.8262041295695671,293,419,712
11,0.93,embedding_0.93,RandomForest,cleaned,0.7685185185185186,0.8639430284857571,0.5420821648636565,46,29,75
11,0.93,embedding_0.93,RandomForest,leaked-only,0.9271515605181627,0.9615228900654,0.8543233703069533,247,390,637
11,0.93,embedding_0.93,LogisticRegression,baseline,0.8024301272586228,0.8876815430856827,0.6052616187540465,293,419,712
11,0.93,embedding_0.93,LogisticRegression,cleaned,0.7345874464518531,0.7758620689655173,0.4694569257103907,46,29,75
11,0.93,embedding_0.93,LogisticRegression,leaked-only,0.8065762928194993,0.9022111491747118,0.6137706686800679,247,390,637
11,0.94,embedding_0.94,RandomForest,baseline,0.9130944243726198,0.9539819332556794,0.8262041295695671,293,419,712
11,0.94,embedding_0.94,RandomForest,cleaned,0.7881773399014778,0.8848214285714285,0.5806452980511959,56,30,86
11,0.94,embedding_0.94,RandomForest,leaked-only,0.9251847023033464,0.9611792652370571,0.8503906991775068,237,389,626
11,0.94,embedding_0.94,LogisticRegression,baseline,0.8024301272586228,0.8876815430856827,0.6052616187540465,293,419,712
11,0.94,embedding_0.94,LogisticRegression,cleaned,0.7478005865102639,0.7958333333333334,0.49652812465300344,56,30,86
11,0.94,embedding_0.94,LogisticRegression,leaked-only,0.803406208479285,0.9003503519790006,0.6075702500975079,237,389,626
11,0.95,embedding_0.95,RandomForest,baseline,0.9130944243726198,0.9539819332556794,0.8262041295695671,293,419,712
11,0.95,embedding_0.95,RandomForest,cleaned,0.8083333333333333,0.8947768762677484,0.620306758819879,58,34,92
11,0.95,embedding_0.95,RandomForest,leaked-only,0.9244940436650282,0.9612489638021552,0.8490097603655253,235,385,620
11,0.95,embedding_0.95,LogisticRegression,baseline,0.8024301272586228,0.8876815430856827,0.6052616187540465,293,419,712
11,0.95,embedding_0.95,LogisticRegression,cleaned,0.7434077079107505,0.7915821501014199,0.486815415821501,58,34,92
11,0.95,embedding_0.95,LogisticRegression,leaked-only,0.8046998046998047,0.9017960762641615,0.609954610142526,235,385,620
11,0.96,embedding_0.96,RandomForest,baseline,0.9130944243726198,0.9539819332556794,0.8262041295695671,293,419,712
11,0.96,embedding_0.96,RandomForest,cleaned,0.8171988080034056,0.895514950166113,0.6381218617191522,70,43,113
11,0.96,embedding_0.96,RandomForest,leaked-only,0.9265722870853452,0.9618118500143116,0.8531977822593264,223,376,599
11,0.96,embedding_0.96,LogisticRegression,baseline,0.8024301272586228,0.8876815430856827,0.6052616187540465,293,419,712
11,0.96,embedding_0.96,LogisticRegression,cleaned,0.7536887994634474,0.8139534883720931,0.5079072952439185,70,43,113
11,0.96,embedding_0.96,LogisticRegression,leaked-only,0.8033248044015204,0.9021443564545367,0.6070525042598571,223,376,599
11,0.97,embedding_0.97,RandomForest,baseline,0.9130944243726198,0.9539819332556794,0.8262041295695671,293,419,712
11,0.97,embedding_0.97,RandomForest,cleaned,0.8363095238095238,0.8979166666666667,0.6785213123614257,80,60,140
11,0.97,embedding_0.97,RandomForest,leaked-only,0.9285188108392528,0.9629186446440947,0.8572729287892734,213,359,572
11,0.97,embedding_0.97,LogisticRegression,baseline,0.8024301272586228,0.8876815430856827,0.6052616187540465,293,419,712
11,0.97,embedding_0.97,LogisticRegression,cleaned,0.7565217391304349,0.814375,0.5150844037233139,80,60,140
11,0.97,embedding_0.97,LogisticRegression,leaked-only,0.8065959217644612,0.9069010161246028,0.6133898272534184,213,359,572
11,0.98,embedding_0.98,RandomForest,baseline,0.9130944243726198,0.9539819332556794,0.8262041295695671,293,419,712
11,0.98,embedding_0.98,RandomForest,cleaned,0.8699065420560748,0.9251883344521519,0.740336241047656,123,109,232
11,0.98,embedding_0.98,RandomForest,leaked-only,0.9315055461481383,0.9656072106261859,0.8630496890258584,170,310,480
11,0.98,embedding_0.98,LogisticRegression,baseline,0.8024301272586228,0.8876815430856827,0.6052616187540465,293,419,712
11,0.98,embedding_0.98,LogisticRegression,cleaned,0.7703184832352666,0.8499291414932497,0.540896995252533,123,109,232
11,0.98,embedding_0.98,LogisticRegression,leaked-only,0.810682893847194,0.9048766603415559,0.6218837568926221,170,310,480
11,0.99,embedding_0.99,RandomForest,baseline,0.9130944243726198,0.9539819332556794,0.8262041295695671,293,419,712
11,0.99,embedding_0.99,RandomForest,cleaned,0.882674381227901,0.9385085181613629,0.765348762455802,183,255,438
11,0.99,embedding_0.99,RandomForest,leaked-only,0.962140054164594,0.9662416851441241,0.92439028736758,110,164,274
11,0.99,embedding_0.99,LogisticRegression,baseline,0.8024301272586228,0.8876815430856827,0.6052616187540465,293,419,712
11,0.99,embedding_0.99,LogisticRegression,cleaned,0.7671451355661882,0.858330654666238,0.5343659876327125,183,255,438
11,0.99,embedding_0.99,LogisticRegression,leaked-only,0.8582938646632914,0.9293237250554324,0.7212632862769565,110,164,274
11,1.0,embedding_1.0,RandomForest,baseline,0.9130944243726198,0.9539819332556794,0.8262041295695671,293,419,712
11,1.0,embedding_1.0,RandomForest,cleaned,0.9130944243726198,0.9539819332556794,0.8262041295695671,293,419,712
11,1.0,embedding_1.0,LogisticRegression,baseline,0.8024301272586228,0.8876815430856827,0.6052616187540465,293,419,712
11,1.0,embedding_1.0,LogisticRegression,cleaned,0.8024301272586228,0.8876815430856827,0.6052616187540465,293,419,712
12,0.9,embedding_0.9,RandomForest,baseline,0.8786649126136916,0.9420681652125328,0.7588122421050566,265,439,704
12,0.9,embedding_0.9,RandomForest,cleaned,0.7776019690576652,0.896049896049896,0.5558145454464186,37,78,115
12,0.9,embedding_0.9,RandomForest,leaked-only,0.8965140974227932,0.9473076736161734,0.7947252612268128,228,361,589
12,0.9,embedding_0.9,LogisticRegression,baseline,0.7830418124271198,0.8622082778183694,0.5744724372674201,265,439,704
12,0.9,embedding_0.9,LogisticRegression,cleaned,0.6999347684279191,0.7349272349272349,0.4119132489341577,37,78,115
12,0.9,embedding_0.9,LogisticRegression,leaked-only,0.7980205278592376,0.8860013607425765,0.6037735258062683,228,361,589
12,0.91,embedding_0.91,RandomForest,baseline,0.8786649126136916,0.9420681652125328,0.7588122421050566,265,439,704
12,0.91,embedding_0.91,RandomForest,cleaned,0.809593023255814,0.9106583072100314,0.6196579048473825,44,87,131
12,0.91,embedding_0.91,RandomForest,leaked-only,0.893412743738272,0.9470639654463183,0.7886188367232085,221,352,573
12,0.91,embedding_0.91,LogisticRegression,baseline,0.7830418124271198,0.8622082778183694,0.5744724372674201,265,439,704
12,0.91,embedding_0.91,LogisticRegression,cleaned,0.704066265060241,0.7471264367816092,0.4140682880417727,44,87,131
12,0.91,embedding_0.91,LogisticRegression,leaked-only,0.7997053756460513,0.8880476141505554,0.6084325054774508,221,352,573
12,0.92,embedding_0.92,RandomForest,baseline,0.8786649126136916,0.9420681652125328,0.7588122421050566,265,439,704
12,0.92,embedding_0.92,RandomForest,cleaned,0.8205659075224292,0.9143860946745562,0.6412143864239364,52,104,156
12,0.92,embedding_0.92,RandomForest,leaked-only,0.8943671021632041,0.9485109662952841,0.7914550795096412,213,335,548
12,0.92,embedding_0.92,LogisticRegression,baseline,0.7830418124271198,0.8622082778183694,0.5744724372674201,265,439,704
12,0.92,embedding_0.92,LogisticRegression,cleaned,0.707928767361867,0.7705251479289941,0.43037838886871665,52,104,156
12,0.92,embedding_0.92,LogisticRegression,leaked-only,0.8034399713051052,0.8893420222829513,0.6137664171265086,213,335,548
12,0.93,embedding_0.93,RandomForest,baseline,0.8786649126136916,0.9420681652125328,0.7588122421050566,265,439,704
12,0.93,embedding_0.93,RandomForest,cleaned,0.8256932654216185,0.9199207696661008,0.6513865308432372,62,114,176
12,0.93,embedding_0.93,RandomForest,leaked-only,0.8959919352035318,0.9489048882152331,0.7946566652771787,203,325,528
12,0.93,embedding_0.93,LogisticRegression,baseline,0.7830418124271198,0.8622082778183694,0.5744724372674201,265,439,704
12,0.93,embedding_0.93,LogisticRegression,cleaned,0.7272237196765499,0.7829654782116582,0.467460097753182,62,114,176
12,0.93,embedding_0.93,LogisticRegression,leaked-only,0.8012987012987013,0.8900341038272074,0.6096117097177671,203,325,528
12,0.94,embedding_0.94,RandomForest,baseline,0.8786649126136916,0.9420681652125328,0.7588122421050566,265,439,704
12,0.94,embedding_0.94,RandomForest,cleaned,0.837427988323129,0.918773311230833,0.6749014978479901,76,127,203
12,0.94,embedding_0.94,RandomForest,leaked-only,0.895693813109407,0.9514652014652014,0.7947465122774356,189,312,501
12,0.94,embedding_0.94,LogisticRegression,baseline,0.7830418124271198,0.8622082778183694,0.5744724372674201,265,439,704
12,0.94,embedding_0.94,LogisticRegression,cleaned,0.7330869036691557,0.7943431413178615,0.4826329879599471,76,127,203
12,0.94,embedding_0.94,LogisticRegression,leaked-only,0.8034604505192741,0.8944173110839777,0.6126773014263448,189,312,501
12,0.95,embedding_0.95,RandomForest,baseline,0.8786649126136916,0.9420681652125328,0.7588122421050566,265,439,704
12,0.95,embedding_0.95,RandomForest,cleaned,0.843730358265242,0.9193841294907225,0.6876014646409416,85,149,234
12,0.95,embedding_0.95,RandomForest,leaked-only,0.8961907145907264,0.953793103448276,0.7965612877495064,180,290,470
12,0.95,embedding_0.95,LogisticRegression,baseline,0.7830418124271198,0.8622082778183694,0.5744724372674201,265,439,704
12,0.95,embedding_0.95,LogisticRegression,cleaned,0.7326315395133647,0.80750098697197,0.485898146676139,85,149,234
12,0.95,embedding_0.95,LogisticRegression,leaked-only,0.8083260285659375,0.896360153256705,0.6207806449564082,180,290,470
12,0.96,embedding_0.96,RandomForest,baseline,0.8786649126136916,0.9420681652125328,0.7588122421050566,265,439,704
12,0.96,embedding_0.96,RandomForest,cleaned,0.8625165181667125,0.9296425365647606,0.7256237241359423,107,177,284
12,0.96,embedding_0.96,RandomForest,leaked-only,0.8897610238976102,0.9557565948400812,0.7865350220789611,158,262,420
12,0.96,embedding_0.96,LogisticRegression,baseline,0.7830418124271198,0.8622082778183694,0.5744724372674201,265,439,704
12,0.96,embedding_0.96,LogisticRegression,cleaned,0.7461444524178218,0.8320397064258938,0.515916985902767,107,177,284
12,0.96,embedding_0.96,LogisticRegression,leaked-only,0.8080472937280017,0.895110638709054,0.6183335919593835,158,262,420
12,0.97,embedding_0.97,RandomForest,baseline,0.8786649126136916,0.9420681652125328,0.7588122421050566,265,439,704
12,0.97,embedding_0.97,RandomForest,cleaned,0.8744070208728653,0.9323757922715191,0.7490623934284407,134,219,353
12,0.97,embedding_0.97,RandomForest,leaked-only,0.8826373388036907,0.9624219292158224,0.7746022686072996,131,220,351
12,0.97,embedding_0.97,LogisticRegression,baseline,0.7830418124271198,0.8622082778183694,0.5744724372674201,265,439,704
12,0.97,embedding_0.97,LogisticRegression,cleaned,0.7554066502001255,0.8439651059769645,0.5320403644313243,134,219,353
12,0.97,embedding_0.97,LogisticRegression,leaked-only,0.810677990770627,0.8943442054129077,0.6225285298546994,131,220,351
12,0.98,embedding_0.98,RandomForest,baseline,0.8786649126136916,0.9420681652125328,0.7588122421050566,265,439,704
12,0.98,embedding_0.98,RandomForest,cleaned,0.8615737909623123,0.9155673494302767,0.7237750493965173,194,304,498
12,0.98,embedding_0.98,RandomForest,leaked-only,0.9219696969696969,0.9883150756390193,0.8496270934476529,71,135,206
12,0.98,embedding_0.98,LogisticRegression,baseline,0.7830418124271198,0.8622082778183694,0.5744724372674201,265,439,704
12,0.98,embedding_0.98,LogisticRegression,cleaned,0.7590730931334766,0.8410200759631037,0.5315896132141641,194,304,498
12,0.98,embedding_0.98,LogisticRegression,leaked-only,0.8408692965289937,0.9239436619718311,0.6824839097740093,71,135,206
12,0.99,embedding_0.99,RandomForest,baseline,0.8786649126136916,0.9420681652125328,0.7588122421050566,265,439,704
12,0.99,embedding_0.99,RandomForest,cleaned,0.8687551187551188,0.9343229962423091,0.7394588082457119,244,397,641
12,0.99,embedding_0.99,RandomForest,leaked-only,0.9823479966377135,0.9863945578231292,0.9653072991634228,21,42,63
12,0.99,embedding_0.99,LogisticRegression,baseline,0.7830418124271198,0.8622082778183694,0.5744724372674201,265,439,704
12,0.99,embedding_0.99,LogisticRegression,cleaned,0.7797863990511082,0.8576103563612337,0.5669986958722161,244,397,641
12,0.99,embedding_0.99,LogisticRegression,leaked-only,0.8163265306122449,0.9104308390022675,0.6550432296063071,21,42,63
12,1.0,embedding_1.0,RandomForest,baseline,0.8786649126136916,0.9420681652125328,0.7588122421050566,265,439,704
12,1.0,embedding_1.0,RandomForest,cleaned,0.8786649126136916,0.9420681652125328,0.7588122421050566,265,439,704
12,1.0,embedding_1.0,LogisticRegression,baseline,0.7830418124271198,0.8622082778183694,0.5744724372674201,265,439,704
12,1.0,embedding_1.0,LogisticRegression,cleaned,0.7830418124271198,0.8622082778183694,0.5744724372674201,265,439,704
13,0.9,embedding_0.9,RandomForest,baseline,0.9059866292094876,0.9660130718954248,0.8141082337474438,255,450,705
13,0.9,embedding_0.9,RandomForest,cleaned,0.725557461406518,0.9713541666666667,0.5570860145311557,8,24,32
13,0.9,embedding_0.9,RandomForest,leaked-only,0.9107024387654911,0.9668510387561537,0.8227821372784729,247,426,673
13,0.9,embedding_0.9,LogisticRegression,baseline,0.8250304926552474,0.9064400871459695,0.6545455598697284,255,450,705
13,0.9,embedding_0.9,LogisticRegression,cleaned,0.7681159420289855,0.8489583333333334,0.5449492609130661,8,24,32
13,0.9,embedding_0.9,LogisticRegression,leaked-only,0.8269213392553052,0.9086882971241755,0.658190916110115,247,426,673
13,0.91,embedding_0.91,RandomForest,baseline,0.9059866292094876,0.9660130718954248,0.8141082337474438,255,450,705
13,0.91,embedding_0.91,RandomForest,cleaned,0.7303543913713405,0.974537037037037,0.5625,8,27,35
13,0.91,embedding_0.91,RandomForest,leaked-only,0.9104824232177258,0.9669939989088925,0.8223487899820245,247,423,670
13,0.91,embedding_0.91,LogisticRegression,baseline,0.8250304926552474,0.9064400871459695,0.6545455598697284,255,450,705
13,0.91,embedding_0.91,LogisticRegression,cleaned,0.7471620227038184,0.8518518518518519,0.5108942227567661,8,27,35
13,0.91,embedding_0.91,LogisticRegression,leaked-only,0.827869694789847,0.90898823709574,0.6598623701961907,247,423,670
13,0.92,embedding_0.92,RandomForest,baseline,0.9059866292094876,0.9660130718954248,0.8141082337474438,255,450,705
13,0.92,embedding_0.92,RandomForest,cleaned,0.8132586367880486,0.9827586206896551,0.6820855090904878,11,29,40
13,0.92,embedding_0.92,RandomForest,leaked-only,0.9095996183781566,0.9668577936996223,0.820608845653456,244,421,665
13,0.92,embedding_0.92,LogisticRegression,baseline,0.8250304926552474,0.9064400871459695,0.6545455598697284,255,450,705
13,0.92,embedding_0.92,LogisticRegression,cleaned,0.7963636363636364,0.8746081504702194,0.6045346343120581,11,29,40
13,0.92,embedding_0.92,LogisticRegression,leaked-only,0.826329534662868,0.9079864491258128,0.656846943193016,244,421,665
13,0.93,embedding_0.93,RandomForest,baseline,0.9059866292094876,0.9660130718954248,0.8141082337474438,255,450,705
13,0.93,embedding_0.93,RandomForest,cleaned,0.853990914990266,0.9873271889400921,0.7440238091428449,14,31,45
13,0.93,embedding_0.93,RandomForest,leaked-only,0.908696472363705,0.9669287673674726,0.8188290098016281,241,419,660
13,0.93,embedding_0.93,LogisticRegression,baseline,0.8250304926552474,0.9064400871459695,0.6545455598697284,255,450,705
13,0.93,embedding_0.93,LogisticRegression,cleaned,0.8277747402952433,0.8963133640552996,0.6644443332049165,14,31,45
13,0.93,embedding_0.93,LogisticRegression,leaked-only,0.8247578955499126,0.9068222105586311,0.6537701944344355,241,419,660
13,0.94,embedding_0.94,RandomForest,baseline,0.9059866292094876,0.9660130718954248,0.8141082337474438,255,450,705
13,0.94,embedding_0.94,RandomForest,cleaned,0.81673454276194,0.9187675070028012,0.6502020415390268,21,34,55
13,0.94,embedding_0.94,RandomForest,leaked-only,0.9134236443553,0.9687397271531888,0.8283567071968393,234,416,650
13,0.94,embedding_0.94,LogisticRegression,baseline,0.8250304926552474,0.9064400871459695,0.6545455598697284,255,450,705
13,0.94,embedding_0.94,LogisticRegression,cleaned,0.7931623931623932,0.8501400560224089,0.5913460449475877,21,34,55
13,0.94,embedding_0.94,LogisticRegression,leaked-only,0.82775,0.9117767915844839,0.6599400245876936,234,416,650
13,0.95,embedding_0.95,RandomForest,baseline,0.9059866292094876,0.9660130718954248,0.8141082337474438,255,450,705
13,0.95,embedding_0.95,RandomForest,cleaned,0.8458137607073777,0.9337606837606838,0.7040079739140349,26,36,62
13,0.95,embedding_0.95,RandomForest,leaked-only,0.9119993559553998,0.9685990338164251,0.8255548302918483,229,414,643
13,0.95,embedding_0.95,LogisticRegression,baseline,0.8250304926552474,0.9064400871459695,0.6545455598697284,255,450,705
13,0.95,embedding_0.95,LogisticRegression,cleaned,0.8202898550724638,0.876068376068376,0.6445193222739464,26,36,62
13,0.95,embedding_0.95,LogisticRegression,leaked-only,0.8252538201210132,0.9100478872645192,0.6550597949233153,229,414,643
13,0.96,embedding_0.96,RandomForest,baseline,0.9059866292094876,0.9660130718954248,0.8141082337474438,255,450,705
13,0.96,embedding_0.96,RandomForest,cleaned,0.8574708873216336,0.9327922077922078,0.7175271849357743,35,44,79
13,0.96,embedding_0.96,RandomForest,leaked-only,0.9123226745100057,0.9691614420062695,0.8267354845713099,220,406,626
13,0.96,embedding_0.96,LogisticRegression,baseline,0.8250304926552474,0.9064400871459695,0.6545455598697284,255,450,705
13,0.96,embedding_0.96,LogisticRegression,cleaned,0.8344883158742948,0.8720779220779221,0.6714122368145575,35,44,79
13,0.96,embedding_0.96,LogisticRegression,leaked-only,0.8231638418079097,0.911218092252575,0.6511542321435456,220,406,626
13,0.97,embedding_0.97,RandomForest,baseline,0.9059866292094876,0.9660130718954248,0.8141082337474438,255,450,705
13,0.97,embedding_0.97,RandomForest,cleaned,0.8715277777777777,0.9444444444444444,0.7430555555555556,48,63,111
13,0.97,embedding_0.97,RandomForest,leaked-only,0.9124320582504359,0.9691233194772123,0.828036130435298,207,387,594
13,0.97,embedding_0.97,LogisticRegression,baseline,0.8250304926552474,0.9064400871459695,0.6545455598697284,255,450,705
13,0.97,embedding_0.97,LogisticRegression,cleaned,0.8544262295081967,0.9017857142857143,0.7111150681982055,48,63,111
13,0.97,embedding_0.97,LogisticRegression,leaked-only,0.8185491554130688,0.9065273564768003,0.6421226043006014,207,387,594
13,0.98,embedding_0.98,RandomForest,baseline,0.9059866292094876,0.9660130718954248,0.8141082337474438,255,450,705
13,0.98,embedding_0.98,RandomForest,cleaned,0.8479003288641538,0.936086529006883,0.7015473850141092,72,113,185
13,0.98,embedding_0.98,RandomForest,leaked-only,0.9271960600220718,0.97212628301795,0.8556076624822919,183,337,520
13,0.98,embedding_0.98,LogisticRegression,baseline,0.8250304926552474,0.9064400871459695,0.6545455598697284,255,450,705
13,0.98,embedding_0.98,LogisticRegression,cleaned,0.8220298220298221,0.8984759095378565,0.6491304524755209,72,113,185
13,0.98,embedding_0.98,LogisticRegression,leaked-only,0.8258189857305553,0.9090172041964618,0.6559289136022077,183,337,520
13,0.99,embedding_0.99,RandomForest,baseline,0.9059866292094876,0.9660130718954248,0.8141082337474438,255,450,705
13,0.99,embedding_0.99,RandomForest,cleaned,0.873428266976654,0.9602026589652941,0.7534826038459624,151,266,417
13,0.99,embedding_0.99,RandomForest,leaked-only,0.9511883498689752,0.9642297240802675,0.9024034164897866,104,184,288
13,0.99,embedding_0.99,LogisticRegression,baseline,0.8250304926552474,0.9064400871459695,0.6545455598697284,255,450,705
13,0.99,embedding_0.99,LogisticRegression,cleaned,0.828395061728395,0.9062889010605985,0.6618614090047075,151,266,417
13,0.99,embedding_0.99,LogisticRegression,leaked-only,0.8201261869861705,0.9069816053511706,0.6439527139701114,104,184,288
13,1.0,embedding_1.0,RandomForest,baseline,0.9059866292094876,0.9660130718954248,0.8141082337474438,255,450,705
13,1.0,embedding_1.0,RandomForest,cleaned,0.9059866292094876,0.9660130718954248,0.8141082337474438,255,450,705
13,1.0,embedding_1.0,LogisticRegression,baseline,0.8250304926552474,0.9064400871459695,0.6545455598697284,255,450,705
13,1.0,embedding_1.0,LogisticRegression,cleaned,0.8250304926552474,0.9064400871459695,0.6545455598697284,255,450,705
14,0.9,embedding_0.9,RandomForest,baseline,0.9016030074121361,0.96196542311192,0.8053787063298471,245,471,716
14,0.9,embedding_0.9,RandomForest,cleaned,0.7490829053558328,0.850415512465374,0.5976143046671968,19,19,38
14,0.9,embedding_0.9,RandomForest,leaked-only,0.9107369529738203,0.9663687446158665,0.8223369586750359,226,452,678
14,0.9,embedding_0.9,LogisticRegression,baseline,0.8164071695194539,0.8902118809307162,0.6370321939745938,245,471,716
14,0.9,embedding_0.9,LogisticRegression,cleaned,0.6518675123326286,0.7423822714681441,0.3273268353539886,19,19,38
14,0.9,embedding_0.9,LogisticRegression,leaked-only,0.825996256313057,0.9033596992716735,0.658321071024743,226,452,678
14,0.91,embedding_0.91,RandomForest,baseline,0.9016030074121361,0.96196542311192,0.8053787063298471,245,471,716
14,0.91,embedding_0.91,RandomForest,cleaned,0.7636554621848739,0.8409090909090909,0.616575453011388,22,23,45
14,0.91,embedding_0.91,RandomForest,leaked-only,0.9114578046651374,0.9670133327994874,0.823667842149251,223,448,671
14,0.91,embedding_0.91,LogisticRegression,baseline,0.8164071695194539,0.8902118809307162,0.6370321939745938,245,471,716
14,0.91,embedding_0.91,LogisticRegression,cleaned,0.660633484162896,0.7490118577075099,0.3382434172212665,22,23,45
14,0.91,embedding_0.91,LogisticRegression,leaked-only,0.8272636504709547,0.9044082319026265,0.6610098268185018,223,448,671
14,0.92,embedding_0.92,RandomForest,baseline,0.9016030074121361,0.96196542311192,0.8053787063298471,245,471,716
14,0.92,embedding_0.92,RandomForest,cleaned,0.7777777777777778,0.8408695652173912,0.6353949229215907,23,25,48
14,0.92,embedding_0.92,RandomForest,leaked-only,0.9110537528679121,0.9671706459823053,0.8228662354132815,222,446,668
14,0.92,embedding_0.92,LogisticRegression,baseline,0.8164071695194539,0.8902118809307162,0.6370321939745938,245,471,716
14,0.92,embedding_0.92,LogisticRegression,cleaned,0.6613756613756614,0.7339130434782608,0.33222467463361877,23,25,48
14,0.92,embedding_0.92,LogisticRegression,leaked-only,0.8279806038461912,0.9057083989819417,0.6621841508965705,222,446,668
14,0.93,embedding_0.93,RandomForest,baseline,0.9016030074121361,0.96196542311192,0.8053787063298471,245,471,716
14,0.93,embedding_0.93,RandomForest,cleaned,0.7812382739212007,0.852142857142857,0.613602643926185,25,28,53
14,0.93,embedding_0.93,RandomForest,leaked-only,0.9119161806118169,0.9673712292222452,0.8247411180364166,220,443,663
14,0.93,embedding_0.93,LogisticRegression,baseline,0.8164071695194539,0.8902118809307162,0.6370321939745938,245,471,716
14,0.93,embedding_0.93,LogisticRegression,cleaned,0.6750811395600433,0.7528571428571428,0.354588688243029,25,28,53
14,0.93,embedding_0.93,LogisticRegression,leaked-only,0.8280996510878503,0.9056433408577879,0.6622022100196218,220,443,663
14,0.94,embedding_0.94,RandomForest,baseline,0.9016030074121361,0.96196542311192,0.8053787063298471,245,471,716
14,0.94,embedding_0.94,RandomForest,cleaned,0.7990452375539896,0.8486842105263157,0.6168111306104866,30,38,68
14,0.94,embedding_0.94,RandomForest,leaked-only,0.9131545478166925,0.9684891777216822,0.8275851489515523,215,433,648
14,0.94,embedding_0.94,LogisticRegression,baseline,0.8164071695194539,0.8902118809307162,0.6370321939745938,245,471,716
14,0.94,embedding_0.94,LogisticRegression,cleaned,0.7017543859649122,0.7807017543859649,0.40350877192982454,30,38,68
14,0.94,embedding_0.94,LogisticRegression,leaked-only,0.8287881299734747,0.9059885063644665,0.6629050484862429,215,433,648
14,0.95,embedding_0.95,RandomForest,baseline,0.9016030074121361,0.96196542311192,0.8053787063298471,245,471,716
14,0.95,embedding_0.95,RandomForest,cleaned,0.8090249798549556,0.8698717948717949,0.6309879200198468,40,39,79
14,0.95,embedding_0.95,RandomForest,leaked-only,0.9137714030615919,0.9686314363143631,0.8289093439243252,205,432,637
14,0.95,embedding_0.95,LogisticRegression,baseline,0.8164071695194539,0.8902118809307162,0.6370321939745938,245,471,716
14,0.95,embedding_0.95,LogisticRegression,cleaned,0.6833413500080167,0.7814102564102564,0.368658359336915,40,39,79
14,0.95,embedding_0.95,LogisticRegression,leaked-only,0.8328531740557092,0.9110885275519421,0.6723880440782414,205,432,637
14,0.96,embedding_0.96,RandomForest,baseline,0.9016030074121361,0.96196542311192,0.8053787063298471,245,471,716
14,0.96,embedding_0.96,RandomForest,cleaned,0.8158730158730159,0.8777777777777778,0.6395607498806918,45,42,87
14,0.96,embedding_0.96,RandomForest,leaked-only,0.9137883771929824,0.9687878787878788,0.8291984707355882,200,429,629
14,0.96,embedding_0.96,LogisticRegression,baseline,0.8164071695194539,0.8902118809307162,0.6370321939745938,245,471,716
14,0.96,embedding_0.96,LogisticRegression,cleaned,0.7126436781609196,0.7968253968253969,0.42698412698412697,45,42,87
14,0.96,embedding_0.96,LogisticRegression,leaked-only,0.8299417186720441,0.9100466200466201,0.6667684351366767,200,429,629
14,0.97,embedding_0.97,RandomForest,baseline,0.9016030074121361,0.96196542311192,0.8053787063298471,245,471,716
14,0.97,embedding_0.97,RandomForest,cleaned,0.8214876033057852,0.8857929136566907,0.6500909243816677,51,57,108
14,0.97,embedding_0.97,RandomForest,leaked-only,0.9168550974910874,0.9693834354300513,0.835233525901178,194,414,608
14,0.97,embedding_0.97,LogisticRegression,baseline,0.8164071695194539,0.8902118809307162,0.6370321939745938,245,471,716
14,0.97,embedding_0.97,LogisticRegression,cleaned,0.739938080495356,0.804265565875473,0.47987616099071206,51,57,108
14,0.97,embedding_0.97,LogisticRegression,leaked-only,0.829431637757112,0.910005478360476,0.6650835328857242,194,414,608
14,0.98,embedding_0.98,RandomForest,baseline,0.9016030074121361,0.96196542311192,0.8053787063298471,245,471,716
14,0.98,embedding_0.98,RandomForest,cleaned,0.8027624704787806,0.8951264367816092,0.6172937612571845,87,125,212
14,0.98,embedding_0.98,RandomForest,leaked-only,0.9465232253986999,0.9732384575985951,0.8933002197231315,158,346,504
14,0.98,embedding_0.98,LogisticRegression,baseline,0.8164071695194539,0.8902118809307162,0.6370321939745938,245,471,716
14,0.98,embedding_0.98,LogisticRegression,cleaned,0.7554676014927062,0.8274942528735634,0.5151281602217739,87,125,212
14,0.98,embedding_0.98,LogisticRegression,leaked-only,0.8422159609508314,0.9155630350479256,0.6887577510758296,158,346,504
14,0.99,embedding_0.99,RandomForest,baseline,0.9016030074121361,0.96196542311192,0.8053787063298471,245,471,716
14,0.99,embedding_0.99,RandomForest,cleaned,0.848897945126851,0.9432128799475179,0.7058826784889017,136,269,405
14,0.99,embedding_0.99,RandomForest,leaked-only,0.9648349163274537,0.9670269779271505,0.9297649881963306,109,202,311
14,0.99,embedding_0.99,LogisticRegression,baseline,0.8164071695194539,0.8902118809307162,0.6370321939745938,245,471,716
14,0.99,embedding_0.99,LogisticRegression,cleaned,0.7892088827203332,0.8646402799037831,0.5806287108823962,136,269,405
14,0.99,embedding_0.99,LogisticRegression,leaked-only,0.8502713585434174,0.9234262875828868,0.7083831331220946,109,202,311
14,1.0,embedding_1.0,RandomForest,baseline,0.9016030074121361,0.96196542311192,0.8053787063298471,245,471,716
14,1.0,embedding_1.0,RandomForest,cleaned,0.9016030074121361,0.96196542311192,0.8053787063298471,245,471,716
14,1.0,embedding_1.0,LogisticRegression,baseline,0.8164071695194539,0.8902118809307162,0.6370321939745938,245,471,716
14,1.0,embedding_1.0,LogisticRegression,cleaned,0.8164071695194539,0.8902118809307162,0.6370321939745938,245,471,716
15,0.9,embedding_0.9,RandomForest,baseline,0.9081917059399147,0.9669714507192376,0.8180636314455351,237,479,716
15,0.9,embedding_0.9,RandomForest,cleaned,0.5,0.7087912087912088,0.11308055883843512,13,14,27
15,0.9,embedding_0.9,RandomForest,leaked-only,0.9246018525498703,0.9715197772657451,0.8498252729118106,224,465,689
15,0.9,embedding_0.9,LogisticRegression,baseline,0.806759674472679,0.8993507923504488,0.6289895759919389,237,479,716
15,0.9,embedding_0.9,LogisticRegression,cleaned,0.6648275862068966,0.6428571428571429,0.3464173711074475,13,14,27
15,0.9,embedding_0.9,LogisticRegression,leaked-only,0.8118238431553121,0.9069892473118278,0.639159226565685,224,465,689
15,0.91,embedding_0.91,RandomForest,baseline,0.9081917059399147,0.9669714507192376,0.8180636314455351,237,479,716
15,0.91,embedding_0.91,RandomForest,cleaned,0.55,0.7544642857142857,0.2004459314343183,14,16,30
15,0.91,embedding_0.91,RandomForest,leaked-only,0.924263055238656,0.9716268438435239,0.8491530104348042,223,463,686
15,0.91,embedding_0.91,LogisticRegression,baseline,0.806759674472679,0.8993507923504488,0.6289895759919389,237,479,716
15,0.91,embedding_0.91,LogisticRegression,cleaned,0.699666295884316,0.6919642857142857,0.41349254254555623,14,16,30
15,0.91,embedding_0.91,LogisticRegression,leaked-only,0.8110352018248582,0.9064300864899417,0.6376977651463566,223,463,686
15,0.92,embedding_0.92,RandomForest,baseline,0.9081917059399147,0.9669714507192376,0.8180636314455351,237,479,716
15,0.92,embedding_0.92,RandomForest,cleaned,0.6136363636363636,0.8055555555555555,0.3105172139687914,16,18,34
15,0.92,embedding_0.92,RandomForest,leaked-only,0.9236800680388837,0.9715992186963223,0.8479961851916933,221,461,682
15,0.92,embedding_0.92,LogisticRegression,baseline,0.806759674472679,0.8993507923504488,0.6289895759919389,237,479,716
15,0.92,embedding_0.92,LogisticRegression,cleaned,0.6761904761904762,0.7013888888888888,0.3535533905932738,16,18,34
15,0.92,embedding_0.92,LogisticRegression,leaked-only,0.8132147599879401,0.9087366633621579,0.6432997878189664,221,461,682
15,0.93,embedding_0.93,RandomForest,baseline,0.9081917059399147,0.9669714507192376,0.8180636314455351,237,479,716
15,0.93,embedding_0.93,RandomForest,cleaned,0.6846153846153846,0.8588516746411482,0.43079918382479443,19,22,41
15,0.93,embedding_0.93,RandomForest,leaked-only,0.9227344992050874,0.9716539859072932,0.8461200523246024,218,457,675
15,0.93,embedding_0.93,LogisticRegression,baseline,0.806759674472679,0.8993507923504488,0.6289895759919389,237,479,716
15,0.93,embedding_0.93,LogisticRegression,cleaned,0.6829268292682927,0.7153110047846889,0.37320574162679426,19,22,41
15,0.93,embedding_0.93,LogisticRegression,leaked-only,0.8140228753629468,0.9097825868749122,0.6443017409860704,218,457,675
15,0.94,embedding_0.94,RandomForest,baseline,0.9081917059399147,0.9669714507192376,0.8180636314455351,237,479,716
15,0.94,embedding_0.94,RandomForest,cleaned,0.7013888888888888,0.8673913043478261,0.4593071595933052,20,23,43
15,0.94,embedding_0.94,RandomForest,leaked-only,0.9224314792190129,0.9717337699086426,0.8455188382139813,217,456,673
15,0.94,embedding_0.94,LogisticRegression,baseline,0.806759674472679,0.8993507923504488,0.6289895759919389,237,479,716
15,0.94,embedding_0.94,LogisticRegression,cleaned,0.6742424242424242,0.7260869565217392,0.3602654437097043,20,23,43
15,0.94,embedding_0.94,LogisticRegression,leaked-only,0.8148292220113852,0.9098856010995231,0.6455453579697764,217,456,673
15,0.95,embedding_0.95,RandomForest,baseline,0.9081917059399147,0.9669714507192376,0.8180636314455351,237,479,716
15,0.95,embedding_0.95,RandomForest,cleaned,0.7125,0.876923076923077,0.47762926357566393,20,26,46
15,0.95,embedding_0.95,RandomForest,leaked-only,0.9222719784681779,0.9718314157536546,0.8452025229053487,217,453,670
15,0.95,embedding_0.95,LogisticRegression,baseline,0.806759674472679,0.8993507923504488,0.6289895759919389,237,479,716
15,0.95,embedding_0.95,LogisticRegression,cleaned,0.6521739130434783,0.7019230769230769,0.3269230769230769,20,26,46
15,0.95,embedding_0.95,LogisticRegression,leaked-only,0.817239498090562,0.9122592852565081,0.6495251577668782,217,453,670
15,0.96,embedding_0.96,RandomForest,baseline,0.9081917059399147,0.9669714507192376,0.8180636314455351,237,479,716
15,0.96,embedding_0.96,RandomForest,cleaned,0.7555432372505543,0.9002079002079003,0.540366396064598,26,37,63
15,0.96,embedding_0.96,RandomForest,leaked-only,0.9236662181081705,0.972255581051232,0.8480291895335402,211,442,653
15,0.96,embedding_0.96,LogisticRegression,baseline,0.806759674472679,0.8993507923504488,0.6289895759919389,237,479,716
15,0.96,embedding_0.96,LogisticRegression,cleaned,0.6663303909205549,0.7401247401247402,0.3604686254552953,26,37,63
15,0.96,embedding_0.96,LogisticRegression,leaked-only,0.8203204479303668,0.9154746842229418,0.6550437714509915,211,442,653
15,0.97,embedding_0.97,RandomForest,baseline,0.9081917059399147,0.9669714507192376,0.8180636314455351,237,479,716
15,0.97,embedding_0.97,RandomForest,cleaned,0.8060344827586207,0.9364711934156379,0.6270894413356963,36,54,90
15,0.97,embedding_0.97,RandomForest,leaked-only,0.9237608086712945,0.9717529997073457,0.8482860058594884,201,425,626
15,0.97,embedding_0.97,LogisticRegression,baseline,0.806759674472679,0.8993507923504488,0.6289895759919389,237,479,716
15,0.97,embedding_0.97,LogisticRegression,cleaned,0.73,0.79320987654321,0.471870105616408,36,54,90
15,0.97,embedding_0.97,LogisticRegression,leaked-only,0.8178634167764602,0.9163242610477027,0.6518995995081481,201,425,626
15,0.98,embedding_0.98,RandomForest,baseline,0.9081917059399147,0.9669714507192376,0.8180636314455351,237,479,716
15,0.98,embedding_0.98,RandomForest,cleaned,0.8472222222222222,0.9593549448741157,0.702499036852112,59,103,162
15,0.98,embedding_0.98,RandomForest,leaked-only,0.9265716655242798,0.9708044465694478,0.8537969884560791,178,376,554
15,0.98,embedding_0.98,LogisticRegression,baseline,0.806759674472679,0.8993507923504488,0.6289895759919389,237,479,716
15,0.98,embedding_0.98,LogisticRegression,cleaned,0.7523809523809524,0.8255718282047062,0.5223470984363315,59,103,162
15,0.98,embedding_0.98,LogisticRegression,leaked-only,0.822931703633458,0.920915013148458,0.6607454181271605,178,376,554
15,0.99,embedding_0.99,RandomForest,baseline,0.9081917059399147,0.9669714507192376,0.8180636314455351,237,479,716
15,0.99,embedding_0.99,RandomForest,cleaned,0.8571428571428572,0.9541242791420981,0.7203851097912406,122,253,375
15,0.99,embedding_0.99,RandomForest,leaked-only,0.960638707195075,0.9686802616390919,0.9212774143901501,115,226,341
15,0.99,embedding_0.99,LogisticRegression,baseline,0.806759674472679,0.8993507923504488,0.6289895759919389,237,479,716
15,0.99,embedding_0.99,LogisticRegression,cleaned,0.7865906866278672,0.8673621460506706,0.5905353671873468,122,253,375
15,0.99,embedding_0.99,LogisticRegression,leaked-only,0.8288105734914246,0.931858407079646,0.6710865634488213,115,226,341
15,1.0,embedding_1.0,RandomForest,baseline,0.9081917059399147,0.9669714507192376,0.8180636314455351,237,479,716
15,1.0,embedding_1.0,RandomForest,cleaned,0.9081917059399147,0.9669714507192376,0.8180636314455351,237,479,716
15,1.0,embedding_1.0,LogisticRegression,baseline,0.806759674472679,0.8993507923504488,0.6289895759919389,237,479,716
15,1.0,embedding_1.0,LogisticRegression,cleaned,0.806759674472679,0.8993507923504488,0.6289895759919389,237,479,716
16,0.9,embedding_0.9,RandomForest,baseline,0.8975169550039817,0.9486053184251781,0.7962254208130094,191,531,722
16,0.9,embedding_0.9,RandomForest,cleaned,0.5714285714285714,0.8666666666666667,0.35355339059327373,12,30,42
16,0.9,embedding_0.9,RandomForest,leaked-only,0.9109545659836822,0.9518560644074978,0.8256098849335679,179,501,680
16,0.9,embedding_0.9,LogisticRegression,baseline,0.8003826460082059,0.9127596848778853,0.6246152512011618,191,531,722
16,0.9,embedding_0.9,LogisticRegression,cleaned,0.7437288135593221,0.8027777777777778,0.4885967564883422,12,30,42
16,0.9,embedding_0.9,LogisticRegression,leaked-only,0.8037244578037444,0.9209402424201876,0.6337184205652728,179,501,680
16,0.91,embedding_0.91,RandomForest,baseline,0.8975169550039817,0.9486053184251781,0.7962254208130094,191,531,722
16,0.91,embedding_0.91,RandomForest,cleaned,0.6351838500360489,0.8924731182795699,0.4436500837657949,15,31,46
16,0.91,embedding_0.91,RandomForest,leaked-only,0.9118672794237477,0.9521193181818182,0.8278255425389921,176,500,676
16,0.91,embedding_0.91,LogisticRegression,baseline,0.8003826460082059,0.9127596848778853,0.6246152512011618,191,531,722
16,0.91,embedding_0.91,LogisticRegression,cleaned,0.7230432402846196,0.7806451612903226,0.446955909742176,15,31,46
16,0.91,embedding_0.91,LogisticRegression,leaked-only,0.8056197346516673,0.9253409090909092,0.6394478821009075,176,500,676
16,0.92,embedding_0.92,RandomForest,baseline,0.8975169550039817,0.9486053184251781,0.7962254208130094,191,531,722
16,0.92,embedding_0.92,RandomForest,cleaned,0.6647619047619048,0.8984375,0.48224282217041214,16,32,48
16,0.92,embedding_0.92,RandomForest,leaked-only,0.9114788547412661,0.9521328371027771,0.8270823564682623,175,499,674
16,0.92,embedding_0.92,LogisticRegression,baseline,0.8003826460082059,0.9127596848778853,0.6246152512011618,191,531,722
16,0.92,embedding_0.92,LogisticRegression,cleaned,0.7379652605459057,0.7890625,0.4767312946227961,16,32,48
16,0.92,embedding_0.92,LogisticRegression,leaked-only,0.8048659081674117,0.9249126825078728,0.6381283760027785,175,499,674
16,0.93,embedding_0.93,RandomForest,baseline,0.8975169550039817,0.9486053184251781,0.7962254208130094,191,531,722
16,0.93,embedding_0.93,RandomForest,cleaned,0.6208333333333333,0.8423202614379084,0.3698395362333964,18,34,52
16,0.93,embedding_0.93,RandomForest,leaked-only,0.9164104455059872,0.9561182121631522,0.8373642929643841,173,497,670
16,0.93,embedding_0.93,LogisticRegression,baseline,0.8003826460082059,0.9127596848778853,0.6246152512011618,191,531,722
16,0.93,embedding_0.93,LogisticRegression,cleaned,0.7200828157349897,0.7630718954248366,0.4408059446231086,18,34,52
16,0.93,embedding_0.93,LogisticRegression,leaked-only,0.8067891571228475,0.9293913771647225,0.6425024199849927,173,497,670
16,0.94,embedding_0.94,RandomForest,baseline,0.8975169550039817,0.9486053184251781,0.7962254208130094,191,531,722
16,0.94,embedding_0.94,RandomForest,cleaned,0.7397025171624714,0.8885000000000001,0.5533985905294664,25,40,65
16,0.94,embedding_0.94,RandomForest,leaked-only,0.9137656958683953,0.956371310087601,0.8323468707023475,166,491,657
16,0.94,embedding_0.94,LogisticRegression,baseline,0.8003826460082059,0.9127596848778853,0.6246152512011618,191,531,722
16,0.94,embedding_0.94,LogisticRegression,cleaned,0.7688008130081301,0.816,0.5392464645061678,25,40,65
16,0.94,embedding_0.94,LogisticRegression,leaked-only,0.8035017096297015,0.9280666454003387,0.638119596881921,166,491,657
16,0.95,embedding_0.95,RandomForest,baseline,0.8975169550039817,0.9486053184251781,0.7962254208130094,191,531,722
16,0.95,embedding_0.95,RandomForest,cleaned,0.8017429193899782,0.9188552188552188,0.6502925752357543,33,45,78
16,0.95,embedding_0.95,RandomForest,leaked-only,0.9105928085519922,0.956191071521592,0.8263351104714994,158,486,644
16,0.95,embedding_0.95,LogisticRegression,baseline,0.8003826460082059,0.9127596848778853,0.6246152512011618,191,531,722
16,0.95,embedding_0.95,LogisticRegression,cleaned,0.7736815156169995,0.835016835016835,0.5498086597076861,33,45,78
16,0.95,embedding_0.95,LogisticRegression,leaked-only,0.8030982470444354,0.9294811689326458,0.6400377267710623,158,486,644
16,0.96,embedding_0.96,RandomForest,baseline,0.8975169550039817,0.9486053184251781,0.7962254208130094,191,531,722
16,0.96,embedding_0.96,RandomForest,cleaned,0.8282828282828283,0.9212315073970411,0.6755576237500887,41,61,102
16,0.96,embedding_0.96,RandomForest,leaked-only,0.9103488860865909,0.9558156028368794,0.825552871181911,150,470,620
16,0.96,embedding_0.96,LogisticRegression,baseline,0.8003826460082059,0.9127596848778853,0.6246152512011618,191,531,722
16,0.96,embedding_0.96,LogisticRegression,cleaned,0.7850045167118338,0.8496601359456217,0.5701717005818118,41,61,102
16,0.96,embedding_0.96,LogisticRegression,leaked-only,0.8021090364477835,0.9293900709219858,0.6392127770394271,150,470,620
16,0.97,embedding_0.97,RandomForest,baseline,0.8975169550039817,0.9486053184251781,0.7962254208130094,191,531,722
16,0.97,embedding_0.97,RandomForest,cleaned,0.8326219512195122,0.9238095238095239,0.6794493151068408,45,77,122
16,0.97,embedding_0.97,RandomForest,leaked-only,0.9121149222431415,0.9554568221591938,0.8293773581798104,146,454,600
16,0.97,embedding_0.97,LogisticRegression,baseline,0.8003826460082059,0.9127596848778853,0.6246152512011618,191,531,722
16,0.97,embedding_0.97,LogisticRegression,cleaned,0.78280994089582,0.8533910533910534,0.5666674696080772,45,77,122
16,0.97,embedding_0.97,LogisticRegression,leaked-only,0.803435939772772,0.9296210246816727,0.6405141872150475,146,454,600
16,0.98,embedding_0.98,RandomForest,baseline,0.8975169550039817,0.9486053184251781,0.7962254208130094,191,531,722
16,0.98,embedding_0.98,RandomForest,cleaned,0.8212296819787985,0.8911290322580645,0.6425122043512832,62,142,204
16,0.98,embedding_0.98,RandomForest,leaked-only,0.930204804434863,0.9641995974572048,0.8626408621122401,129,389,518
16,0.98,embedding_0.98,LogisticRegression,baseline,0.8003826460082059,0.9127596848778853,0.6246152512011618,191,531,722
16,0.98,embedding_0.98,LogisticRegression,cleaned,0.7607318789584799,0.8639254884143571,0.5440425954711868,62,142,204
16,0.98,embedding_0.98,LogisticRegression,leaked-only,0.8165462530103413,0.9322253442538012,0.6577322402213137,129,389,518
16,0.99,embedding_0.99,RandomForest,baseline,0.8975169550039817,0.9486053184251781,0.7962254208130094,191,531,722
16,0.99,embedding_0.99,RandomForest,cleaned,0.8334717607973422,0.9106968300516689,0.6703967837380815,93,308,401
16,0.99,embedding_0.99,RandomForest,leaked-only,0.9670450008555296,0.9816967145602635,0.9341158021858318,98,223,321
16,0.99,embedding_0.99,LogisticRegression,baseline,0.8003826460082059,0.9127596848778853,0.6246152512011618,191,531,722
16,0.99,embedding_0.99,LogisticRegression,cleaned,0.741961967736925,0.8824535679374388,0.5225383860424188,93,308,401
16,0.99,embedding_0.99,LogisticRegression,leaked-only,0.8680327159425307,0.9378145877184956,0.7461106546354576,98,223,321
16,1.0,embedding_1.0,RandomForest,baseline,0.8975169550039817,0.9486053184251781,0.7962254208130094,191,531,722
16,1.0,embedding_1.0,RandomForest,cleaned,0.8975169550039817,0.9486053184251781,0.7962254208130094,191,531,722
16,1.0,embedding_1.0,LogisticRegression,baseline,0.8003826460082059,0.9127596848778853,0.6246152512011618,191,531,722
16,1.0,embedding_1.0,LogisticRegression,cleaned,0.8003826460082059,0.9127596848778853,0.6246152512011618,191,531,722
17,0.9,embedding_0.9,RandomForest,baseline,0.9022399987149523,0.9672337347882142,0.8052592011467381,177,539,716
17,0.9,embedding_0.9,RandomForest,cleaned,0.4965675057208238,0.8549107142857142,0.17039954414774924,16,28,44
17,0.9,embedding_0.9,RandomForest,leaked-only,0.9267973856209151,0.9689380219032223,0.8536247791658365,161,511,672
17,0.9,embedding_0.9,LogisticRegression,baseline,0.8236197652514128,0.9166902508306867,0.6582229695249991,177,539,716
17,0.9,embedding_0.9,LogisticRegression,cleaned,0.65625,0.7165178571428571,0.3125,16,28,44
17,0.9,embedding_0.9,LogisticRegression,leaked-only,0.8359065430934014,0.936210815475684,0.6848185359554712,161,511,672
17,0.91,embedding_0.91,RandomForest,baseline,0.9022399987149523,0.9672337347882142,0.8052592011467381,177,539,716
17,0.91,embedding_0.91,RandomForest,cleaned,0.49743589743589745,0.8529411764705882,0.17153741647667398,17,32,49
17,0.91,embedding_0.91,RandomForest,leaked-only,0.9285108389756027,0.9690027120315581,0.8570899813124584,160,507,667
17,0.91,embedding_0.91,LogisticRegression,baseline,0.8236197652514128,0.9166902508306867,0.6582229695249991,177,539,716
17,0.91,embedding_0.91,LogisticRegression,cleaned,0.6847426470588236,0.7426470588235294,0.3694852941176471,17,32,49
17,0.91,embedding_0.91,LogisticRegression,leaked-only,0.8348861283643892,0.9355152859960552,0.6829241814015005,160,507,667
17,0.92,embedding_0.92,RandomForest,baseline,0.9022399987149523,0.9672337347882142,0.8052592011467381,177,539,716
17,0.92,embedding_0.92,RandomForest,cleaned,0.5024390243902439,0.8581314878892734,0.1767766952966369,17,34,51
17,0.92,embedding_0.92,RandomForest,leaked-only,0.9284420818973071,0.9690037128712874,0.856952600132585,160,505,665
17,0.92,embedding_0.92,LogisticRegression,baseline,0.8236197652514128,0.9166902508306867,0.6582229695249991,177,539,716
17,0.92,embedding_0.92,LogisticRegression,cleaned,0.673773987206823,0.7387543252595156,0.3481553119113957,17,34,51
17,0.92,embedding_0.92,LogisticRegression,leaked-only,0.8363000500819137,0.9361262376237623,0.6853033728828822,160,505,665
17,0.93,embedding_0.93,RandomForest,baseline,0.9022399987149523,0.9672337347882142,0.8052592011467381,177,539,716
17,0.93,embedding_0.93,RandomForest,cleaned,0.49973247726056713,0.8648648648648649,0.17373551791165268,18,37,55
17,0.93,embedding_0.93,RandomForest,leaked-only,0.9302049689440994,0.9690733919667243,0.8605329102332233,159,502,661
17,0.93,embedding_0.93,LogisticRegression,baseline,0.8236197652514128,0.9166902508306867,0.6582229695249991,177,539,716
17,0.93,embedding_0.93,LogisticRegression,cleaned,0.6945575712699,0.7507507507507507,0.38966426799300247,18,37,55
17,0.93,embedding_0.93,LogisticRegression,leaked-only,0.8353673723536736,0.9357162544789395,0.6835675288884758,159,502,661
17,0.94,embedding_0.94,RandomForest,baseline,0.9022399987149523,0.9672337347882142,0.8052592011467381,177,539,716
17,0.94,embedding_0.94,RandomForest,cleaned,0.5220618556701031,0.8646341463414635,0.17321765325940905,20,41,61
17,0.94,embedding_0.94,RandomForest,leaked-only,0.9335565023331305,0.9695725577469112,0.8672393853434981,157,498,655
17,0.94,embedding_0.94,LogisticRegression,baseline,0.8236197652514128,0.9166902508306867,0.6582229695249991,177,539,716
17,0.94,embedding_0.94,LogisticRegression,cleaned,0.7095238095238096,0.7536585365853659,0.42084690271730607,20,41,61
17,0.94,embedding_0.94,LogisticRegression,leaked-only,0.8352923976608186,0.9364592126467655,0.6831667456485816,157,498,655
17,0.95,embedding_0.95,RandomForest,baseline,0.9022399987149523,0.9672337347882142,0.8052592011467381,177,539,716
17,0.95,embedding_0.95,RandomForest,cleaned,0.5982142857142857,0.8932291666666666,0.3125,24,48,72
17,0.95,embedding_0.95,RandomForest,leaked-only,0.9342958791760327,0.969762922141022,0.8687977011936995,153,491,644
17,0.95,embedding_0.95,LogisticRegression,baseline,0.8236197652514128,0.9166902508306867,0.6582229695249991,177,539,716
17,0.95,embedding_0.95,LogisticRegression,cleaned,0.7290969899665551,0.7855902777777778,0.46334820431459367,24,48,72
17,0.95,embedding_0.95,LogisticRegression,leaked-only,0.8352238805970149,0.9358252465955832,0.6825048075113203,153,491,644
17,0.96,embedding_0.96,RandomForest,baseline,0.9022399987149523,0.9672337347882142,0.8052592011467381,177,539,716
17,0.96,embedding_0.96,RandomForest,cleaned,0.6839895013123359,0.9017857142857143,0.4351044648957689,30,56,86
17,0.96,embedding_0.96,RandomForest,leaked-only,0.9340719139376858,0.9703032351657018,0.8682853691675011,147,483,630
17,0.96,embedding_0.96,LogisticRegression,baseline,0.8236197652514128,0.9166902508306867,0.6582229695249991,177,539,716
17,0.96,embedding_0.96,LogisticRegression,cleaned,0.7225806451612904,0.7970238095238096,0.44605363444005036,30,56,86
17,0.96,embedding_0.96,LogisticRegression,leaked-only,0.8388746803069054,0.9374797538062845,0.6917314545685846,147,483,630
17,0.97,embedding_0.97,RandomForest,baseline,0.9022399987149523,0.9672337347882142,0.8052592011467381,177,539,716
17,0.97,embedding_0.97,RandomForest,cleaned,0.7413242009132419,0.9054655870445344,0.5343222830529987,38,65,103
17,0.97,embedding_0.97,RandomForest,leaked-only,0.933386792770985,0.9754955529247488,0.8670147811816304,139,474,613
17,0.97,embedding_0.97,LogisticRegression,baseline,0.8236197652514128,0.9166902508306867,0.6582229695249991,177,539,716
17,0.97,embedding_0.97,LogisticRegression,cleaned,0.7379134860050891,0.8068825910931173,0.4759849320188864,38,65,103
17,0.97,embedding_0.97,LogisticRegression,leaked-only,0.839437635429104,0.9444191482257231,0.6959230385931248,139,474,613
17,0.98,embedding_0.98,RandomForest,baseline,0.9022399987149523,0.9672337347882142,0.8052592011467381,177,539,716
17,0.98,embedding_0.98,RandomForest,cleaned,0.7984496124031009,0.9311475409836065,0.6148280251274824,50,122,172
17,0.98,embedding_0.98,RandomForest,leaked-only,0.9363197497740756,0.9755565626239167,0.8727467910674354,127,417,544
17,0.98,embedding_0.98,LogisticRegression,baseline,0.8236197652514128,0.9166902508306867,0.6582229695249991,177,539,716
17,0.98,embedding_0.98,LogisticRegression,cleaned,0.7574829794948233,0.8340983606557376,0.5155871993053577,50,122,172
17,0.98,embedding_0.98,LogisticRegression,leaked-only,0.8455010576022314,0.9501878811911102,0.7087998913016388,127,417,544
17,0.99,embedding_0.99,RandomForest,baseline,0.9022399987149523,0.9672337347882142,0.8052592011467381,177,539,716
17,0.99,embedding_0.99,RandomForest,cleaned,0.8668432671081677,0.9683546920214965,0.739274634403274,82,295,377
17,0.99,embedding_0.99,RandomForest,leaked-only,0.9311895732065595,0.9632657463330457,0.8625960106058763,95,244,339
17,0.99,embedding_0.99,LogisticRegression,baseline,0.8236197652514128,0.9166902508306867,0.6582229695249991,177,539,716
17,0.99,embedding_0.99,LogisticRegression,cleaned,0.8235018726591761,0.9018602728400166,0.6511242599997809,82,295,377
17,0.99,embedding_0.99,LogisticRegression,leaked-only,0.8199929200755192,0.92946505608283,0.6608442478089518,95,244,339
17,1.0,embedding_1.0,RandomForest,baseline,0.9022399987149523,0.9672337347882142,0.8052592011467381,177,539,716
17,1.0,embedding_1.0,RandomForest,cleaned,0.9022399987149523,0.9672337347882142,0.8052592011467381,177,539,716
17,1.0,embedding_1.0,LogisticRegression,baseline,0.8236197652514128,0.9166902508306867,0.6582229695249991,177,539,716
17,1.0,embedding_1.0,LogisticRegression,cleaned,0.8236197652514128,0.9166902508306867,0.6582229695249991,177,539,716
18,0.9,embedding_0.9,RandomForest,baseline,0.8990222882280803,0.940597521982414,0.7982994390706303,162,556,718
18,0.9,embedding_0.9,RandomForest,cleaned,0.6309523809523809,0.9384615384615385,0.4163331998932266,5,26,31
18,0.9,embedding_0.9,RandomForest,leaked-only,0.9046248008112414,0.9405299843768778,0.8092797361161853,157,530,687
18,0.9,embedding_0.9,LogisticRegression,baseline,0.8083829320120446,0.8976374455990762,0.629401806247561,162,556,718
18,0.9,embedding_0.9,LogisticRegression,cleaned,0.6352941176470588,0.8615384615384616,0.3717413521905722,5,26,31
18,0.9,embedding_0.9,LogisticRegression,leaked-only,0.8164563760607488,0.8994471818291071,0.6432596728015217,157,530,687
18,0.91,embedding_0.91,RandomForest,baseline,0.8990222882280803,0.940597521982414,0.7982994390706303,162,556,718
18,0.91,embedding_0.91,RandomForest,cleaned,0.5795454545454546,0.9139784946236559,0.2190960341873412,6,31,37
18,0.91,embedding_0.91,RandomForest,leaked-only,0.908119710535999,0.9406471306471309,0.8162701497127882,156,525,681
18,0.91,embedding_0.91,LogisticRegression,baseline,0.8083829320120446,0.8976374455990762,0.629401806247561,162,556,718
18,0.91,embedding_0.91,LogisticRegression,cleaned,0.6813397129186602,0.8870967741935484,0.44417080423649014,6,31,37
18,0.91,embedding_0.91,LogisticRegression,leaked-only,0.8152174217100019,0.8986202686202687,0.6409063226172517,156,525,681
18,0.92,embedding_0.92,RandomForest,baseline,0.8990222882280803,0.940597521982414,0.7982994390706303,162,556,718
18,0.92,embedding_0.92,RandomForest,cleaned,0.6602316602316602,0.9206349206349207,0.3510319689479054,9,35,44
18,0.92,embedding_0.92,RandomForest,leaked-only,0.9108061101028433,0.9406182178565605,0.8216441128322746,153,521,674
18,0.92,embedding_0.92,LogisticRegression,baseline,0.8083829320120446,0.8976374455990762,0.629401806247561,162,556,718
18,0.92,embedding_0.92,LogisticRegression,cleaned,0.6724565756823822,0.8539682539682539,0.4076336977296022,9,35,44
18,0.92,embedding_0.92,LogisticRegression,leaked-only,0.8179425287356322,0.9005431987254275,0.6462439508665823,153,521,674
18,0.93,embedding_0.93,RandomForest,baseline,0.8990222882280803,0.940597521982414,0.7982994390706303,162,556,718
18,0.93,embedding_0.93,RandomForest,cleaned,0.6626984126984127,0.9181818181818182,0.34498643951242725,11,40,51
18,0.93,embedding_0.93,RandomForest,leaked-only,0.9139909735654417,0.9406091175111658,0.8280147914505332,151,516,667
18,0.93,embedding_0.93,LogisticRegression,baseline,0.8083829320120446,0.8976374455990762,0.629401806247561,162,556,718
18,0.93,embedding_0.93,LogisticRegression,cleaned,0.6640316205533596,0.8636363636363636,0.4095652074604903,11,40,51
18,0.93,embedding_0.93,LogisticRegression,leaked-only,0.820748169739496,0.9009061040094462,0.650757080331356,151,516,667
18,0.94,embedding_0.94,RandomForest,baseline,0.8990222882280803,0.940597521982414,0.7982994390706303,162,556,718
18,0.94,embedding_0.94,RandomForest,cleaned,0.7041685342895563,0.9285714285714286,0.43039436929001634,14,46,60
18,0.94,embedding_0.94,RandomForest,leaked-only,0.9147993824598681,0.940222575516693,0.8296072494432342,148,510,658
18,0.94,embedding_0.94,LogisticRegression,baseline,0.8083829320120446,0.8976374455990762,0.629401806247561,162,556,718
18,0.94,embedding_0.94,LogisticRegression,cleaned,0.6850879901204074,0.8711180124223602,0.45148603369566964,14,46,60
18,0.94,embedding_0.94,LogisticRegression,leaked-only,0.8210967834569056,0.9006889242183359,0.650864300740078,148,510,658
18,0.95,embedding_0.95,RandomForest,baseline,0.8990222882280803,0.940597521982414,0.7982994390706303,162,556,718
18,0.95,embedding_0.95,RandomForest,cleaned,0.7162290414425815,0.9389978213507625,0.46256373604987105,18,51,69
18,0.95,embedding_0.95,RandomForest,leaked-only,0.9176511740357544,0.9395764576457646,0.8353111882714874,144,505,649
18,0.95,embedding_0.95,LogisticRegression,baseline,0.8083829320120446,0.8976374455990762,0.629401806247561,162,556,718
18,0.95,embedding_0.95,LogisticRegression,cleaned,0.7045300878972278,0.8899782135076253,0.488360596106407,18,51,69
18,0.95,embedding_0.95,LogisticRegression,leaked-only,0.8207096927839962,0.8994499449944995,0.6495500556473498,144,505,649
18,0.96,embedding_0.96,RandomForest,baseline,0.8990222882280803,0.940597521982414,0.7982994390706303,162,556,718
18,0.96,embedding_0.96,RandomForest,cleaned,0.7127272727272727,0.9228813559322034,0.4482206842995817,20,59,79
18,0.96,embedding_0.96,RandomForest,leaked-only,0.9209731276832565,0.9399353869697057,0.8419553986789916,142,497,639
18,0.96,embedding_0.96,LogisticRegression,baseline,0.8083829320120446,0.8976374455990762,0.629401806247561,162,556,718
18,0.96,embedding_0.96,LogisticRegression,cleaned,0.7071491615180936,0.8830508474576271,0.47699036751047375,20,59,79
18,0.96,embedding_0.96,LogisticRegression,leaked-only,0.8224541630028668,0.8999914982854876,0.6532892877538367,142,497,639
18,0.97,embedding_0.97,RandomForest,baseline,0.8990222882280803,0.940597521982414,0.7982994390706303,162,556,718
18,0.97,embedding_0.97,RandomForest,cleaned,0.7201219512195123,0.890491452991453,0.45982673975133276,24,78,102
18,0.97,embedding_0.97,RandomForest,leaked-only,0.925674554695866,0.9446364683766904,0.851388095561397,138,478,616
18,0.97,embedding_0.97,LogisticRegression,baseline,0.8083829320120446,0.8976374455990762,0.629401806247561,162,556,718
18,0.97,embedding_0.97,LogisticRegression,cleaned,0.712934819317798,0.8669871794871795,0.46721009832577853,24,78,102
18,0.97,embedding_0.97,LogisticRegression,leaked-only,0.8258009782460698,0.9037960099448183,0.6605491949325523,138,478,616
18,0.98,embedding_0.98,RandomForest,baseline,0.8990222882280803,0.940597521982414,0.7982994390706303,162,556,718
18,0.98,embedding_0.98,RandomForest,cleaned,0.8029468530810149,0.921911421911422,0.6085894151753127,39,143,182
18,0.98,embedding_0.98,RandomForest,leaked-only,0.9285738963058017,0.942715407783618,0.857160494778563,123,413,536
18,0.98,embedding_0.98,LogisticRegression,baseline,0.8083829320120446,0.8976374455990762,0.629401806247561,162,556,718
18,0.98,embedding_0.98,LogisticRegression,cleaned,0.7765843179377014,0.8940290478752018,0.5823838572581953,39,143,182
18,0.98,embedding_0.98,LogisticRegression,leaked-only,0.8194596169252057,0.9009823028012361,0.6473082190633718,123,413,536
18,0.99,embedding_0.99,RandomForest,baseline,0.8990222882280803,0.940597521982414,0.7982994390706303,162,556,718
18,0.99,embedding_0.99,RandomForest,cleaned,0.84281131525226,0.9195299183636853,0.6871602990936233,71,314,385
18,0.99,embedding_0.99,RandomForest,leaked-only,0.943488443132064,0.9495277449822904,0.8870033442487005,91,242,333
18,0.99,embedding_0.99,LogisticRegression,baseline,0.8083829320120446,0.8976374455990762,0.629401806247561,162,556,718
18,0.99,embedding_0.99,LogisticRegression,cleaned,0.7782011501804106,0.8872342334260339,0.5659116884493731,71,314,385
18,0.99,embedding_0.99,LogisticRegression,leaked-only,0.8300401020780168,0.9083643629098175,0.6766240055391927,91,242,333
18,1.0,embedding_1.0,RandomForest,baseline,0.8990222882280803,0.940597521982414,0.7982994390706303,162,556,718
18,1.0,embedding_1.0,RandomForest,cleaned,0.8990222882280803,0.940597521982414,0.7982994390706303,162,556,718
18,1.0,embedding_1.0,LogisticRegression,baseline,0.8083829320120446,0.8976374455990762,0.629401806247561,162,556,718
18,1.0,embedding_1.0,LogisticRegression,cleaned,0.8083829320120446,0.8976374455990762,0.629401806247561,162,556,718
19,0.9,embedding_0.9,RandomForest,baseline,0.9010478543571012,0.9613197275759822,0.8057965027121219,152,568,720
19,0.9,embedding_0.9,RandomForest,cleaned,0.35294117647058826,0.725,0.0,10,12,22
19,0.9,embedding_0.9,RandomForest,leaked-only,0.9203141767700984,0.9736738777991691,0.8417469586954116,142,556,698
19,0.9,embedding_0.9,LogisticRegression,baseline,0.8398881145860964,0.9107556523350631,0.6870754556538815,152,568,720
19,0.9,embedding_0.9,LogisticRegression,cleaned,0.5299145299145299,0.6000000000000001,0.06900655593423542,10,12,22
19,0.9,embedding_0.9,LogisticRegression,leaked-only,0.8523393465188727,0.9327946093829163,0.7138238432448826,142,556,698
19,0.91,embedding_0.91,RandomForest,baseline,0.9010478543571012,0.9613197275759822,0.8057965027121219,152,568,720
19,0.91,embedding_0.91,RandomForest,cleaned,0.36363636363636365,0.78125,0.0,12,16,28
19,0.91,embedding_0.91,RandomForest,leaked-only,0.9242895933002457,0.9737124741200829,0.8493439982097436,140,552,692
19,0.91,embedding_0.91,LogisticRegression,baseline,0.8398881145860964,0.9107556523350631,0.6870754556538815,152,568,720
19,0.91,embedding_0.91,LogisticRegression,cleaned,0.5508021390374331,0.5885416666666667,0.10758287072798381,12,16,28
19,0.91,embedding_0.91,LogisticRegression,leaked-only,0.8547417654380483,0.9362318840579711,0.7188738910530477,140,552,692
19,0.92,embedding_0.92,RandomForest,baseline,0.9010478543571012,0.9613197275759822,0.8057965027121219,152,568,720
19,0.92,embedding_0.92,RandomForest,cleaned,0.36538461538461536,0.7518796992481204,0.0,14,19,33
19,0.92,embedding_0.92,RandomForest,leaked-only,0.9283520328348669,0.9743143000448773,0.8571763786117665,138,549,687
19,0.92,embedding_0.92,LogisticRegression,baseline,0.8398881145860964,0.9107556523350631,0.6870754556538815,152,568,720
19,0.92,embedding_0.92,LogisticRegression,cleaned,0.5557692307692308,0.5789473684210527,0.11587244366483038,14,19,33
19,0.92,embedding_0.92,LogisticRegression,leaked-only,0.8572598639537721,0.9412370317573454,0.7241568543576727,138,549,687
19,0.93,embedding_0.93,RandomForest,baseline,0.9010478543571012,0.9613197275759822,0.8057965027121219,152,568,720
19,0.93,embedding_0.93,RandomForest,cleaned,0.375,0.7517006802721089,0.0,14,21,35
19,0.93,embedding_0.93,RandomForest,leaked-only,0.9283010713477777,0.974432345070609,0.857075143369584,138,547,685
19,0.93,embedding_0.93,LogisticRegression,baseline,0.8398881145860964,0.9107556523350631,0.6870754556538815,152,568,720
19,0.93,embedding_0.93,LogisticRegression,cleaned,0.5238095238095238,0.5510204081632653,0.047619047619047616,14,21,35
19,0.93,embedding_0.93,LogisticRegression,leaked-only,0.8606493415799046,0.9429563097792968,0.73005233319773,138,547,685
19,0.94,embedding_0.94,RandomForest,baseline,0.9010478543571012,0.9613197275759822,0.8057965027121219,152,568,720
19,0.94,embedding_0.94,RandomForest,cleaned,0.38235294117647056,0.7860576923076923,0.0,16,26,42
19,0.94,embedding_0.94,RandomForest,leaked-only,0.9323779160347087,0.9746716952463642,0.86500261373477,136,542,678
19,0.94,embedding_0.94,LogisticRegression,baseline,0.8398881145860964,0.9107556523350631,0.6870754556538815,152,568,720
19,0.94,embedding_0.94,LogisticRegression,cleaned,0.5961538461538461,0.5985576923076923,0.19230769230769232,16,26,42
19,0.94,embedding_0.94,LogisticRegression,leaked-only,0.858944302468925,0.9424652702409377,0.7268334380109029,136,542,678
19,0.95,embedding_0.95,RandomForest,baseline,0.9010478543571012,0.9613197275759822,0.8057965027121219,152,568,720
19,0.95,embedding_0.95,RandomForest,cleaned,0.44224196855775805,0.7870370370370371,0.18831089428867734,18,30,48
19,0.95,embedding_0.95,RandomForest,leaked-only,0.934006734006734,0.9748377073739111,0.8681751971558838,134,538,672
19,0.95,embedding_0.95,LogisticRegression,baseline,0.8398881145860964,0.9107556523350631,0.6870754556538815,152,568,720
19,0.95,embedding_0.95,LogisticRegression,cleaned,0.6079854809437386,0.6425925925925926,0.21821789023599236,18,30,48
19,0.95,embedding_0.95,LogisticRegression,leaked-only,0.8608664630203572,0.9424346668146256,0.7299652225256427,134,538,672
19,0.96,embedding_0.96,RandomForest,baseline,0.9010478543571012,0.9613197275759822,0.8057965027121219,152,568,720
19,0.96,embedding_0.96,RandomForest,cleaned,0.643282179768243,0.8599806201550387,0.4571955574781734,24,43,67
19,0.96,embedding_0.96,RandomForest,leaked-only,0.9311617119966266,0.9746056547619046,0.8624985346958035,128,525,653
19,0.96,embedding_0.96,LogisticRegression,baseline,0.8398881145860964,0.9107556523350631,0.6870754556538815,152,568,720
19,0.96,embedding_0.96,LogisticRegression,cleaned,0.667611622962438,0.7267441860465117,0.3381555266541098,24,43,67
19,0.96,embedding_0.96,LogisticRegression,leaked-only,0.861909244706396,0.9426488095238095,0.7322045922529223,128,525,653
19,0.97,embedding_0.97,RandomForest,baseline,0.9010478543571012,0.9613197275759822,0.8057965027121219,152,568,720
19,0.97,embedding_0.97,RandomForest,cleaned,0.6768096768096767,0.8721340388007054,0.46291004988627577,27,63,90
19,0.97,embedding_0.97,RandomForest,leaked-only,0.9343339587242026,0.9754297029702971,0.8688536864132309,125,505,630
19,0.97,embedding_0.97,LogisticRegression,baseline,0.8398881145860964,0.9107556523350631,0.6870754556538815,152,568,720
19,0.97,embedding_0.97,LogisticRegression,cleaned,0.6947427925381571,0.7472075249853027,0.3928929401275126,27,63,90
19,0.97,embedding_0.97,LogisticRegression,leaked-only,0.8648850050345511,0.9443009900990099,0.7381367062682704,125,505,630
19,0.98,embedding_0.98,RandomForest,baseline,0.9010478543571012,0.9613197275759822,0.8057965027121219,152,568,720
19,0.98,embedding_0.98,RandomForest,cleaned,0.7781512605042017,0.9204911433172304,0.619249423135122,46,108,154
19,0.98,embedding_0.98,RandomForest,leaked-only,0.9392787628929179,0.9808244462674323,0.8785728371282648,106,460,566
19,0.98,embedding_0.98,LogisticRegression,baseline,0.8398881145860964,0.9107556523350631,0.6870754556538815,152,568,720
19,0.98,embedding_0.98,LogisticRegression,cleaned,0.7458364591147787,0.8095813204508857,0.491756678967454,46,108,154
19,0.98,embedding_0.98,LogisticRegression,leaked-only,0.8701572794508983,0.9493642329778507,0.7533985463512461,106,460,566
19,0.99,embedding_0.99,RandomForest,baseline,0.9010478543571012,0.9613197275759822,0.8057965027121219,152,568,720
19,0.99,embedding_0.99,RandomForest,cleaned,0.845408636504174,0.9539372221718226,0.7087270280195866,73,302,375
19,0.99,embedding_0.99,RandomForest,leaked-only,0.9468784422414099,0.9821071666508042,0.8937879909184377,79,266,345
19,0.99,embedding_0.99,LogisticRegression,baseline,0.8398881145860964,0.9107556523350631,0.6870754556538815,152,568,720
19,0.99,embedding_0.99,LogisticRegression,cleaned,0.7934322033898304,0.8620157851764493,0.591374757807556,73,302,375
19,0.99,embedding_0.99,LogisticRegression,leaked-only,0.8830751402114377,0.9567431236318645,0.7769890638918117,79,266,345
19,1.0,embedding_1.0,RandomForest,baseline,0.9010478543571012,0.9613197275759822,0.8057965027121219,152,568,720
19,1.0,embedding_1.0,RandomForest,cleaned,0.9010478543571012,0.9613197275759822,0.8057965027121219,152,568,720
19,1.0,embedding_1.0,LogisticRegression,baseline,0.8398881145860964,0.9107556523350631,0.6870754556538815,152,568,720
19,1.0,embedding_1.0,LogisticRegression,cleaned,0.8398881145860964,0.9107556523350631,0.6870754556538815,152,568,720
20,0.9,embedding_0.9,RandomForest,baseline,0.8802054894105102,0.9667237043374556,0.7604201439795975,129,598,727
20,0.9,embedding_0.9,RandomForest,cleaned,0.4318181818181818,0.7192982456140351,0.0,6,19,25
20,0.9,embedding_0.9,RandomForest,leaked-only,0.8915189747358372,0.9684696069758625,0.7835206582174886,123,579,702
20,0.9,embedding_0.9,LogisticRegression,baseline,0.8075031007427846,0.9243602706696741,0.6353328469387357,129,598,727
20,0.9,embedding_0.9,LogisticRegression,cleaned,0.4755244755244755,0.5,-0.0468292905790847,6,19,25
20,0.9,embedding_0.9,LogisticRegression,leaked-only,0.8194617224880383,0.9451535447996967,0.6620484622373145,123,579,702
20,0.91,embedding_0.91,RandomForest,baseline,0.8802054894105102,0.9667237043374556,0.7604201439795975,129,598,727
20,0.91,embedding_0.91,RandomForest,cleaned,0.425531914893617,0.7285714285714285,0.0,7,20,27
20,0.91,embedding_0.91,RandomForest,leaked-only,0.8935346496322105,0.9686950479323841,0.7877066724458972,122,578,700
20,0.91,embedding_0.91,LogisticRegression,baseline,0.8075031007427846,0.9243602706696741,0.6353328469387357,129,598,727
20,0.91,embedding_0.91,LogisticRegression,cleaned,0.5178571428571428,0.5142857142857142,0.03571428571428571,7,20,27
20,0.91,embedding_0.91,LogisticRegression,leaked-only,0.8201324671477241,0.9466504055817119,0.6629582887880642,122,578,700
20,0.92,embedding_0.92,RandomForest,baseline,0.8802054894105102,0.9667237043374556,0.7604201439795975,129,598,727
20,0.92,embedding_0.92,RandomForest,cleaned,0.5026737967914439,0.7626262626262627,0.12131004404043509,9,22,31
20,0.92,embedding_0.92,RandomForest,leaked-only,0.8969659372885179,0.9692274305555556,0.7945904002897894,120,576,696
20,0.92,embedding_0.92,LogisticRegression,baseline,0.8075031007427846,0.9243602706696741,0.6353328469387357,129,598,727
20,0.92,embedding_0.92,LogisticRegression,cleaned,0.5826193390452876,0.606060606060606,0.16673880112867492,9,22,31
20,0.92,embedding_0.92,LogisticRegression,leaked-only,0.8197869402248965,0.9474537037037036,0.6620457386187981,120,576,696
20,0.93,embedding_0.93,RandomForest,baseline,0.8802054894105102,0.9667237043374556,0.7604201439795975,129,598,727
20,0.93,embedding_0.93,RandomForest,cleaned,0.5333333333333333,0.8079710144927537,0.20887610455277095,12,23,35
20,0.93,embedding_0.93,RandomForest,leaked-only,0.9004889272361232,0.9695949461166853,0.8020420521836841,117,575,692
20,0.93,embedding_0.93,LogisticRegression,baseline,0.8075031007427846,0.9243602706696741,0.6353328469387357,129,598,727
20,0.93,embedding_0.93,LogisticRegression,cleaned,0.6195652173913043,0.6485507246376812,0.2391304347826087,12,23,35
20,0.93,embedding_0.93,LogisticRegression,leaked-only,0.8194194231960334,0.9481085098476403,0.6627771112851697,117,575,692
20,0.94,embedding_0.94,RandomForest,baseline,0.8802054894105102,0.9667237043374556,0.7604201439795975,129,598,727
20,0.94,embedding_0.94,RandomForest,cleaned,0.6000000000000001,0.856,0.3318060248025013,15,25,40
20,0.94,embedding_0.94,RandomForest,leaked-only,0.9012294251009161,0.9697881265117418,0.8037944129467077,114,573,687
20,0.94,embedding_0.94,LogisticRegression,baseline,0.8075031007427846,0.9243602706696741,0.6353328469387357,129,598,727
20,0.94,embedding_0.94,LogisticRegression,cleaned,0.6799999999999999,0.7013333333333334,0.36,15,25,40
20,0.94,embedding_0.94,LogisticRegression,leaked-only,0.8162776086221062,0.9475827439453782,0.6571839912042331,114,573,687
20,0.95,embedding_0.95,RandomForest,baseline,0.8802054894105102,0.9667237043374556,0.7604201439795975,129,598,727
20,0.95,embedding_0.95,RandomForest,cleaned,0.6053921568627451,0.878968253968254,0.35078332599903006,18,28,46
20,0.95,embedding_0.95,RandomForest,leaked-only,0.9048613339878042,0.9701912438754545,0.8116575668452164,111,570,681
20,0.95,embedding_0.95,LogisticRegression,baseline,0.8075031007427846,0.9243602706696741,0.6353328469387357,129,598,727
20,0.95,embedding_0.95,LogisticRegression,cleaned,0.7261904761904762,0.7420634920634921,0.4523809523809524,18,28,46
20,0.95,embedding_0.95,LogisticRegression,leaked-only,0.8129349973689175,0.946404299035878,0.6512422025189295,111,570,681
20,0.96,embedding_0.96,RandomForest,baseline,0.8802054894105102,0.9667237043374556,0.7604201439795975,129,598,727
20,0.96,embedding_0.96,RandomForest,cleaned,0.6833333333333333,0.8955026455026455,0.46720608469196145,21,36,57
20,0.96,embedding_0.96,RandomForest,leaked-only,0.90256230863261,0.9703192961644919,0.8071456760654249,108,562,670
20,0.96,embedding_0.96,LogisticRegression,baseline,0.8075031007427846,0.9243602706696741,0.6353328469387357,129,598,727
20,0.96,embedding_0.96,LogisticRegression,cleaned,0.740909090909091,0.7486772486772486,0.4838142610458364,21,36,57
20,0.96,embedding_0.96,LogisticRegression,leaked-only,0.8126676308858505,0.9475253723474365,0.6501507857595392,108,562,670
20,0.97,embedding_0.97,RandomForest,baseline,0.8802054894105102,0.9667237043374556,0.7604201439795975,129,598,727
20,0.97,embedding_0.97,RandomForest,cleaned,0.6777036048064085,0.8781702898550725,0.4105872504096642,23,48,71
20,0.97,embedding_0.97,RandomForest,leaked-only,0.9084821428571428,0.9708319039451114,0.8187806311491074,106,550,656
20,0.97,embedding_0.97,LogisticRegression,baseline,0.8075031007427846,0.9243602706696741,0.6353328469387357,129,598,727
20,0.97,embedding_0.97,LogisticRegression,cleaned,0.73992673992674,0.7663043478260869,0.48832686197597724,23,48,71
20,0.97,embedding_0.97,LogisticRegression,leaked-only,0.815058986814712,0.9479588336192108,0.6534824330633322,106,550,656
20,0.98,embedding_0.98,RandomForest,baseline,0.8802054894105102,0.9667237043374556,0.7604201439795975,129,598,727
20,0.98,embedding_0.98,RandomForest,cleaned,0.7792700008239268,0.9508314220183486,0.5818360026764285,32,109,141
20,0.98,embedding_0.98,RandomForest,leaked-only,0.905766950089449,0.96837644677756,0.8137019709042679,97,489,586
20,0.98,embedding_0.98,LogisticRegression,baseline,0.8075031007427846,0.9243602706696741,0.6353328469387357,129,598,727
20,0.98,embedding_0.98,LogisticRegression,cleaned,0.7985303123086345,0.8526376146788991,0.6005053915541678,32,109,141
20,0.98,embedding_0.98,LogisticRegression,leaked-only,0.8096366924792358,0.9455231589821432,0.6467555638294412,97,489,586
20,0.99,embedding_0.99,RandomForest,baseline,0.8802054894105102,0.9667237043374556,0.7604201439795975,129,598,727
20,0.99,embedding_0.99,RandomForest,cleaned,0.8268087722894035,0.9681015097976229,0.6567975168468787,55,283,338
20,0.99,embedding_0.99,RandomForest,leaked-only,0.9162128065478938,0.961111111111111,0.8347165554457906,74,315,389
20,0.99,embedding_0.99,LogisticRegression,baseline,0.8075031007427846,0.9243602706696741,0.6353328469387357,129,598,727
20,0.99,embedding_0.99,LogisticRegression,cleaned,0.8049062049062049,0.8902023771281722,0.6187753998834724,55,283,338
20,0.99,embedding_0.99,LogisticRegression,leaked-only,0.8078080505924309,0.9505362505362506,0.6476733307625785,74,315,389
20,1.0,embedding_1.0,RandomForest,baseline,0.8802054894105102,0.9667237043374556,0.7604201439795975,129,598,727
20,1.0,embedding_1.0,RandomForest,cleaned,0.8802054894105102,0.9667237043374556,0.7604201439795975,129,598,727
20,1.0,embedding_1.0,LogisticRegression,baseline,0.8075031007427846,0.9243602706696741,0.6353328469387357,129,598,727
20,1.0,embedding_1.0,LogisticRegression,cleaned,0.8075031007427846,0.9243602706696741,0.6353328469387357,129,598,727
21,0.9,embedding_0.9,RandomForest,baseline,0.8656709272823017,0.9793477086452529,0.7322096848998711,103,629,732
21,0.9,embedding_0.9,RandomForest,cleaned,0.46551724137931033,0.8842592592592593,0.0,4,27,31
21,0.9,embedding_0.9,RandomForest,leaked-only,0.8743684713593227,0.9805865968656666,0.7489685407351756,99,602,701
21,0.9,embedding_0.9,LogisticRegression,baseline,0.8277363885763656,0.9457298532112924,0.6779336568970509,103,629,732
21,0.9,embedding_0.9,LogisticRegression,cleaned,0.45614035087719296,0.6388888888888888,-0.07027283689263066,4,27,31
21,0.9,embedding_0.9,LogisticRegression,leaked-only,0.8355141476880608,0.9577502600758415,0.6980576899438066,99,602,701
21,0.91,embedding_0.91,RandomForest,baseline,0.8656709272823017,0.9793477086452529,0.7322096848998711,103,629,732
21,0.91,embedding_0.91,RandomForest,cleaned,0.45901639344262296,0.9035714285714286,0.0,5,28,33
21,0.91,embedding_0.91,RandomForest,leaked-only,0.876769935286909,0.9807633535943495,0.7536719604377802,98,601,699
21,0.91,embedding_0.91,LogisticRegression,baseline,0.8277363885763656,0.9457298532112924,0.6779336568970509,103,629,732
21,0.91,embedding_0.91,LogisticRegression,cleaned,0.45,0.6928571428571428,-0.0747017880833996,5,28,33
21,0.91,embedding_0.91,LogisticRegression,leaked-only,0.8373272385610131,0.9587931678495025,0.7030365761971299,98,601,699
21,0.92,embedding_0.92,RandomForest,baseline,0.8656709272823017,0.9793477086452529,0.7322096848998711,103,629,732
21,0.92,embedding_0.92,RandomForest,cleaned,0.4507042253521127,0.8762626262626263,-0.06917144638660747,6,33,39
21,0.92,embedding_0.92,RandomForest,leaked-only,0.8815877675305045,0.9812928111810697,0.7633115331541819,97,596,693
21,0.92,embedding_0.92,LogisticRegression,baseline,0.8277363885763656,0.9457298532112924,0.6779336568970509,103,629,732
21,0.92,embedding_0.92,LogisticRegression,cleaned,0.5603864734299517,0.7272727272727272,0.1436067394758882,6,33,39
21,0.92,embedding_0.92,LogisticRegression,leaked-only,0.837937241340212,0.9599910053276136,0.703868925643935,97,596,693
21,0.93,embedding_0.93,RandomForest,baseline,0.8656709272823017,0.9793477086452529,0.7322096848998711,103,629,732
21,0.93,embedding_0.93,RandomForest,cleaned,0.44594594594594594,0.8928571428571428,-0.07174300539794393,7,34,41
21,0.93,embedding_0.93,RandomForest,leaked-only,0.8840604026845638,0.9814338235294118,0.7681821079468855,96,595,691
21,0.93,embedding_0.93,LogisticRegression,baseline,0.8277363885763656,0.9457298532112924,0.6779336568970509,103,629,732
21,0.93,embedding_0.93,LogisticRegression,cleaned,0.6325224071702945,0.7647058823529411,0.2877228964427515,7,34,41
21,0.93,embedding_0.93,LogisticRegression,leaked-only,0.8368043627619375,0.9596463585434174,0.7019378627985855,96,595,691
21,0.94,embedding_0.94,RandomForest,baseline,0.8656709272823017,0.9793477086452529,0.7322096848998711,103,629,732
21,0.94,embedding_0.94,RandomForest,cleaned,0.4375,0.9120370370370371,-0.07537783614444091,9,36,45
21,0.94,embedding_0.94,RandomForest,leaked-only,0.8890782533816511,0.9818718381112985,0.7781565067633024,94,593,687
21,0.94,embedding_0.94,LogisticRegression,baseline,0.8277363885763656,0.9457298532112924,0.6779336568970509,103,629,732
21,0.94,embedding_0.94,LogisticRegression,cleaned,0.72,0.8086419753086419,0.4576043153224294,9,36,45
21,0.94,embedding_0.94,LogisticRegression,leaked-only,0.8344844201734661,0.9595457644146246,0.6979867688264656,94,593,687
21,0.95,embedding_0.95,RandomForest,baseline,0.8656709272823017,0.9793477086452529,0.7322096848998711,103,629,732
21,0.95,embedding_0.95,RandomForest,cleaned,0.4329896907216495,0.9312015503875969,-0.07188851546895896,12,43,55
21,0.95,embedding_0.95,RandomForest,leaked-only,0.8966961829237279,0.9824382102539099,0.7935409380711167,91,586,677
21,0.95,embedding_0.95,LogisticRegression,baseline,0.8277363885763656,0.9457298532112924,0.6779336568970509,103,629,732
21,0.95,embedding_0.95,LogisticRegression,cleaned,0.7940074906367041,0.8507751937984497,0.5993144481296596,12,43,55
21,0.95,embedding_0.95,LogisticRegression,leaked-only,0.83065249689215,0.9583880283538986,0.6914874505554427,91,586,677
21,0.96,embedding_0.96,RandomForest,baseline,0.8656709272823017,0.9793477086452529,0.7322096848998711,103,629,732
21,0.96,embedding_0.96,RandomForest,cleaned,0.48282828282828283,0.9285714285714286,0.051806515961730935,15,49,64
21,0.96,embedding_0.96,RandomForest,leaked-only,0.9036908881199539,0.9830818965517241,0.8076629512290852,88,580,668
21,0.96,embedding_0.96,LogisticRegression,baseline,0.8277363885763656,0.9457298532112924,0.6779336568970509,103,629,732
21,0.96,embedding_0.96,LogisticRegression,cleaned,0.8171428571428572,0.8653061224489796,0.6374697445959598,15,49,64
21,0.96,embedding_0.96,LogisticRegression,leaked-only,0.8287199757004848,0.9586402821316614,0.6879672532702918,88,580,668
21,0.97,embedding_0.97,RandomForest,baseline,0.8656709272823017,0.9793477086452529,0.7322096848998711,103,629,732
21,0.97,embedding_0.97,RandomForest,cleaned,0.48386065835730263,0.9087370242214533,0.027777777777777776,17,68,85
21,0.97,embedding_0.97,RandomForest,leaked-only,0.9116428690651412,0.9836774033080462,0.8237491704824131,86,561,647
21,0.97,embedding_0.97,LogisticRegression,baseline,0.8277363885763656,0.9457298532112924,0.6779336568970509,103,629,732
21,0.97,embedding_0.97,LogisticRegression,cleaned,0.7794117647058824,0.8460207612456747,0.5588235294117647,17,68,85
21,0.97,embedding_0.97,LogisticRegression,leaked-only,0.834750641661747,0.9635824731583966,0.699708816416166,86,561,647
21,0.98,embedding_0.98,RandomForest,baseline,0.8656709272823017,0.9793477086452529,0.7322096848998711,103,629,732
21,0.98,embedding_0.98,RandomForest,cleaned,0.5847315436241611,0.9463652482269502,0.22700522640402918,24,141,165
21,0.98,embedding_0.98,RandomForest,leaked-only,0.9223713033953997,0.9846311475409837,0.8461529423426061,79,488,567
21,0.98,embedding_0.98,LogisticRegression,baseline,0.8277363885763656,0.9457298532112924,0.6779336568970509,103,629,732
21,0.98,embedding_0.98,LogisticRegression,cleaned,0.7639806552687147,0.8481087470449173,0.5321237344113077,24,141,165
21,0.98,embedding_0.98,LogisticRegression,leaked-only,0.8445920303605313,0.9707926955799958,0.7197319940128882,79,488,567
21,0.99,embedding_0.99,RandomForest,baseline,0.8656709272823017,0.9793477086452529,0.7322096848998711,103,629,732
21,0.99,embedding_0.99,RandomForest,cleaned,0.6841685876092092,0.9663865546218487,0.3976990068659347,35,323,358
21,0.99,embedding_0.99,RandomForest,leaked-only,0.9358380511236919,0.9811851211072665,0.8743856497851875,68,306,374
21,0.99,embedding_0.99,LogisticRegression,baseline,0.8277363885763656,0.9457298532112924,0.6779336568970509,103,629,732
21,0.99,embedding_0.99,LogisticRegression,cleaned,0.762126245847176,0.8952675807164971,0.5385507507046663,35,323,358
21,0.99,embedding_0.99,LogisticRegression,leaked-only,0.8597504738159668,0.9710207612456747,0.7491262420075614,68,306,374
21,1.0,embedding_1.0,RandomForest,baseline,0.8656709272823017,0.9793477086452529,0.7322096848998711,103,629,732
21,1.0,embedding_1.0,RandomForest,cleaned,0.8656709272823017,0.9793477086452529,0.7322096848998711,103,629,732
21,1.0,embedding_1.0,LogisticRegression,baseline,0.8277363885763656,0.9457298532112924,0.6779336568970509,103,629,732
21,1.0,embedding_1.0,LogisticRegression,cleaned,0.8277363885763656,0.9457298532112924,0.6779336568970509,103,629,732
22,0.9,embedding_0.9,RandomForest,baseline,0.8468030076110347,0.975028801843318,0.6961485396800623,80,651,731
22,0.9,embedding_0.9,RandomForest,cleaned,0.45,0.826388888888889,0.0,4,18,22
22,0.9,embedding_0.9,RandomForest,leaked-only,0.8578811929463391,0.9768125883428951,0.7168745181872531,76,633,709
22,0.9,embedding_0.9,LogisticRegression,baseline,0.835842346590886,0.9475230414746543,0.6864689586685075,80,651,731
22,0.9,embedding_0.9,LogisticRegression,cleaned,0.611764705882353,0.625,0.24056261216234406,4,18,22
22,0.9,embedding_0.9,LogisticRegression,leaked-only,0.846282161899073,0.9642471106676646,0.7072576605249848,76,633,709
22,0.91,embedding_0.91,RandomForest,baseline,0.8468030076110347,0.975028801843318,0.6961485396800623,80,651,731
22,0.91,embedding_0.91,RandomForest,cleaned,0.43902439024390244,0.8611111111111112,0.0,5,18,23
22,0.91,embedding_0.91,RandomForest,leaked-only,0.8608490566037736,0.977008952080042,0.7225301540394251,75,633,708
22,0.91,embedding_0.91,LogisticRegression,baseline,0.835842346590886,0.9475230414746543,0.6864689586685075,80,651,731
22,0.91,embedding_0.91,LogisticRegression,cleaned,0.6617647058823529,0.6777777777777778,0.3386481059780782,5,18,23
22,0.91,embedding_0.91,LogisticRegression,leaked-only,0.8448028272977386,0.9638335966298052,0.7045336509528476,75,633,708
22,0.92,embedding_0.92,RandomForest,baseline,0.8468030076110347,0.975028801843318,0.6961485396800623,80,651,731
22,0.92,embedding_0.92,RandomForest,cleaned,0.4418604651162791,0.8578947368421053,0.0,5,19,24
22,0.92,embedding_0.92,RandomForest,leaked-only,0.8608267716535434,0.9770358649789029,0.7224858800246033,75,632,707
22,0.92,embedding_0.92,LogisticRegression,baseline,0.835842346590886,0.9475230414746543,0.6864689586685075,80,651,731
22,0.92,embedding_0.92,LogisticRegression,cleaned,0.6307692307692307,0.6736842105263159,0.29019050004400465,5,19,24
22,0.92,embedding_0.92,LogisticRegression,leaked-only,0.8472177201512696,0.964324894514768,0.7086048559806379,75,632,707
22,0.93,embedding_0.93,RandomForest,baseline,0.8468030076110347,0.975028801843318,0.6961485396800623,80,651,731
22,0.93,embedding_0.93,RandomForest,cleaned,0.44,0.8825757575757576,0.0,6,22,28
22,0.93,embedding_0.93,RandomForest,leaked-only,0.8637664789683792,0.9772590555579427,0.7281223011331767,74,629,703
22,0.93,embedding_0.93,LogisticRegression,baseline,0.835842346590886,0.9475230414746543,0.6864689586685075,80,651,731
22,0.93,embedding_0.93,LogisticRegression,cleaned,0.6813008130081301,0.712121212121212,0.38604948085158797,6,22,28
22,0.93,embedding_0.93,LogisticRegression,leaked-only,0.8456245653844746,0.9638207364757444,0.7056687804995886,74,629,703
22,0.94,embedding_0.94,RandomForest,baseline,0.8468030076110347,0.975028801843318,0.6961485396800623,80,651,731
22,0.94,embedding_0.94,RandomForest,cleaned,0.421875,0.9055555555555556,0.0,10,27,37
22,0.94,embedding_0.94,RandomForest,leaked-only,0.8760792806907396,0.9781478937728938,0.7521840281681385,70,624,694
22,0.94,embedding_0.94,LogisticRegression,baseline,0.835842346590886,0.9475230414746543,0.6864689586685075,80,651,731
22,0.94,embedding_0.94,LogisticRegression,cleaned,0.7161125319693095,0.7777777777777778,0.44445779894466364,10,27,37
22,0.94,embedding_0.94,LogisticRegression,leaked-only,0.8458224669178016,0.9643315018315018,0.7073031899012396,70,624,694
22,0.95,embedding_0.95,RandomForest,baseline,0.8468030076110347,0.975028801843318,0.6961485396800623,80,651,731
22,0.95,embedding_0.95,RandomForest,cleaned,0.42105263157894735,0.90234375,0.0,12,32,44
22,0.95,embedding_0.95,RandomForest,leaked-only,0.8824386761000538,0.9785469923025754,0.7649038799784277,68,619,687
22,0.95,embedding_0.95,LogisticRegression,baseline,0.835842346590886,0.9475230414746543,0.6864689586685075,80,651,731
22,0.95,embedding_0.95,LogisticRegression,cleaned,0.6926984126984127,0.7890624999999999,0.3863896215214899,12,32,44
22,0.95,embedding_0.95,LogisticRegression,leaked-only,0.8508054963278844,0.9679749120973107,0.720097664335116,68,619,687
22,0.96,embedding_0.96,RandomForest,baseline,0.8468030076110347,0.975028801843318,0.6961485396800623,80,651,731
22,0.96,embedding_0.96,RandomForest,cleaned,0.47817836812144215,0.9230769230769231,0.21245914639969937,16,39,55
22,0.96,embedding_0.96,RandomForest,leaked-only,0.8908594138102335,0.9788092320261438,0.7821815949007173,64,612,676
22,0.96,embedding_0.96,LogisticRegression,baseline,0.835842346590886,0.9475230414746543,0.6864689586685075,80,651,731
22,0.96,embedding_0.96,LogisticRegression,cleaned,0.7186147186147187,0.8076923076923077,0.4378609773123036,16,39,55
22,0.96,embedding_0.96,LogisticRegression,leaked-only,0.8511325503355704,0.9692350898692811,0.7224865505386808,64,612,676
22,0.97,embedding_0.97,RandomForest,baseline,0.8468030076110347,0.975028801843318,0.6961485396800623,80,651,731
22,0.97,embedding_0.97,RandomForest,cleaned,0.4920634920634921,0.9336898395721925,0.21346550724592814,17,55,72
22,0.97,embedding_0.97,RandomForest,leaked-only,0.8940494028823707,0.9787738361563866,0.7888413720380325,63,596,659
22,0.97,embedding_0.97,LogisticRegression,baseline,0.835842346590886,0.9475230414746543,0.6864689586685075,80,651,731
22,0.97,embedding_0.97,LogisticRegression,cleaned,0.7272038393533721,0.8395721925133689,0.45836976158788273,17,55,72
22,0.97,embedding_0.97,LogisticRegression,leaked-only,0.8545831678361799,0.9691062107169489,0.7279569199090457,63,596,659
22,0.98,embedding_0.98,RandomForest,baseline,0.8468030076110347,0.975028801843318,0.6961485396800623,80,651,731
22,0.98,embedding_0.98,RandomForest,cleaned,0.5963375796178344,0.9662162162162162,0.3568845881994908,21,148,169
22,0.98,embedding_0.98,RandomForest,leaked-only,0.8964884884884885,0.9764295582437579,0.7946358139159121,59,503,562
22,0.98,embedding_0.98,LogisticRegression,baseline,0.835842346590886,0.9475230414746543,0.6864689586685075,80,651,731
22,0.98,embedding_0.98,LogisticRegression,cleaned,0.7732504766612527,0.8915701415701415,0.5558234613831219,21,148,169
22,0.98,embedding_0.98,LogisticRegression,leaked-only,0.8566326530612245,0.9679886781008863,0.7303112191615022,59,503,562
22,0.99,embedding_0.99,RandomForest,baseline,0.8468030076110347,0.975028801843318,0.6961485396800623,80,651,731
22,0.99,embedding_0.99,RandomForest,cleaned,0.6896790916724471,0.9733340725135824,0.41366512400889927,29,311,340
22,0.99,embedding_0.99,RandomForest,leaked-only,0.9126939823601652,0.9690888119953864,0.8262141793323751,51,340,391
22,0.99,embedding_0.99,LogisticRegression,baseline,0.835842346590886,0.9475230414746543,0.6864689586685075,80,651,731
22,0.99,embedding_0.99,LogisticRegression,cleaned,0.7770491803278688,0.9258232620024393,0.5659567373455873,29,311,340
22,0.99,embedding_0.99,LogisticRegression,leaked-only,0.8697583182205115,0.9660899653979239,0.7564422031375334,51,340,391
22,1.0,embedding_1.0,RandomForest,baseline,0.8468030076110347,0.975028801843318,0.6961485396800623,80,651,731
22,1.0,embedding_1.0,RandomForest,cleaned,0.8468030076110347,0.975028801843318,0.6961485396800623,80,651,731
22,1.0,embedding_1.0,LogisticRegression,baseline,0.835842346590886,0.9475230414746543,0.6864689586685075,80,651,731
22,1.0,embedding_1.0,LogisticRegression,cleaned,0.835842346590886,0.9475230414746543,0.6864689586685075,80,651,731
23,0.9,embedding_0.9,RandomForest,baseline,0.715,0.9640275471329491,0.4379686854461368,29,706,735
23,0.9,embedding_0.9,RandomForest,cleaned,0.46153846153846156,0.6666666666666666,0.0,2,12,14
23,0.9,embedding_0.9,RandomForest,leaked-only,0.7221936809658361,0.9671256270679902,0.45628339621914,27,694,721
23,0.9,embedding_0.9,LogisticRegression,baseline,0.7028345016763182,0.9566767607697567,0.49992957106471786,29,706,735
23,0.9,embedding_0.9,LogisticRegression,cleaned,0.4166666666666667,0.7916666666666666,-0.16666666666666666,2,12,14
23,0.9,embedding_0.9,LogisticRegression,leaked-only,0.7117984338652076,0.9693670615860817,0.5290085189288474,27,694,721
23,0.91,embedding_0.91,RandomForest,baseline,0.715,0.9640275471329491,0.4379686854461368,29,706,735
23,0.91,embedding_0.91,RandomForest,cleaned,0.46875,0.5333333333333333,0.0,2,15,17
23,0.91,embedding_0.91,RandomForest,leaked-only,0.7221362229102167,0.9669829018598917,0.45617556915096796,27,691,718
23,0.91,embedding_0.91,LogisticRegression,baseline,0.7028345016763182,0.9566767607697567,0.49992957106471786,29,706,735
23,0.91,embedding_0.91,LogisticRegression,cleaned,0.39285714285714285,0.6333333333333333,-0.20254787341673333,2,15,17
23,0.91,embedding_0.91,LogisticRegression,leaked-only,0.7166402450852514,0.9701988529774348,0.5358610267748108,27,691,718
23,0.92,embedding_0.92,RandomForest,baseline,0.715,0.9640275471329491,0.4379686854461368,29,706,735
23,0.92,embedding_0.92,RandomForest,cleaned,0.47058823529411764,0.5625,0.0,2,16,18
23,0.92,embedding_0.92,RandomForest,leaked-only,0.7221169580570149,0.966935050993022,0.45613941647988465,27,690,717
23,0.92,embedding_0.92,LogisticRegression,baseline,0.7028345016763182,0.9566767607697567,0.49992957106471786,29,706,735
23,0.92,embedding_0.92,LogisticRegression,cleaned,0.4,0.65625,-0.1889822365046136,2,16,18
23,0.92,embedding_0.92,LogisticRegression,leaked-only,0.7166064861026442,0.9701556629092861,0.5358247755479407,27,690,717
23,0.93,embedding_0.93,RandomForest,baseline,0.715,0.9640275471329491,0.4379686854461368,29,706,735
23,0.93,embedding_0.93,RandomForest,cleaned,0.46511627906976744,0.6666666666666666,0.0,3,20,23
23,0.93,embedding_0.93,RandomForest,leaked-only,0.7259098758235353,0.9681823278762055,0.46615484284228637,26,686,712
23,0.93,embedding_0.93,LogisticRegression,baseline,0.7028345016763182,0.9566767607697567,0.49992957106471786,29,706,735
23,0.93,embedding_0.93,LogisticRegression,cleaned,0.4623376623376624,0.7166666666666667,-0.011785113019775792,3,20,23
23,0.93,embedding_0.93,LogisticRegression,leaked-only,0.7194641449960599,0.9717425431711146,0.5396199093717201,26,686,712
23,0.94,embedding_0.94,RandomForest,baseline,0.715,0.9640275471329491,0.4379686854461368,29,706,735
23,0.94,embedding_0.94,RandomForest,cleaned,0.46,0.6847826086956522,0.0,4,23,27
23,0.94,embedding_0.94,RandomForest,leaked-only,0.7298316498316498,0.9696925329428989,0.47679149331858633,25,683,708
23,0.94,embedding_0.94,LogisticRegression,baseline,0.7028345016763182,0.9566767607697567,0.49992957106471786,29,706,735
23,0.94,embedding_0.94,LogisticRegression,cleaned,0.46710526315789475,0.7282608695652175,0.04662524041201569,4,23,27
23,0.94,embedding_0.94,LogisticRegression,leaked-only,0.7225356590924216,0.9733528550512445,0.5437291614937328,25,683,708
23,0.95,embedding_0.95,RandomForest,baseline,0.715,0.9640275471329491,0.4379686854461368,29,706,735
23,0.95,embedding_0.95,RandomForest,cleaned,0.45454545454545453,0.7277777777777777,0.0,6,30,36
23,0.95,embedding_0.95,RandomForest,leaked-only,0.7380059970014993,0.9724401852328274,0.500034794027825,23,676,699
23,0.95,embedding_0.95,LogisticRegression,baseline,0.7028345016763182,0.9566767607697567,0.49992957106471786,29,706,735
23,0.95,embedding_0.95,LogisticRegression,cleaned,0.520851818988465,0.7222222222222222,0.17418541062770382,6,30,36
23,0.95,embedding_0.95,LogisticRegression,leaked-only,0.7203821044546851,0.974723437098019,0.5401523956451516,23,676,699
23,0.96,embedding_0.96,RandomForest,baseline,0.715,0.9640275471329491,0.4379686854461368,29,706,735
23,0.96,embedding_0.96,RandomForest,cleaned,0.45454545454545453,0.7918367346938776,0.0,7,35,42
23,0.96,embedding_0.96,RandomForest,leaked-only,0.7422524565381707,0.9737501693537461,0.5127614241940438,22,671,693
23,0.96,embedding_0.96,LogisticRegression,baseline,0.7028345016763182,0.9566767607697567,0.49992957106471786,29,706,735
23,0.96,embedding_0.96,LogisticRegression,cleaned,0.5543766578249337,0.7510204081632653,0.23532440241230695,7,35,42
23,0.96,embedding_0.96,LogisticRegression,leaked-only,0.717610957263678,0.9756808020593415,0.5359399091677572,22,671,693
23,0.97,embedding_0.97,RandomForest,baseline,0.715,0.9640275471329491,0.4379686854461368,29,706,735
23,0.97,embedding_0.97,RandomForest,cleaned,0.46956521739130436,0.8412698412698413,0.0,7,54,61
23,0.97,embedding_0.97,RandomForest,leaked-only,0.7419059971589155,0.9733337981037368,0.5121721127782207,22,652,674
23,0.97,embedding_0.97,LogisticRegression,baseline,0.7028345016763182,0.9566767607697567,0.49992957106471786,29,706,735
23,0.97,embedding_0.97,LogisticRegression,cleaned,0.5828267477203647,0.8148148148148149,0.2803958257499736,7,54,61
23,0.97,embedding_0.97,LogisticRegression,leaked-only,0.7230629354734367,0.9765058561070831,0.5439270841671231,22,652,674
23,0.98,embedding_0.98,RandomForest,baseline,0.715,0.9640275471329491,0.4379686854461368,29,706,735
23,0.98,embedding_0.98,RandomForest,cleaned,0.4829059829059829,0.879424778761062,0.0,8,113,121
23,0.98,embedding_0.98,RandomForest,leaked-only,0.7452000221324628,0.9725768891030274,0.5240191556670646,21,593,614
23,0.98,embedding_0.98,LogisticRegression,baseline,0.7028345016763182,0.9566767607697567,0.49992957106471786,29,706,735
23,0.98,embedding_0.98,LogisticRegression,cleaned,0.6158730158730159,0.8816371681415929,0.3366977017610594,8,113,121
23,0.98,embedding_0.98,LogisticRegression,leaked-only,0.7316433566433567,0.9784790813458605,0.556529032811408,21,593,614
23,0.99,embedding_0.99,RandomForest,baseline,0.715,0.9640275471329491,0.4379686854461368,29,706,735
23,0.99,embedding_0.99,RandomForest,cleaned,0.7143357868909919,0.9642857142857143,0.5261569834670154,14,312,326
23,0.99,embedding_0.99,RandomForest,leaked-only,0.7124924683671421,0.9658206429780034,0.48263920255542275,15,394,409
23,0.99,embedding_0.99,LogisticRegression,baseline,0.7028345016763182,0.9566767607697567,0.49992957106471786,29,706,735
23,0.99,embedding_0.99,LogisticRegression,cleaned,0.6922186691030912,0.9583333333333333,0.4672299342251438,14,312,326
23,0.99,embedding_0.99,LogisticRegression,leaked-only,0.7118285809018567,0.9649746192893401,0.5288721877219674,15,394,409
23,1.0,embedding_1.0,RandomForest,baseline,0.715,0.9640275471329491,0.4379686854461368,29,706,735
23,1.0,embedding_1.0,RandomForest,cleaned,0.715,0.9640275471329491,0.4379686854461368,29,706,735
23,1.0,embedding_1.0,LogisticRegression,baseline,0.7028345016763182,0.9566767607697567,0.49992957106471786,29,706,735
23,1.0,embedding_1.0,LogisticRegression,cleaned,0.7028345016763182,0.9566767607697567,0.49992957106471786,29,706,735
