filepath,label
core/src/main/java/org/apache/calcite/tools/PigRelBuilder.java,clean
core/src/main/java/org/apache/calcite/interpreter/Bindables.java,clean
core/src/main/java/org/apache/calcite/rel/rules/ProjectSortTransposeRule.java,clean
core/src/main/java/org/apache/calcite/rex/RexUtil.java,clean
core/src/main/java/org/apache/calcite/util/Source.java,clean
druid/src/main/java/org/apache/calcite/adapter/druid/DruidSchemaFactory.java,clean
druid/src/main/java/org/apache/calcite/adapter/druid/QueryType.java,clean
core/src/main/java/org/apache/calcite/rel/type/RelDataTypeFactoryImpl.java,clean
file/src/main/java/org/apache/calcite/adapter/file/FileEnumerator.java,clean
file/src/main/java/org/apache/calcite/adapter/file/FileTable.java,clean
core/src/main/java/org/apache/calcite/rex/LogicVisitor.java,clean
core/src/main/java/org/apache/calcite/rex/RexBiVisitor.java,clean
core/src/main/java/org/apache/calcite/sql/validate/GroupByScope.java,clean
core/src/main/java/org/apache/calcite/rex/RexShuttle.java,clean
core/src/main/java/org/apache/calcite/sql/validate/SqlDelegatingConformance.java,clean
core/src/main/java/org/apache/calcite/rex/RexVisitor.java,clean
core/src/main/java/org/apache/calcite/rex/RexVisitorImpl.java,clean
cassandra/src/main/java/org/apache/calcite/adapter/cassandra/CassandraEnumerator.java,clean
core/src/main/java/org/apache/calcite/rel/metadata/RelMdNodeTypes.java,clean
core/src/main/java/org/apache/calcite/rel/rules/UnionMergeRule.java,clean
core/src/main/java/org/apache/calcite/adapter/enumerable/EnumerableMergeJoin.java,clean
core/src/main/java/org/apache/calcite/sql/fun/SqlOverlapsOperator.java,clean
core/src/main/java/org/apache/calcite/schema/TranslatableTable.java,clean
core/src/main/java/org/apache/calcite/rel/mutable/Holder.java,clean
core/src/main/java/org/apache/calcite/rel/mutable/MutableBiRel.java,clean
core/src/main/java/org/apache/calcite/rel/mutable/MutableCalc.java,clean
core/src/main/java/org/apache/calcite/rel/mutable/MutableCollect.java,clean
core/src/main/java/org/apache/calcite/rel/mutable/MutableCorrelate.java,clean
core/src/main/java/org/apache/calcite/rel/mutable/MutableExchange.java,clean
core/src/main/java/org/apache/calcite/rel/mutable/MutableFilter.java,clean
core/src/main/java/org/apache/calcite/rel/mutable/MutableIntersect.java,clean
core/src/main/java/org/apache/calcite/rel/mutable/MutableJoin.java,clean
core/src/main/java/org/apache/calcite/rel/mutable/MutableLeafRel.java,clean
core/src/main/java/org/apache/calcite/rel/mutable/MutableMinus.java,clean
core/src/main/java/org/apache/calcite/rel/mutable/MutableProject.java,clean
core/src/main/java/org/apache/calcite/rel/mutable/MutableRel.java,clean
core/src/main/java/org/apache/calcite/rel/mutable/MutableRelType.java,clean
core/src/main/java/org/apache/calcite/rel/mutable/MutableRelVisitor.java,clean
core/src/main/java/org/apache/calcite/rel/mutable/MutableSample.java,clean
core/src/main/java/org/apache/calcite/rel/mutable/MutableScan.java,clean
core/src/main/java/org/apache/calcite/rel/mutable/MutableSemiJoin.java,clean
core/src/main/java/org/apache/calcite/rel/mutable/MutableSetOp.java,clean
core/src/main/java/org/apache/calcite/rel/mutable/MutableSingleRel.java,clean
core/src/main/java/org/apache/calcite/rel/mutable/MutableSort.java,clean
core/src/main/java/org/apache/calcite/rel/mutable/MutableTableFunctionScan.java,clean
core/src/main/java/org/apache/calcite/rel/mutable/MutableTableModify.java,clean
core/src/main/java/org/apache/calcite/rel/mutable/MutableUncollect.java,clean
core/src/main/java/org/apache/calcite/rel/mutable/MutableUnion.java,clean
core/src/main/java/org/apache/calcite/rel/mutable/MutableValues.java,clean
core/src/main/java/org/apache/calcite/rel/mutable/MutableWindow.java,clean
core/src/main/java/org/apache/calcite/sql/SqlIdentifier.java,clean
core/src/main/java/org/apache/calcite/sql/validate/SqlNameMatcher.java,clean
core/src/main/java/org/apache/calcite/sql/validate/SqlNameMatchers.java,clean
core/src/main/java/org/apache/calcite/sql/validate/SqlValidatorScope.java,clean
core/src/main/java/org/apache/calcite/sql/validate/WithScope.java,clean
core/src/main/java/org/apache/calcite/materialize/CachingLatticeStatisticProvider.java,clean
core/src/main/java/org/apache/calcite/rel/BiRel.java,clean
core/src/main/java/org/apache/calcite/sql/SqlNode.java,clean
core/src/main/java/org/apache/calcite/sql/SqlPostfixOperator.java,clean
core/src/main/java/org/apache/calcite/sql/SqlPrefixOperator.java,clean
core/src/main/java/org/apache/calcite/sql2rel/ReflectiveConvertletTable.java,clean
core/src/main/java/org/apache/calcite/tools/RelRunners.java,clean
core/src/main/java/org/apache/calcite/util/Closer.java,clean
core/src/main/java/org/apache/calcite/util/SaffronProperties.java,clean
core/src/main/java/org/apache/calcite/rel/convert/ConverterImpl.java,clean
core/src/main/java/org/apache/calcite/rel/metadata/CachingRelMetadataProvider.java,clean
core/src/main/java/org/apache/calcite/rel/metadata/ChainedRelMetadataProvider.java,clean
core/src/main/java/org/apache/calcite/rel/metadata/MetadataFactoryImpl.java,clean
core/src/main/java/org/apache/calcite/rel/rules/CalcRelSplitter.java,clean
core/src/main/java/org/apache/calcite/rel/rules/JoinCommuteRule.java,clean
core/src/main/java/org/apache/calcite/rel/rules/ReduceDecimalsRule.java,clean
core/src/main/java/org/apache/calcite/sql/fun/SqlLikeOperator.java,clean
core/src/main/java/org/apache/calcite/sql/type/BasicSqlType.java,clean
core/src/main/java/org/apache/calcite/sql/validate/SetopNamespace.java,clean
core/src/main/java/org/apache/calcite/sql/validate/SqlIdentifierMoniker.java,clean
core/src/main/java/org/apache/calcite/rel/metadata/RelMdMaxRowCount.java,clean
core/src/main/java/org/apache/calcite/rel/metadata/RelMdMinRowCount.java,clean
core/src/main/java/org/apache/calcite/sql/SqlExplain.java,clean
core/src/main/java/org/apache/calcite/sql/SqlExplainFormat.java,clean
core/src/main/java/org/apache/calcite/rel/externalize/RelJsonWriter.java,clean
druid/src/main/java/org/apache/calcite/adapter/druid/DruidTable.java,clean
druid/src/main/java/org/apache/calcite/adapter/druid/DruidTableFactory.java,clean
linq4j/src/main/java/org/apache/calcite/linq4j/DefaultEnumerable.java,clean
linq4j/src/main/java/org/apache/calcite/linq4j/ExtendedEnumerable.java,clean
core/src/main/java/org/apache/calcite/schema/ModifiableTable.java,clean
core/src/main/java/org/apache/calcite/sql/SqlInsert.java,clean
core/src/main/java/org/apache/calcite/sql/SqlValuesOperator.java,clean
core/src/main/java/org/apache/calcite/sql/SqlWriter.java,clean
core/src/main/java/org/apache/calcite/adapter/enumerable/EnumerableTableModifyRule.java,clean
core/src/main/java/org/apache/calcite/adapter/jdbc/JdbcRules.java,clean
core/src/main/java/org/apache/calcite/rel/core/TableModify.java,clean
core/src/main/java/org/apache/calcite/rel/logical/LogicalTableModify.java,clean
core/src/main/java/org/apache/calcite/sql/fun/SqlRowOperator.java,clean
core/src/main/java/org/apache/calcite/rel/mutable/MutableMultiRel.java,clean
linq4j/src/main/java/org/apache/calcite/linq4j/tree/Types.java,clean
druid/src/main/java/org/apache/calcite/adapter/druid/DruidSchema.java,clean
core/src/main/java/org/apache/calcite/rex/RexCallBinding.java,clean
core/src/main/java/org/apache/calcite/util/Pair.java,clean
core/src/main/java/org/apache/calcite/rel/type/DynamicRecordTypeImpl.java,clean
core/src/main/java/org/apache/calcite/rel/type/RelDataType.java,clean
core/src/main/java/org/apache/calcite/rel/type/RelDataTypeHolder.java,clean
core/src/main/java/org/apache/calcite/rel/type/RelDataTypeImpl.java,clean
core/src/main/java/org/apache/calcite/sql/validate/CatalogScope.java,clean
core/src/main/java/org/apache/calcite/sql/validate/ParameterScope.java,clean
core/src/main/java/org/apache/calcite/sql/SqlStateCodes.java,clean
file/src/main/java/org/apache/calcite/adapter/file/FileSchema.java,clean
file/src/main/java/org/apache/calcite/adapter/file/FileSchemaFactory.java,clean
core/src/main/java/org/apache/calcite/sql2rel/InitializerContext.java,clean
core/src/main/java/org/apache/calcite/sql2rel/InitializerExpressionFactory.java,clean
core/src/main/java/org/apache/calcite/sql2rel/NullInitializerExpressionFactory.java,clean
core/src/main/java/org/apache/calcite/rel/type/RelRecordType.java,clean
core/src/main/java/org/apache/calcite/rel/type/StructKind.java,clean
core/src/main/java/org/apache/calcite/sql/validate/DelegatingScope.java,clean
core/src/main/java/org/apache/calcite/schema/impl/ModifiableViewTable.java,clean
core/src/main/java/org/apache/calcite/schema/impl/ViewTable.java,clean
core/src/main/java/org/apache/calcite/sql/validate/SqlValidatorTable.java,clean
core/src/main/java/org/apache/calcite/interpreter/Source.java,clean
core/src/main/java/org/apache/calcite/tools/Planner.java,clean
core/src/main/java/org/apache/calcite/jdbc/CachingCalciteSchema.java,clean
core/src/main/java/org/apache/calcite/jdbc/CalciteConnection.java,clean
core/src/main/java/org/apache/calcite/jdbc/CalciteConnectionImpl.java,clean
core/src/main/java/org/apache/calcite/jdbc/CalciteSchema.java,clean
core/src/main/java/org/apache/calcite/jdbc/CalciteStatement.java,buggy
core/src/main/java/org/apache/calcite/jdbc/SimpleCalciteSchema.java,clean
core/src/main/java/org/apache/calcite/model/JsonSchema.java,clean
core/src/main/java/org/apache/calcite/prepare/RelOptTableImpl.java,clean
core/src/main/java/org/apache/calcite/schema/Schema.java,clean
core/src/main/java/org/apache/calcite/schema/SchemaVersion.java,clean
core/src/main/java/org/apache/calcite/rel/metadata/BuiltInMetadata.java,clean
core/src/main/java/org/apache/calcite/rel/metadata/RelMdExpressionLineage.java,clean
core/src/main/java/org/apache/calcite/rel/metadata/RelMdTableReferences.java,clean
core/src/main/java/org/apache/calcite/adapter/jdbc/JdbcSchema.java,clean
core/src/main/java/org/apache/calcite/schema/impl/AbstractSchema.java,clean
core/src/main/java/org/apache/calcite/schema/impl/DelegatingSchema.java,clean
core/src/main/java/org/apache/calcite/schema/impl/LongSchemaVersion.java,clean
core/src/main/java/org/apache/calcite/jdbc/CalciteResultSet.java,clean
core/src/main/java/org/apache/calcite/sql/validate/EmptyScope.java,clean
core/src/main/java/org/apache/calcite/prepare/PlannerImpl.java,clean
core/src/main/java/org/apache/calcite/schema/Table.java,clean
core/src/main/java/org/apache/calcite/schema/impl/AbstractTable.java,clean
core/src/main/java/org/apache/calcite/sql/validate/SqlValidatorCatalogReader.java,clean
druid/src/main/java/org/apache/calcite/adapter/druid/ComplexMetric.java,clean
druid/src/main/java/org/apache/calcite/adapter/druid/DruidType.java,clean
plus/src/main/java/org/apache/calcite/adapter/os/DuTableFunction.java,clean
plus/src/main/java/org/apache/calcite/adapter/os/FilesTableFunction.java,buggy
plus/src/main/java/org/apache/calcite/adapter/os/GitCommitsTableFunction.java,clean
plus/src/main/java/org/apache/calcite/adapter/os/StdinTableFunction.java,clean
core/src/main/java/org/apache/calcite/sql/SqlFunction.java,clean
core/src/main/java/org/apache/calcite/Demo.java,clean
core/src/main/java/org/apache/calcite/config/Lex.java,clean
core/src/main/java/org/apache/calcite/config/NullCollation.java,clean
core/src/main/java/org/apache/calcite/interpreter/AbstractSingleNode.java,clean
core/src/main/java/org/apache/calcite/interpreter/BindableRel.java,clean
core/src/main/java/org/apache/calcite/interpreter/Context.java,clean
core/src/main/java/org/apache/calcite/interpreter/FilterNode.java,clean
core/src/main/java/org/apache/calcite/interpreter/InterpretableConverter.java,clean
core/src/main/java/org/apache/calcite/interpreter/InterpretableRel.java,clean
core/src/main/java/org/apache/calcite/interpreter/Interpreters.java,clean
core/src/main/java/org/apache/calcite/interpreter/JaninoRexCompiler.java,clean
core/src/main/java/org/apache/calcite/interpreter/JoinNode.java,clean
core/src/main/java/org/apache/calcite/interpreter/Node.java,clean
core/src/main/java/org/apache/calcite/interpreter/Nodes.java,clean
core/src/main/java/org/apache/calcite/interpreter/NoneToBindableConverterRule.java,clean
core/src/main/java/org/apache/calcite/interpreter/ProjectNode.java,clean
core/src/main/java/org/apache/calcite/interpreter/Row.java,clean
core/src/main/java/org/apache/calcite/interpreter/Scalar.java,clean
core/src/main/java/org/apache/calcite/interpreter/Sink.java,clean
core/src/main/java/org/apache/calcite/interpreter/TableScanNode.java,clean
core/src/main/java/org/apache/calcite/interpreter/UnionNode.java,clean
core/src/main/java/org/apache/calcite/interpreter/ValuesNode.java,clean
core/src/main/java/org/apache/calcite/interpreter/WindowNode.java,clean
core/src/main/java/org/apache/calcite/jdbc/CalciteFactory.java,clean
core/src/main/java/org/apache/calcite/jdbc/CalciteJdbc41Factory.java,clean
core/src/main/java/org/apache/calcite/jdbc/CalcitePreparedStatement.java,clean
core/src/main/java/org/apache/calcite/jdbc/CalciteRootSchema.java,clean
core/src/main/java/org/apache/calcite/jdbc/Driver.java,clean
core/src/main/java/org/apache/calcite/jdbc/JavaRecordType.java,clean
core/src/main/java/org/apache/calcite/jdbc/MetadataSchema.java,clean
core/src/main/java/org/apache/calcite/jdbc/SqlTimeoutException.java,clean
core/src/main/java/org/apache/calcite/materialize/DelegatingLatticeStatisticProvider.java,clean
core/src/main/java/org/apache/calcite/materialize/Lattices.java,clean
core/src/main/java/org/apache/calcite/materialize/LatticeStatisticProvider.java,clean
core/src/main/java/org/apache/calcite/materialize/MaterializationActor.java,clean
core/src/main/java/org/apache/calcite/materialize/MaterializationKey.java,clean
core/src/main/java/org/apache/calcite/materialize/SqlLatticeStatisticProvider.java,clean
core/src/main/java/org/apache/calcite/materialize/TileKey.java,clean
core/src/main/java/org/apache/calcite/model/JsonCustomSchema.java,clean
core/src/main/java/org/apache/calcite/model/JsonCustomTable.java,clean
core/src/main/java/org/apache/calcite/model/JsonFunction.java,clean
core/src/main/java/org/apache/calcite/model/JsonJdbcSchema.java,clean
core/src/main/java/org/apache/calcite/model/JsonLattice.java,clean
core/src/main/java/org/apache/calcite/model/JsonMapSchema.java,clean
core/src/main/java/org/apache/calcite/model/JsonMaterialization.java,clean
core/src/main/java/org/apache/calcite/model/JsonMeasure.java,clean
core/src/main/java/org/apache/calcite/model/JsonRoot.java,clean
core/src/main/java/org/apache/calcite/model/JsonStream.java,clean
core/src/main/java/org/apache/calcite/model/JsonTable.java,clean
core/src/main/java/org/apache/calcite/model/JsonTile.java,clean
core/src/main/java/org/apache/calcite/model/JsonView.java,clean
core/src/main/java/org/apache/calcite/plan/CommonRelSubExprRule.java,clean
core/src/main/java/org/apache/calcite/plan/Contexts.java,clean
core/src/main/java/org/apache/calcite/plan/MulticastRelOptListener.java,clean
core/src/main/java/org/apache/calcite/plan/RelImplementor.java,clean
core/src/main/java/org/apache/calcite/plan/RelMultipleTrait.java,clean
core/src/main/java/org/apache/calcite/plan/RelOptConnection.java,clean
core/src/main/java/org/apache/calcite/plan/RelOptCost.java,clean
core/src/main/java/org/apache/calcite/plan/RelOptCostFactory.java,clean
core/src/main/java/org/apache/calcite/plan/RelOptCostImpl.java,clean
core/src/main/java/org/apache/calcite/plan/RelOptLattice.java,clean
core/src/main/java/org/apache/calcite/plan/RelOptListener.java,clean
core/src/main/java/org/apache/calcite/plan/RelOptNode.java,clean
core/src/main/java/org/apache/calcite/plan/RelOptQuery.java,clean
core/src/main/java/org/apache/calcite/plan/RelOptRule.java,clean
core/src/main/java/org/apache/calcite/plan/RelOptRuleOperand.java,clean
core/src/main/java/org/apache/calcite/plan/RelOptRuleOperandChildPolicy.java,clean
core/src/main/java/org/apache/calcite/plan/RelOptRuleOperandChildren.java,clean
core/src/main/java/org/apache/calcite/plan/RelOptSamplingParameters.java,clean
core/src/main/java/org/apache/calcite/plan/RelOptSchema.java,clean
core/src/main/java/org/apache/calcite/plan/RelOptSchemaWithSampling.java,clean
core/src/main/java/org/apache/calcite/plan/RelTrait.java,clean
core/src/main/java/org/apache/calcite/plan/RelTraitPropagationVisitor.java,clean
core/src/main/java/org/apache/calcite/plan/RelTraitSet.java,clean
core/src/main/java/org/apache/calcite/plan/TableAccessMap.java,clean
core/src/main/java/org/apache/calcite/prepare/QueryableRelBuilder.java,clean
core/src/main/java/org/apache/calcite/rel/InvalidRelException.java,clean
core/src/main/java/org/apache/calcite/rel/RelCollation.java,clean
core/src/main/java/org/apache/calcite/rel/RelCollationImpl.java,clean
core/src/main/java/org/apache/calcite/rel/RelCollations.java,clean
core/src/main/java/org/apache/calcite/rel/RelDistribution.java,clean
core/src/main/java/org/apache/calcite/rel/RelDistributions.java,clean
core/src/main/java/org/apache/calcite/rel/RelDistributionTraitDef.java,clean
core/src/main/java/org/apache/calcite/rel/RelFieldCollation.java,clean
core/src/main/java/org/apache/calcite/rel/RelInput.java,clean
core/src/main/java/org/apache/calcite/rel/RelNodes.java,clean
core/src/main/java/org/apache/calcite/rel/RelVisitor.java,clean
core/src/main/java/org/apache/calcite/rel/RelWriter.java,clean
core/src/main/java/org/apache/calcite/rel/SingleRel.java,clean
core/src/main/java/org/apache/calcite/rex/RexAction.java,clean
core/src/main/java/org/apache/calcite/rex/RexCopier.java,clean
core/src/main/java/org/apache/calcite/rex/RexCorrelVariable.java,clean
core/src/main/java/org/apache/calcite/rex/RexDynamicParam.java,clean
core/src/main/java/org/apache/calcite/rex/RexFieldAccess.java,clean
core/src/main/java/org/apache/calcite/rex/RexFieldCollation.java,clean
core/src/main/java/org/apache/calcite/rex/RexInputRef.java,clean
core/src/main/java/org/apache/calcite/rex/RexLocalRef.java,clean
core/src/main/java/org/apache/calcite/rex/RexMultisetUtil.java,clean
core/src/main/java/org/apache/calcite/rex/RexNode.java,clean
core/src/main/java/org/apache/calcite/rex/RexPattern.java,clean
core/src/main/java/org/apache/calcite/rex/RexPermutationShuttle.java,clean
core/src/main/java/org/apache/calcite/rex/RexPermuteInputsShuttle.java,clean
core/src/main/java/org/apache/calcite/rex/RexRangeRef.java,clean
core/src/main/java/org/apache/calcite/rex/RexSlot.java,clean
core/src/main/java/org/apache/calcite/rex/RexSqlConvertlet.java,clean
core/src/main/java/org/apache/calcite/rex/RexSqlConvertletTable.java,clean
core/src/main/java/org/apache/calcite/rex/RexSqlReflectiveConvertletTable.java,clean
core/src/main/java/org/apache/calcite/rex/RexToSqlNodeConverter.java,clean
core/src/main/java/org/apache/calcite/rex/RexTransformer.java,clean
core/src/main/java/org/apache/calcite/rex/RexVariable.java,clean
core/src/main/java/org/apache/calcite/rex/RexWindow.java,clean
core/src/main/java/org/apache/calcite/runtime/AbstractImmutableList.java,clean
core/src/main/java/org/apache/calcite/runtime/ArrayBindable.java,clean
core/src/main/java/org/apache/calcite/runtime/ArrayComparator.java,clean
core/src/main/java/org/apache/calcite/runtime/ArrayEnumeratorCursor.java,clean
core/src/main/java/org/apache/calcite/runtime/BinarySearch.java,clean
core/src/main/java/org/apache/calcite/runtime/Bindable.java,clean
core/src/main/java/org/apache/calcite/runtime/CalciteContextException.java,clean
core/src/main/java/org/apache/calcite/runtime/CalciteException.java,clean
core/src/main/java/org/apache/calcite/runtime/ConsList.java,clean
core/src/main/java/org/apache/calcite/runtime/Enumerables.java,clean
core/src/main/java/org/apache/calcite/runtime/EnumeratorCursor.java,clean
core/src/main/java/org/apache/calcite/runtime/Feature.java,clean
core/src/main/java/org/apache/calcite/runtime/ObjectEnumeratorCursor.java,clean
core/src/main/java/org/apache/calcite/runtime/RecordEnumeratorCursor.java,clean
core/src/main/java/org/apache/calcite/runtime/SortedMultiMap.java,clean
core/src/main/java/org/apache/calcite/runtime/TrustAllSslSocketFactory.java,clean
core/src/main/java/org/apache/calcite/runtime/Typed.java,clean
core/src/main/java/org/apache/calcite/runtime/Unit.java,clean
core/src/main/java/org/apache/calcite/runtime/Utilities.java,clean
core/src/main/java/org/apache/calcite/schema/AggregateFunction.java,clean
core/src/main/java/org/apache/calcite/schema/FilterableTable.java,clean
core/src/main/java/org/apache/calcite/schema/Function.java,clean
core/src/main/java/org/apache/calcite/schema/FunctionParameter.java,clean
core/src/main/java/org/apache/calcite/schema/ImplementableAggFunction.java,clean
core/src/main/java/org/apache/calcite/schema/ImplementableFunction.java,clean
core/src/main/java/org/apache/calcite/schema/Member.java,clean
core/src/main/java/org/apache/calcite/schema/ModifiableView.java,clean
core/src/main/java/org/apache/calcite/schema/Path.java,clean
core/src/main/java/org/apache/calcite/schema/ProjectableFilterableTable.java,clean
core/src/main/java/org/apache/calcite/schema/QueryableTable.java,clean
core/src/main/java/org/apache/calcite/schema/ScalarFunction.java,clean
core/src/main/java/org/apache/calcite/schema/ScannableTable.java,clean
core/src/main/java/org/apache/calcite/schema/SchemaPlus.java,clean
core/src/main/java/org/apache/calcite/schema/SemiMutableSchema.java,clean
core/src/main/java/org/apache/calcite/schema/StreamableTable.java,clean
core/src/main/java/org/apache/calcite/schema/TableFunction.java,clean
core/src/main/java/org/apache/calcite/schema/TableMacro.java,clean
core/src/main/java/org/apache/calcite/server/CalciteServer.java,clean
core/src/main/java/org/apache/calcite/server/CalciteServerStatement.java,clean
core/src/main/java/org/apache/calcite/sql/ExplicitOperatorBinding.java,clean
core/src/main/java/org/apache/calcite/sql/JoinConditionType.java,clean
core/src/main/java/org/apache/calcite/sql/SqlAbstractStringLiteral.java,clean
core/src/main/java/org/apache/calcite/sql/SqlAccessEnum.java,clean
core/src/main/java/org/apache/calcite/sql/SqlAsOperator.java,clean
core/src/main/java/org/apache/calcite/sql/SqlBinaryOperator.java,clean
core/src/main/java/org/apache/calcite/sql/SqlBinaryStringLiteral.java,clean
core/src/main/java/org/apache/calcite/sql/SqlCharStringLiteral.java,clean
core/src/main/java/org/apache/calcite/sql/SqlDelete.java,clean
core/src/main/java/org/apache/calcite/sql/SqlDynamicParam.java,clean
core/src/main/java/org/apache/calcite/sql/SqlExplainLevel.java,clean
core/src/main/java/org/apache/calcite/sql/SqlFunctionalOperator.java,clean
core/src/main/java/org/apache/calcite/sql/SqlInfixOperator.java,clean
core/src/main/java/org/apache/calcite/sql/SqlInsertKeyword.java,clean
core/src/main/java/org/apache/calcite/sql/SqlInternalOperator.java,clean
core/src/main/java/org/apache/calcite/sql/SqlJoin.java,clean
core/src/main/java/org/apache/calcite/sql/SqlMerge.java,clean
core/src/main/java/org/apache/calcite/sql/SqlNodeList.java,clean
core/src/main/java/org/apache/calcite/sql/SqlNullSemantics.java,clean
core/src/main/java/org/apache/calcite/sql/SqlNumericLiteral.java,clean
core/src/main/java/org/apache/calcite/sql/SqlOperandCountRange.java,clean
core/src/main/java/org/apache/calcite/sql/SqlOperatorBinding.java,clean
core/src/main/java/org/apache/calcite/sql/SqlOperatorTable.java,clean
core/src/main/java/org/apache/calcite/sql/SqlOrderBy.java,clean
core/src/main/java/org/apache/calcite/sql/SqlProcedureCallOperator.java,clean
core/src/main/java/org/apache/calcite/sql/SqlSampleSpec.java,clean
core/src/main/java/org/apache/calcite/sql/SqlSelectKeyword.java,clean
core/src/main/java/org/apache/calcite/sql/SqlSelectOperator.java,clean
core/src/main/java/org/apache/calcite/sql/SqlSetOperator.java,clean
core/src/main/java/org/apache/calcite/sql/SqlUnnestOperator.java,clean
core/src/main/java/org/apache/calcite/sql/SqlUnresolvedFunction.java,clean
core/src/main/java/org/apache/calcite/sql/SqlUpdate.java,clean
core/src/main/java/org/apache/calcite/sql/SqlWith.java,clean
core/src/main/java/org/apache/calcite/sql/SqlWithItem.java,clean
core/src/main/java/org/apache/calcite/sql2rel/CorrelationReferenceFinder.java,clean
core/src/main/java/org/apache/calcite/sql2rel/DeduplicateCorrelateVariables.java,clean
core/src/main/java/org/apache/calcite/sql2rel/SqlNodeToRexConverter.java,clean
core/src/main/java/org/apache/calcite/sql2rel/SqlRexContext.java,clean
core/src/main/java/org/apache/calcite/sql2rel/SqlRexConvertlet.java,clean
core/src/main/java/org/apache/calcite/sql2rel/SqlRexConvertletTable.java,clean
core/src/main/java/org/apache/calcite/tools/RelBuilderFactory.java,clean
core/src/main/java/org/apache/calcite/tools/RelConversionException.java,clean
core/src/main/java/org/apache/calcite/tools/RelRunner.java,clean
core/src/main/java/org/apache/calcite/tools/RuleSet.java,clean
core/src/main/java/org/apache/calcite/tools/RuleSets.java,clean
core/src/main/java/org/apache/calcite/tools/ValidationException.java,clean
core/src/main/java/org/apache/calcite/util/BarfingInvocationHandler.java,clean
core/src/main/java/org/apache/calcite/util/Benchmark.java,clean
core/src/main/java/org/apache/calcite/util/BitSets.java,clean
core/src/main/java/org/apache/calcite/util/BitString.java,clean
core/src/main/java/org/apache/calcite/util/CalciteParserException.java,clean
core/src/main/java/org/apache/calcite/util/CalciteValidatorException.java,clean
core/src/main/java/org/apache/calcite/util/CastingList.java,clean
core/src/main/java/org/apache/calcite/util/ChunkList.java,clean
core/src/main/java/org/apache/calcite/util/ClosableAllocation.java,clean
core/src/main/java/org/apache/calcite/util/ClosableAllocationOwner.java,clean
core/src/main/java/org/apache/calcite/util/CompositeMap.java,clean
core/src/main/java/org/apache/calcite/util/CompoundClosableAllocation.java,clean
core/src/main/java/org/apache/calcite/util/ControlFlowException.java,clean
core/src/main/java/org/apache/calcite/util/DelegatingInvocationHandler.java,clean
core/src/main/java/org/apache/calcite/util/Filterator.java,clean
core/src/main/java/org/apache/calcite/util/Glossary.java,clean
core/src/main/java/org/apache/calcite/util/Holder.java,clean
core/src/main/java/org/apache/calcite/util/IntegerIntervalSet.java,clean
core/src/main/java/org/apache/calcite/util/IntList.java,clean
core/src/main/java/org/apache/calcite/util/Litmus.java,clean
core/src/main/java/org/apache/calcite/util/PartiallyOrderedSet.java,clean
core/src/main/java/org/apache/calcite/util/Permutation.java,clean
core/src/main/java/org/apache/calcite/util/ReflectiveVisitDispatcher.java,clean
core/src/main/java/org/apache/calcite/util/ReflectiveVisitor.java,clean
core/src/main/java/org/apache/calcite/util/SerializableCharset.java,clean
core/src/main/java/org/apache/calcite/util/Stacks.java,clean
core/src/main/java/org/apache/calcite/util/StackWriter.java,clean
core/src/main/java/org/apache/calcite/util/Static.java,clean
core/src/main/java/org/apache/calcite/util/TryThreadLocal.java,clean
core/src/main/java/org/apache/calcite/util/UnmodifiableArrayList.java,clean
core/src/main/java/org/apache/calcite/util/XmlOutput.java,clean
core/src/main/java/org/apache/calcite/adapter/clone/ColumnLoader.java,clean
core/src/main/java/org/apache/calcite/adapter/clone/ListTable.java,clean
core/src/main/java/org/apache/calcite/adapter/enumerable/AggAddContext.java,clean
core/src/main/java/org/apache/calcite/adapter/enumerable/AggImplementor.java,clean
core/src/main/java/org/apache/calcite/adapter/enumerable/AggImpState.java,clean
core/src/main/java/org/apache/calcite/adapter/enumerable/AggResetContext.java,clean
core/src/main/java/org/apache/calcite/adapter/enumerable/CallImplementor.java,clean
core/src/main/java/org/apache/calcite/adapter/enumerable/EnumerableAggregateRule.java,clean
core/src/main/java/org/apache/calcite/adapter/enumerable/EnumerableBindable.java,clean
core/src/main/java/org/apache/calcite/adapter/enumerable/EnumerableCalcRule.java,clean
core/src/main/java/org/apache/calcite/adapter/enumerable/EnumerableCollect.java,clean
core/src/main/java/org/apache/calcite/adapter/enumerable/EnumerableCollectRule.java,clean
core/src/main/java/org/apache/calcite/adapter/enumerable/EnumerableCorrelate.java,clean
core/src/main/java/org/apache/calcite/adapter/enumerable/EnumerableCorrelateRule.java,clean
core/src/main/java/org/apache/calcite/adapter/enumerable/EnumerableFilter.java,clean
core/src/main/java/org/apache/calcite/adapter/enumerable/EnumerableFilterRule.java,clean
core/src/main/java/org/apache/calcite/adapter/enumerable/EnumerableFilterToCalcRule.java,clean
core/src/main/java/org/apache/calcite/adapter/enumerable/EnumerableInterpretable.java,clean
core/src/main/java/org/apache/calcite/adapter/enumerable/EnumerableInterpreter.java,clean
core/src/main/java/org/apache/calcite/adapter/enumerable/EnumerableInterpreterRule.java,clean
core/src/main/java/org/apache/calcite/adapter/enumerable/EnumerableIntersectRule.java,clean
core/src/main/java/org/apache/calcite/adapter/enumerable/EnumerableJoin.java,clean
core/src/main/java/org/apache/calcite/adapter/enumerable/EnumerableJoinRule.java,clean
core/src/main/java/org/apache/calcite/adapter/enumerable/EnumerableLimit.java,clean
core/src/main/java/org/apache/calcite/adapter/enumerable/EnumerableLimitRule.java,clean
core/src/main/java/org/apache/calcite/adapter/enumerable/EnumerableMergeJoinRule.java,clean
core/src/main/java/org/apache/calcite/adapter/enumerable/EnumerableMinusRule.java,clean
core/src/main/java/org/apache/calcite/adapter/enumerable/EnumerableProject.java,clean
core/src/main/java/org/apache/calcite/adapter/enumerable/EnumerableProjectRule.java,clean
core/src/main/java/org/apache/calcite/adapter/enumerable/EnumerableProjectToCalcRule.java,clean
core/src/main/java/org/apache/calcite/adapter/enumerable/EnumerableRules.java,clean
core/src/main/java/org/apache/calcite/adapter/enumerable/EnumerableSemiJoin.java,clean
core/src/main/java/org/apache/calcite/adapter/enumerable/EnumerableSemiJoinRule.java,clean
core/src/main/java/org/apache/calcite/adapter/enumerable/EnumerableSort.java,clean
core/src/main/java/org/apache/calcite/adapter/enumerable/EnumerableSortRule.java,clean
core/src/main/java/org/apache/calcite/adapter/enumerable/EnumerableTableFunctionScanRule.java,clean
core/src/main/java/org/apache/calcite/adapter/enumerable/EnumerableTableScanRule.java,clean
core/src/main/java/org/apache/calcite/adapter/enumerable/EnumerableThetaJoin.java,clean
core/src/main/java/org/apache/calcite/adapter/enumerable/EnumerableUncollect.java,clean
core/src/main/java/org/apache/calcite/adapter/enumerable/EnumerableUncollectRule.java,clean
core/src/main/java/org/apache/calcite/adapter/enumerable/EnumerableUnionRule.java,clean
core/src/main/java/org/apache/calcite/adapter/enumerable/EnumerableValues.java,clean
core/src/main/java/org/apache/calcite/adapter/enumerable/EnumerableValuesRule.java,clean
core/src/main/java/org/apache/calcite/adapter/enumerable/EnumerableWindowRule.java,clean
core/src/main/java/org/apache/calcite/adapter/enumerable/EnumUtils.java,clean
core/src/main/java/org/apache/calcite/adapter/enumerable/JavaRelImplementor.java,clean
core/src/main/java/org/apache/calcite/adapter/enumerable/NestedBlockBuilder.java,clean
core/src/main/java/org/apache/calcite/adapter/enumerable/NestedBlockBuilderImpl.java,clean
core/src/main/java/org/apache/calcite/adapter/enumerable/NotNullImplementor.java,clean
core/src/main/java/org/apache/calcite/adapter/enumerable/StrictAggImplementor.java,clean
core/src/main/java/org/apache/calcite/adapter/enumerable/StrictWinAggImplementor.java,clean
core/src/main/java/org/apache/calcite/adapter/enumerable/WinAggAddContext.java,clean
core/src/main/java/org/apache/calcite/adapter/enumerable/WinAggContext.java,clean
core/src/main/java/org/apache/calcite/adapter/enumerable/WinAggFrameContext.java,clean
core/src/main/java/org/apache/calcite/adapter/enumerable/WinAggFrameResultContext.java,clean
core/src/main/java/org/apache/calcite/adapter/enumerable/WinAggImplementor.java,clean
core/src/main/java/org/apache/calcite/adapter/enumerable/WinAggResetContext.java,clean
core/src/main/java/org/apache/calcite/adapter/enumerable/WinAggResultContext.java,clean
core/src/main/java/org/apache/calcite/adapter/java/AbstractQueryableTable.java,clean
core/src/main/java/org/apache/calcite/adapter/java/Array.java,clean
core/src/main/java/org/apache/calcite/adapter/java/JavaTypeFactory.java,clean
core/src/main/java/org/apache/calcite/adapter/java/Map.java,clean
core/src/main/java/org/apache/calcite/adapter/jdbc/JdbcConvention.java,clean
core/src/main/java/org/apache/calcite/adapter/jdbc/JdbcQueryProvider.java,clean
core/src/main/java/org/apache/calcite/adapter/jdbc/JdbcRel.java,clean
core/src/main/java/org/apache/calcite/adapter/jdbc/JdbcToEnumerableConverter.java,clean
core/src/main/java/org/apache/calcite/adapter/jdbc/JdbcToEnumerableConverterRule.java,clean
core/src/main/java/org/apache/calcite/adapter/jdbc/JdbcUtils.java,clean
core/src/main/java/org/apache/calcite/plan/hep/HepMatchOrder.java,clean
core/src/main/java/org/apache/calcite/plan/hep/HepProgram.java,clean
core/src/main/java/org/apache/calcite/plan/hep/HepProgramBuilder.java,clean
core/src/main/java/org/apache/calcite/plan/hep/HepRelMetadataProvider.java,clean
core/src/main/java/org/apache/calcite/plan/hep/HepRelVertex.java,clean
core/src/main/java/org/apache/calcite/plan/volcano/AbstractConverter.java,clean
core/src/main/java/org/apache/calcite/plan/volcano/ChainedPhaseRuleMappingInitializer.java,clean
core/src/main/java/org/apache/calcite/plan/volcano/VolcanoCost.java,clean
core/src/main/java/org/apache/calcite/plan/volcano/VolcanoPlannerPhase.java,clean
core/src/main/java/org/apache/calcite/plan/volcano/VolcanoPlannerPhaseRuleMappingInitializer.java,clean
core/src/main/java/org/apache/calcite/plan/volcano/VolcanoRelMetadataProvider.java,clean
core/src/main/java/org/apache/calcite/rel/convert/Converter.java,clean
core/src/main/java/org/apache/calcite/rel/convert/ConverterRule.java,clean
core/src/main/java/org/apache/calcite/rel/convert/NoneConverter.java,clean
core/src/main/java/org/apache/calcite/rel/convert/TraitMatchingRule.java,clean
core/src/main/java/org/apache/calcite/rel/core/Collect.java,clean
core/src/main/java/org/apache/calcite/rel/core/CorrelationId.java,clean
core/src/main/java/org/apache/calcite/rel/core/EquiJoin.java,clean
core/src/main/java/org/apache/calcite/rel/core/Exchange.java,clean
core/src/main/java/org/apache/calcite/rel/core/Intersect.java,clean
core/src/main/java/org/apache/calcite/rel/core/JoinInfo.java,clean
core/src/main/java/org/apache/calcite/rel/core/Minus.java,clean
core/src/main/java/org/apache/calcite/rel/core/Sample.java,clean
core/src/main/java/org/apache/calcite/rel/core/SortExchange.java,clean
core/src/main/java/org/apache/calcite/rel/core/TableFunctionScan.java,clean
core/src/main/java/org/apache/calcite/rel/core/Uncollect.java,clean
core/src/main/java/org/apache/calcite/rel/logical/LogicalCalc.java,clean
core/src/main/java/org/apache/calcite/rel/logical/LogicalExchange.java,clean
core/src/main/java/org/apache/calcite/rel/logical/LogicalFilter.java,clean
core/src/main/java/org/apache/calcite/rel/logical/LogicalIntersect.java,clean
core/src/main/java/org/apache/calcite/rel/logical/LogicalJoin.java,clean
core/src/main/java/org/apache/calcite/rel/logical/LogicalMinus.java,clean
core/src/main/java/org/apache/calcite/rel/logical/LogicalSort.java,clean
core/src/main/java/org/apache/calcite/rel/logical/LogicalTableFunctionScan.java,clean
core/src/main/java/org/apache/calcite/rel/logical/LogicalTableScan.java,clean
core/src/main/java/org/apache/calcite/rel/logical/LogicalUnion.java,clean
core/src/main/java/org/apache/calcite/rel/logical/LogicalValues.java,clean
core/src/main/java/org/apache/calcite/rel/metadata/CyclicMetadataException.java,clean
core/src/main/java/org/apache/calcite/rel/metadata/Metadata.java,clean
core/src/main/java/org/apache/calcite/rel/metadata/MetadataDef.java,clean
core/src/main/java/org/apache/calcite/rel/metadata/MetadataFactory.java,clean
core/src/main/java/org/apache/calcite/rel/metadata/MetadataHandler.java,clean
core/src/main/java/org/apache/calcite/rel/metadata/NullSentinel.java,clean
core/src/main/java/org/apache/calcite/rel/metadata/RelColumnMapping.java,clean
core/src/main/java/org/apache/calcite/rel/metadata/RelColumnOrigin.java,clean
core/src/main/java/org/apache/calcite/rel/metadata/RelMdColumnOrigins.java,clean
core/src/main/java/org/apache/calcite/rel/metadata/RelMdDistinctRowCount.java,clean
core/src/main/java/org/apache/calcite/rel/metadata/RelMdDistribution.java,clean
core/src/main/java/org/apache/calcite/rel/metadata/RelMdExplainVisibility.java,clean
core/src/main/java/org/apache/calcite/rel/metadata/RelMdMemory.java,clean
core/src/main/java/org/apache/calcite/rel/metadata/RelMdParallelism.java,clean
core/src/main/java/org/apache/calcite/rel/metadata/RelMdPercentageOriginalRows.java,clean
core/src/main/java/org/apache/calcite/rel/metadata/RelMdPopulationSize.java,clean
core/src/main/java/org/apache/calcite/rel/metadata/RelMdRowCount.java,clean
core/src/main/java/org/apache/calcite/rel/metadata/RelMdSelectivity.java,clean
core/src/main/java/org/apache/calcite/rel/metadata/RelMdUniqueKeys.java,clean
core/src/main/java/org/apache/calcite/rel/metadata/UnboundMetadata.java,clean
core/src/main/java/org/apache/calcite/rel/rules/AggregateRemoveRule.java,clean
core/src/main/java/org/apache/calcite/rel/rules/AggregateStarTableRule.java,clean
core/src/main/java/org/apache/calcite/rel/rules/CalcMergeRule.java,clean
core/src/main/java/org/apache/calcite/rel/rules/CalcRemoveRule.java,clean
core/src/main/java/org/apache/calcite/rel/rules/CalcSplitRule.java,clean
core/src/main/java/org/apache/calcite/rel/rules/CoerceInputsRule.java,clean
core/src/main/java/org/apache/calcite/rel/rules/EquiJoin.java,clean
core/src/main/java/org/apache/calcite/rel/rules/FilterCalcMergeRule.java,clean
core/src/main/java/org/apache/calcite/rel/rules/FilterCorrelateRule.java,clean
core/src/main/java/org/apache/calcite/rel/rules/FilterJoinRule.java,clean
core/src/main/java/org/apache/calcite/rel/rules/FilterMergeRule.java,clean
core/src/main/java/org/apache/calcite/rel/rules/FilterMultiJoinMergeRule.java,clean
core/src/main/java/org/apache/calcite/rel/rules/FilterSetOpTransposeRule.java,clean
core/src/main/java/org/apache/calcite/rel/rules/FilterTableFunctionTransposeRule.java,clean
core/src/main/java/org/apache/calcite/rel/rules/FilterToCalcRule.java,clean
core/src/main/java/org/apache/calcite/rel/rules/JoinAddRedundantSemiJoinRule.java,clean
core/src/main/java/org/apache/calcite/rel/rules/JoinAssociateRule.java,clean
core/src/main/java/org/apache/calcite/rel/rules/JoinPushExpressionsRule.java,clean
core/src/main/java/org/apache/calcite/rel/rules/JoinPushTransitivePredicatesRule.java,clean
core/src/main/java/org/apache/calcite/rel/rules/JoinToCorrelateRule.java,clean
core/src/main/java/org/apache/calcite/rel/rules/JoinToMultiJoinRule.java,clean
core/src/main/java/org/apache/calcite/rel/rules/JoinUnionTransposeRule.java,clean
core/src/main/java/org/apache/calcite/rel/rules/LoptJoinTree.java,clean
core/src/main/java/org/apache/calcite/rel/rules/MultiJoin.java,clean
core/src/main/java/org/apache/calcite/rel/rules/MultiJoinProjectTransposeRule.java,clean
core/src/main/java/org/apache/calcite/rel/rules/ProjectCalcMergeRule.java,clean
core/src/main/java/org/apache/calcite/rel/rules/ProjectMergeRule.java,clean
core/src/main/java/org/apache/calcite/rel/rules/ProjectMultiJoinMergeRule.java,clean
core/src/main/java/org/apache/calcite/rel/rules/ProjectToCalcRule.java,clean
core/src/main/java/org/apache/calcite/rel/rules/SemiJoinJoinTransposeRule.java,clean
core/src/main/java/org/apache/calcite/rel/rules/SemiJoinRemoveRule.java,clean
core/src/main/java/org/apache/calcite/rel/rules/SortRemoveRule.java,clean
core/src/main/java/org/apache/calcite/rel/rules/SortUnionTransposeRule.java,clean
core/src/main/java/org/apache/calcite/rel/rules/TableScanRule.java,clean
core/src/main/java/org/apache/calcite/rel/rules/UnionEliminatorRule.java,clean
core/src/main/java/org/apache/calcite/rel/rules/UnionToDistinctRule.java,clean
core/src/main/java/org/apache/calcite/rel/stream/Chi.java,clean
core/src/main/java/org/apache/calcite/rel/stream/Delta.java,clean
core/src/main/java/org/apache/calcite/rel/stream/LogicalChi.java,clean
core/src/main/java/org/apache/calcite/rel/stream/LogicalDelta.java,clean
core/src/main/java/org/apache/calcite/rel/type/DynamicRecordType.java,clean
core/src/main/java/org/apache/calcite/rel/type/RelCrossType.java,clean
core/src/main/java/org/apache/calcite/rel/type/RelDataTypeComparability.java,clean
core/src/main/java/org/apache/calcite/rel/type/RelDataTypeFamily.java,clean
core/src/main/java/org/apache/calcite/rel/type/RelDataTypeFieldImpl.java,clean
core/src/main/java/org/apache/calcite/rel/type/RelProtoDataType.java,clean
core/src/main/java/org/apache/calcite/schema/impl/AbstractTableQueryable.java,clean
core/src/main/java/org/apache/calcite/schema/impl/StarTable.java,clean
core/src/main/java/org/apache/calcite/sql/advise/SqlAdvisorGetHintsFunction.java,clean
core/src/main/java/org/apache/calcite/sql/advise/SqlAdvisorHint.java,clean
core/src/main/java/org/apache/calcite/sql/fun/SqlAbstractTimeFunction.java,clean
core/src/main/java/org/apache/calcite/sql/fun/SqlArgumentAssignmentOperator.java,clean
core/src/main/java/org/apache/calcite/sql/fun/SqlArrayQueryConstructor.java,clean
core/src/main/java/org/apache/calcite/sql/fun/SqlArrayValueConstructor.java,clean
core/src/main/java/org/apache/calcite/sql/fun/SqlCase.java,clean
core/src/main/java/org/apache/calcite/sql/fun/SqlCollectionTableOperator.java,clean
core/src/main/java/org/apache/calcite/sql/fun/SqlColumnListConstructor.java,clean
core/src/main/java/org/apache/calcite/sql/fun/SqlConvertFunction.java,clean
core/src/main/java/org/apache/calcite/sql/fun/SqlCovarAggFunction.java,clean
core/src/main/java/org/apache/calcite/sql/fun/SqlCurrentDateFunction.java,clean
core/src/main/java/org/apache/calcite/sql/fun/SqlCursorConstructor.java,clean
core/src/main/java/org/apache/calcite/sql/fun/SqlDefaultOperator.java,clean
core/src/main/java/org/apache/calcite/sql/fun/SqlExtendOperator.java,clean
core/src/main/java/org/apache/calcite/sql/fun/SqlLeadLagAggFunction.java,clean
core/src/main/java/org/apache/calcite/sql/fun/SqlMapQueryConstructor.java,clean
core/src/main/java/org/apache/calcite/sql/fun/SqlMapValueConstructor.java,clean
core/src/main/java/org/apache/calcite/sql/fun/SqlMonotonicBinaryOperator.java,clean
core/src/main/java/org/apache/calcite/sql/fun/SqlMonotonicUnaryFunction.java,clean
core/src/main/java/org/apache/calcite/sql/fun/SqlMultisetMemberOfOperator.java,clean
core/src/main/java/org/apache/calcite/sql/fun/SqlMultisetQueryConstructor.java,clean
core/src/main/java/org/apache/calcite/sql/fun/SqlMultisetSetOperator.java,clean
core/src/main/java/org/apache/calcite/sql/fun/SqlNewOperator.java,clean
core/src/main/java/org/apache/calcite/sql/fun/SqlNtileAggFunction.java,clean
core/src/main/java/org/apache/calcite/sql/fun/SqlOverlayFunction.java,clean
core/src/main/java/org/apache/calcite/sql/fun/SqlRollupOperator.java,clean
core/src/main/java/org/apache/calcite/sql/fun/SqlSequenceValueOperator.java,clean
core/src/main/java/org/apache/calcite/sql/fun/SqlSubstringFunction.java,clean
core/src/main/java/org/apache/calcite/sql/fun/SqlThrowOperator.java,clean
core/src/main/java/org/apache/calcite/sql/fun/SqlTranslate3Function.java,clean
core/src/main/java/org/apache/calcite/sql/fun/SqlTrimFunction.java,buggy
core/src/main/java/org/apache/calcite/sql/parser/SqlParseException.java,clean
core/src/main/java/org/apache/calcite/sql/parser/SqlParserImplFactory.java,clean
core/src/main/java/org/apache/calcite/sql/pretty/SqlFormatOptions.java,clean
core/src/main/java/org/apache/calcite/sql/type/AbstractSqlType.java,clean
core/src/main/java/org/apache/calcite/sql/type/AssignableOperandTypeChecker.java,clean
core/src/main/java/org/apache/calcite/sql/type/ComparableOperandTypeChecker.java,clean
core/src/main/java/org/apache/calcite/sql/type/CompositeSingleOperandTypeChecker.java,clean
core/src/main/java/org/apache/calcite/sql/type/CursorReturnTypeInference.java,clean
core/src/main/java/org/apache/calcite/sql/type/ExplicitOperandTypeInference.java,clean
core/src/main/java/org/apache/calcite/sql/type/ExplicitReturnTypeInference.java,clean
core/src/main/java/org/apache/calcite/sql/type/FamilyOperandTypeChecker.java,clean
core/src/main/java/org/apache/calcite/sql/type/InferTypes.java,clean
core/src/main/java/org/apache/calcite/sql/type/LiteralOperandTypeChecker.java,clean
core/src/main/java/org/apache/calcite/sql/type/MapSqlType.java,clean
core/src/main/java/org/apache/calcite/sql/type/MultisetOperandTypeChecker.java,clean
core/src/main/java/org/apache/calcite/sql/type/ObjectSqlType.java,clean
core/src/main/java/org/apache/calcite/sql/type/OperandsTypeChecking.java,clean
core/src/main/java/org/apache/calcite/sql/type/OrdinalReturnTypeInference.java,clean
core/src/main/java/org/apache/calcite/sql/type/SetopOperandTypeChecker.java,clean
core/src/main/java/org/apache/calcite/sql/type/SqlOperandCountRanges.java,clean
core/src/main/java/org/apache/calcite/sql/type/SqlOperandTypeChecker.java,clean
core/src/main/java/org/apache/calcite/sql/type/SqlOperandTypeInference.java,clean
core/src/main/java/org/apache/calcite/sql/type/SqlReturnTypeInference.java,clean
core/src/main/java/org/apache/calcite/sql/type/SqlReturnTypeInferenceChain.java,clean
core/src/main/java/org/apache/calcite/sql/type/SqlSingleOperandTypeChecker.java,clean
core/src/main/java/org/apache/calcite/sql/type/SqlTypeTransform.java,clean
core/src/main/java/org/apache/calcite/sql/type/SqlTypeTransformCascade.java,clean
core/src/main/java/org/apache/calcite/sql/type/SqlTypeTransforms.java,clean
core/src/main/java/org/apache/calcite/sql/type/TableFunctionReturnTypeInference.java,clean
core/src/main/java/org/apache/calcite/sql/util/ChainedSqlOperatorTable.java,clean
core/src/main/java/org/apache/calcite/sql/util/SqlBuilder.java,clean
core/src/main/java/org/apache/calcite/sql/util/SqlShuttle.java,clean
core/src/main/java/org/apache/calcite/sql/util/SqlString.java,clean
core/src/main/java/org/apache/calcite/sql/util/SqlVisitor.java,clean
core/src/main/java/org/apache/calcite/sql/validate/AggregatingScope.java,clean
core/src/main/java/org/apache/calcite/sql/validate/AliasNamespace.java,clean
core/src/main/java/org/apache/calcite/sql/validate/CollectNamespace.java,clean
core/src/main/java/org/apache/calcite/sql/validate/CollectScope.java,clean
core/src/main/java/org/apache/calcite/sql/validate/DelegatingSqlValidatorTable.java,clean
core/src/main/java/org/apache/calcite/sql/validate/FieldNamespace.java,clean
core/src/main/java/org/apache/calcite/sql/validate/JoinNamespace.java,clean
core/src/main/java/org/apache/calcite/sql/validate/OverScope.java,clean
core/src/main/java/org/apache/calcite/sql/validate/ParameterNamespace.java,clean
core/src/main/java/org/apache/calcite/sql/validate/ProcedureNamespace.java,clean
core/src/main/java/org/apache/calcite/sql/validate/SchemaNamespace.java,clean
core/src/main/java/org/apache/calcite/sql/validate/SelectNamespace.java,clean
core/src/main/java/org/apache/calcite/sql/validate/SelectScope.java,clean
core/src/main/java/org/apache/calcite/sql/validate/SqlModality.java,clean
core/src/main/java/org/apache/calcite/sql/validate/SqlMoniker.java,clean
core/src/main/java/org/apache/calcite/sql/validate/SqlMonikerImpl.java,clean
core/src/main/java/org/apache/calcite/sql/validate/SqlMonikerType.java,clean
core/src/main/java/org/apache/calcite/sql/validate/SqlMonotonicity.java,clean
core/src/main/java/org/apache/calcite/sql/validate/SqlScopedShuttle.java,clean
core/src/main/java/org/apache/calcite/sql/validate/SqlUserDefinedTableMacro.java,clean
core/src/main/java/org/apache/calcite/sql/validate/SqlValidatorException.java,clean
core/src/main/java/org/apache/calcite/sql/validate/SqlValidatorWithHints.java,clean
core/src/main/java/org/apache/calcite/sql/validate/TableConstructorNamespace.java,clean
core/src/main/java/org/apache/calcite/sql/validate/UnnestNamespace.java,clean
core/src/main/java/org/apache/calcite/sql/validate/WithItemNamespace.java,clean
core/src/main/java/org/apache/calcite/sql/validate/WithNamespace.java,clean
core/src/main/java/org/apache/calcite/util/graph/BreadthFirstIterator.java,clean
core/src/main/java/org/apache/calcite/util/graph/CycleDetector.java,clean
core/src/main/java/org/apache/calcite/util/graph/DefaultDirectedGraph.java,clean
core/src/main/java/org/apache/calcite/util/graph/DefaultEdge.java,clean
core/src/main/java/org/apache/calcite/util/graph/DepthFirstIterator.java,clean
core/src/main/java/org/apache/calcite/util/graph/DirectedGraph.java,clean
core/src/main/java/org/apache/calcite/util/graph/Graphs.java,clean
core/src/main/java/org/apache/calcite/util/graph/TopologicalOrderIterator.java,clean
core/src/main/java/org/apache/calcite/util/javac/JavaCompiler.java,clean
core/src/main/java/org/apache/calcite/util/javac/JavaCompilerArgs.java,clean
core/src/main/java/org/apache/calcite/util/mapping/AbstractSourceMapping.java,clean
core/src/main/java/org/apache/calcite/util/mapping/AbstractTargetMapping.java,clean
core/src/main/java/org/apache/calcite/util/mapping/IntPair.java,clean
core/src/main/java/org/apache/calcite/util/mapping/Mapping.java,clean
core/src/main/java/org/apache/calcite/util/mapping/Mappings.java,clean
core/src/main/java/org/apache/calcite/util/mapping/MappingType.java,clean
core/src/main/java/org/apache/calcite/util/trace/CalciteLogger.java,clean
core/src/main/java/org/apache/calcite/adapter/enumerable/impl/WinAggAddContextImpl.java,clean
core/src/main/java/org/apache/calcite/adapter/enumerable/impl/WinAggResetContextImpl.java,clean
cassandra/src/main/java/org/apache/calcite/adapter/cassandra/CassandraFilter.java,clean
cassandra/src/main/java/org/apache/calcite/adapter/cassandra/CassandraMethod.java,clean
cassandra/src/main/java/org/apache/calcite/adapter/cassandra/CassandraProject.java,clean
cassandra/src/main/java/org/apache/calcite/adapter/cassandra/CassandraRel.java,clean
cassandra/src/main/java/org/apache/calcite/adapter/cassandra/CassandraTableScan.java,clean
cassandra/src/main/java/org/apache/calcite/adapter/cassandra/CassandraToEnumerableConverter.java,clean
cassandra/src/main/java/org/apache/calcite/adapter/cassandra/CassandraToEnumerableConverterRule.java,clean
druid/src/main/java/org/apache/calcite/adapter/druid/DruidConnection.java,clean
druid/src/main/java/org/apache/calcite/adapter/druid/DruidResultEnumerator.java,clean
mongodb/src/main/java/org/apache/calcite/adapter/mongodb/MongoAggregate.java,clean
mongodb/src/main/java/org/apache/calcite/adapter/mongodb/MongoEnumerator.java,clean
mongodb/src/main/java/org/apache/calcite/adapter/mongodb/MongoFilter.java,clean
mongodb/src/main/java/org/apache/calcite/adapter/mongodb/MongoMethod.java,clean
mongodb/src/main/java/org/apache/calcite/adapter/mongodb/MongoProject.java,clean
mongodb/src/main/java/org/apache/calcite/adapter/mongodb/MongoRel.java,clean
mongodb/src/main/java/org/apache/calcite/adapter/mongodb/MongoSchema.java,clean
mongodb/src/main/java/org/apache/calcite/adapter/mongodb/MongoSchemaFactory.java,clean
mongodb/src/main/java/org/apache/calcite/adapter/mongodb/MongoSort.java,clean
mongodb/src/main/java/org/apache/calcite/adapter/mongodb/MongoTableScan.java,clean
mongodb/src/main/java/org/apache/calcite/adapter/mongodb/MongoToEnumerableConverter.java,clean
mongodb/src/main/java/org/apache/calcite/adapter/mongodb/MongoToEnumerableConverterRule.java,clean
plus/src/main/java/org/apache/calcite/adapter/tpcds/TpcdsSchemaFactory.java,clean
plus/src/main/java/org/apache/calcite/adapter/tpch/TpchSchemaFactory.java,clean
spark/src/main/java/org/apache/calcite/adapter/spark/EnumerableToSparkConverter.java,clean
spark/src/main/java/org/apache/calcite/adapter/spark/EnumerableToSparkConverterRule.java,clean
spark/src/main/java/org/apache/calcite/adapter/spark/HttpServer.java,clean
spark/src/main/java/org/apache/calcite/adapter/spark/JdbcToSparkConverter.java,clean
spark/src/main/java/org/apache/calcite/adapter/spark/JdbcToSparkConverterRule.java,clean
spark/src/main/java/org/apache/calcite/adapter/spark/SparkMethod.java,clean
spark/src/main/java/org/apache/calcite/adapter/spark/SparkRel.java,clean
spark/src/main/java/org/apache/calcite/adapter/spark/SparkToEnumerableConverter.java,clean
splunk/src/main/java/org/apache/calcite/adapter/splunk/SplunkDriver.java,clean
splunk/src/main/java/org/apache/calcite/adapter/splunk/SplunkDriverVersion.java,clean
splunk/src/main/java/org/apache/calcite/adapter/splunk/SplunkQuery.java,clean
splunk/src/main/java/org/apache/calcite/adapter/splunk/SplunkSchema.java,clean
splunk/src/main/java/org/apache/calcite/adapter/splunk/SplunkTableScan.java,clean
splunk/src/main/java/org/apache/calcite/adapter/splunk/search/SearchResultListener.java,clean
splunk/src/main/java/org/apache/calcite/adapter/splunk/search/SplunkConnection.java,clean
splunk/src/main/java/org/apache/calcite/adapter/splunk/util/StringUtils.java,clean
piglet/src/main/java/org/apache/calcite/piglet/Handler.java,clean
linq4j/src/main/java/org/apache/calcite/linq4j/AbstractEnumerable.java,clean
linq4j/src/main/java/org/apache/calcite/linq4j/AbstractEnumerable2.java,clean
linq4j/src/main/java/org/apache/calcite/linq4j/AbstractQueryable.java,clean
linq4j/src/main/java/org/apache/calcite/linq4j/BaseQueryable.java,clean
linq4j/src/main/java/org/apache/calcite/linq4j/CartesianProductEnumerator.java,clean
linq4j/src/main/java/org/apache/calcite/linq4j/CorrelateJoinType.java,clean
linq4j/src/main/java/org/apache/calcite/linq4j/DefaultQueryable.java,clean
linq4j/src/main/java/org/apache/calcite/linq4j/DelegatingEnumerator.java,clean
linq4j/src/main/java/org/apache/calcite/linq4j/Enumerable.java,clean
linq4j/src/main/java/org/apache/calcite/linq4j/EnumerableOrderedQueryable.java,clean
linq4j/src/main/java/org/apache/calcite/linq4j/EnumerableQueryable.java,clean
linq4j/src/main/java/org/apache/calcite/linq4j/Enumerator.java,clean
linq4j/src/main/java/org/apache/calcite/linq4j/ExtendedOrderedEnumerable.java,clean
linq4j/src/main/java/org/apache/calcite/linq4j/ExtendedOrderedQueryable.java,clean
linq4j/src/main/java/org/apache/calcite/linq4j/ExtendedQueryable.java,clean
linq4j/src/main/java/org/apache/calcite/linq4j/Extensions.java,clean
linq4j/src/main/java/org/apache/calcite/linq4j/Grouping.java,clean
linq4j/src/main/java/org/apache/calcite/linq4j/GroupingImpl.java,clean
linq4j/src/main/java/org/apache/calcite/linq4j/Lookup.java,clean
linq4j/src/main/java/org/apache/calcite/linq4j/LookupImpl.java,clean
linq4j/src/main/java/org/apache/calcite/linq4j/OpType.java,clean
linq4j/src/main/java/org/apache/calcite/linq4j/OrderedEnumerable.java,clean
linq4j/src/main/java/org/apache/calcite/linq4j/OrderedQueryable.java,clean
linq4j/src/main/java/org/apache/calcite/linq4j/PackageMarker.java,clean
linq4j/src/main/java/org/apache/calcite/linq4j/Queryable.java,clean
linq4j/src/main/java/org/apache/calcite/linq4j/QueryableFactory.java,clean
linq4j/src/main/java/org/apache/calcite/linq4j/QueryableRecorder.java,clean
linq4j/src/main/java/org/apache/calcite/linq4j/QueryProvider.java,clean
linq4j/src/main/java/org/apache/calcite/linq4j/RawEnumerable.java,clean
linq4j/src/main/java/org/apache/calcite/linq4j/RawQueryable.java,clean
linq4j/src/main/java/org/apache/calcite/linq4j/TransformedEnumerator.java,clean
linq4j/src/main/java/org/apache/calcite/linq4j/function/BigDecimalFunction1.java,clean
linq4j/src/main/java/org/apache/calcite/linq4j/function/Deterministic.java,clean
linq4j/src/main/java/org/apache/calcite/linq4j/function/DoubleFunction1.java,clean
linq4j/src/main/java/org/apache/calcite/linq4j/function/EqualityComparer.java,clean
linq4j/src/main/java/org/apache/calcite/linq4j/function/FloatFunction1.java,clean
linq4j/src/main/java/org/apache/calcite/linq4j/function/Function.java,clean
linq4j/src/main/java/org/apache/calcite/linq4j/function/Function0.java,clean
linq4j/src/main/java/org/apache/calcite/linq4j/function/Function1.java,clean
linq4j/src/main/java/org/apache/calcite/linq4j/function/Function2.java,clean
linq4j/src/main/java/org/apache/calcite/linq4j/function/IntegerFunction1.java,clean
linq4j/src/main/java/org/apache/calcite/linq4j/function/LongFunction1.java,clean
linq4j/src/main/java/org/apache/calcite/linq4j/function/NonDeterministic.java,clean
linq4j/src/main/java/org/apache/calcite/linq4j/function/NullableBigDecimalFunction1.java,clean
linq4j/src/main/java/org/apache/calcite/linq4j/function/NullableDoubleFunction1.java,clean
linq4j/src/main/java/org/apache/calcite/linq4j/function/NullableFloatFunction1.java,clean
linq4j/src/main/java/org/apache/calcite/linq4j/function/NullableIntegerFunction1.java,clean
linq4j/src/main/java/org/apache/calcite/linq4j/function/NullableLongFunction1.java,clean
linq4j/src/main/java/org/apache/calcite/linq4j/function/Parameter.java,clean
linq4j/src/main/java/org/apache/calcite/linq4j/function/Predicate1.java,clean
linq4j/src/main/java/org/apache/calcite/linq4j/function/Predicate2.java,clean
linq4j/src/main/java/org/apache/calcite/linq4j/tree/AbstractNode.java,clean
linq4j/src/main/java/org/apache/calcite/linq4j/tree/ArrayLengthRecordField.java,clean
linq4j/src/main/java/org/apache/calcite/linq4j/tree/Blocks.java,clean
linq4j/src/main/java/org/apache/calcite/linq4j/tree/CallSiteBinder.java,clean
linq4j/src/main/java/org/apache/calcite/linq4j/tree/CatchBlock.java,clean
linq4j/src/main/java/org/apache/calcite/linq4j/tree/ConstantUntypedNull.java,clean
linq4j/src/main/java/org/apache/calcite/linq4j/tree/ElementInit.java,clean
linq4j/src/main/java/org/apache/calcite/linq4j/tree/Evaluator.java,clean
linq4j/src/main/java/org/apache/calcite/linq4j/tree/Expression.java,clean
linq4j/src/main/java/org/apache/calcite/linq4j/tree/ExpressionVisitor.java,clean
linq4j/src/main/java/org/apache/calcite/linq4j/tree/ExpressionWriter.java,clean
linq4j/src/main/java/org/apache/calcite/linq4j/tree/GotoExpressionKind.java,clean
linq4j/src/main/java/org/apache/calcite/linq4j/tree/LabelTarget.java,clean
linq4j/src/main/java/org/apache/calcite/linq4j/tree/MemberAssignment.java,clean
linq4j/src/main/java/org/apache/calcite/linq4j/tree/MemberBinding.java,clean
linq4j/src/main/java/org/apache/calcite/linq4j/tree/MemberDeclaration.java,clean
linq4j/src/main/java/org/apache/calcite/linq4j/tree/MemberListBinding.java,clean
linq4j/src/main/java/org/apache/calcite/linq4j/tree/MemberMemberBinding.java,clean
linq4j/src/main/java/org/apache/calcite/linq4j/tree/Primitive.java,clean
linq4j/src/main/java/org/apache/calcite/linq4j/tree/PseudoField.java,clean
linq4j/src/main/java/org/apache/calcite/linq4j/tree/ReflectedPseudoField.java,clean
linq4j/src/main/java/org/apache/calcite/linq4j/tree/Statement.java,clean
linq4j/src/main/java/org/apache/calcite/linq4j/tree/SwitchCase.java,clean
ubenchmark/src/main/java/org/apache/calcite/benchmarks/FlightRecorderProfiler.java,clean
ubenchmark/src/main/java/org/apache/calcite/benchmarks/ParserBenchmark.java,clean
ubenchmark/src/main/java/org/apache/calcite/benchmarks/PreconditionTest.java,clean
core/src/main/java/org/apache/calcite/rel/core/AggregateCall.java,clean
core/src/main/java/org/apache/calcite/runtime/Like.java,clean
core/src/main/java/org/apache/calcite/rex/RexProgramBuilder.java,clean
core/src/main/java/org/apache/calcite/runtime/SocketFactoryImpl.java,clean
core/src/main/java/org/apache/calcite/schema/SchemaFactory.java,clean
core/src/main/java/org/apache/calcite/schema/TableFactory.java,clean
core/src/main/java/org/apache/calcite/util/NumberUtil.java,clean
core/src/main/java/org/apache/calcite/adapter/clone/CloneSchema.java,clean
core/src/main/java/org/apache/calcite/rel/externalize/RelXmlWriter.java,clean
core/src/main/java/org/apache/calcite/rel/rules/JoinPushThroughJoinRule.java,clean
core/src/main/java/org/apache/calcite/sql/pretty/SqlPrettyWriter.java,clean
core/src/main/java/org/apache/calcite/sql/type/CompositeOperandTypeChecker.java,buggy
pig/src/main/java/org/apache/calcite/adapter/pig/PigAggregate.java,clean
piglet/src/main/java/org/apache/calcite/piglet/Ast.java,buggy
core/src/main/java/org/apache/calcite/sql/fun/SqlCoalesceFunction.java,buggy
core/src/main/java/org/apache/calcite/sql/fun/SqlNullifFunction.java,clean
cassandra/src/main/java/org/apache/calcite/adapter/cassandra/CassandraSchema.java,clean
core/src/main/java/org/apache/calcite/sql/SqlLateralOperator.java,clean
core/src/main/java/org/apache/calcite/sql/SqlSpecialOperator.java,clean
core/src/main/java/org/apache/calcite/util/PrecedenceClimbingParser.java,clean
core/src/main/java/org/apache/calcite/sql/fun/SqlBetweenOperator.java,clean
core/src/main/java/org/apache/calcite/prepare/CalciteCatalogReader.java,buggy
core/src/main/java/org/apache/calcite/adapter/enumerable/NullPolicy.java,clean
core/src/main/java/org/apache/calcite/schema/impl/ScalarFunctionImpl.java,clean
core/src/main/java/org/apache/calcite/sql/type/SqlTypeExplicitPrecedenceList.java,buggy
linq4j/src/main/java/org/apache/calcite/linq4j/function/SemiStrict.java,clean
linq4j/src/main/java/org/apache/calcite/linq4j/function/Strict.java,clean
core/src/main/java/org/apache/calcite/schema/impl/ViewTableMacro.java,clean
core/src/main/java/org/apache/calcite/sql/validate/CyclicDefinitionException.java,clean
core/src/main/java/org/apache/calcite/rel/metadata/RelMetadataQuery.java,clean
core/src/main/java/org/apache/calcite/rel/rules/DateRangeRules.java,buggy
core/src/main/java/org/apache/calcite/adapter/enumerable/EnumerableTableFunctionScan.java,clean
core/src/main/java/org/apache/calcite/rel/rules/ValuesReduceRule.java,clean
cassandra/src/main/java/org/apache/calcite/adapter/cassandra/CassandraSchemaFactory.java,clean
core/src/main/java/org/apache/calcite/sql/SqlJdbcFunctionCall.java,clean
core/src/main/java/org/apache/calcite/sql/fun/SqlDatePartFunction.java,clean
core/src/main/java/org/apache/calcite/plan/RelOptPredicateList.java,clean
core/src/main/java/org/apache/calcite/schema/impl/AggregateFunctionImpl.java,clean
core/src/main/java/org/apache/calcite/rel/rules/FilterRemoveIsNotDistinctFromRule.java,clean
core/src/main/java/org/apache/calcite/rel/rules/JoinExtractFilterRule.java,clean
core/src/main/java/org/apache/calcite/rel/rules/SemiJoinFilterTransposeRule.java,clean
linq4j/src/main/java/org/apache/calcite/linq4j/tree/BinaryExpression.java,clean
linq4j/src/main/java/org/apache/calcite/linq4j/tree/BlockStatement.java,clean
linq4j/src/main/java/org/apache/calcite/linq4j/tree/ClassDeclaration.java,clean
linq4j/src/main/java/org/apache/calcite/linq4j/tree/ConditionalExpression.java,clean
linq4j/src/main/java/org/apache/calcite/linq4j/tree/ConditionalStatement.java,clean
linq4j/src/main/java/org/apache/calcite/linq4j/tree/ConstantExpression.java,clean
linq4j/src/main/java/org/apache/calcite/linq4j/tree/ConstructorDeclaration.java,clean
linq4j/src/main/java/org/apache/calcite/linq4j/tree/DeclarationStatement.java,clean
linq4j/src/main/java/org/apache/calcite/linq4j/tree/DefaultExpression.java,clean
linq4j/src/main/java/org/apache/calcite/linq4j/tree/DynamicExpression.java,clean
linq4j/src/main/java/org/apache/calcite/linq4j/tree/FieldDeclaration.java,clean
linq4j/src/main/java/org/apache/calcite/linq4j/tree/ForStatement.java,clean
linq4j/src/main/java/org/apache/calcite/linq4j/tree/GotoStatement.java,clean
linq4j/src/main/java/org/apache/calcite/linq4j/tree/IndexExpression.java,clean
linq4j/src/main/java/org/apache/calcite/linq4j/tree/InvocationExpression.java,clean
linq4j/src/main/java/org/apache/calcite/linq4j/tree/LabelStatement.java,clean
linq4j/src/main/java/org/apache/calcite/linq4j/tree/LambdaExpression.java,clean
linq4j/src/main/java/org/apache/calcite/linq4j/tree/ListInitExpression.java,clean
linq4j/src/main/java/org/apache/calcite/linq4j/tree/MemberExpression.java,clean
linq4j/src/main/java/org/apache/calcite/linq4j/tree/MemberInitExpression.java,clean
linq4j/src/main/java/org/apache/calcite/linq4j/tree/MethodCallExpression.java,clean
linq4j/src/main/java/org/apache/calcite/linq4j/tree/MethodDeclaration.java,clean
linq4j/src/main/java/org/apache/calcite/linq4j/tree/NewArrayExpression.java,clean
linq4j/src/main/java/org/apache/calcite/linq4j/tree/NewExpression.java,clean
linq4j/src/main/java/org/apache/calcite/linq4j/tree/Node.java,clean
linq4j/src/main/java/org/apache/calcite/linq4j/tree/ParameterExpression.java,clean
linq4j/src/main/java/org/apache/calcite/linq4j/tree/Shuttle.java,clean
linq4j/src/main/java/org/apache/calcite/linq4j/tree/SwitchStatement.java,clean
linq4j/src/main/java/org/apache/calcite/linq4j/tree/TernaryExpression.java,clean
linq4j/src/main/java/org/apache/calcite/linq4j/tree/ThrowStatement.java,clean
linq4j/src/main/java/org/apache/calcite/linq4j/tree/TryStatement.java,clean
linq4j/src/main/java/org/apache/calcite/linq4j/tree/TypeBinaryExpression.java,clean
linq4j/src/main/java/org/apache/calcite/linq4j/tree/UnaryExpression.java,clean
linq4j/src/main/java/org/apache/calcite/linq4j/tree/Visitor.java,clean
linq4j/src/main/java/org/apache/calcite/linq4j/tree/VisitorImpl.java,clean
linq4j/src/main/java/org/apache/calcite/linq4j/tree/WhileStatement.java,clean
core/src/main/java/org/apache/calcite/rel/core/Sort.java,clean
core/src/main/java/org/apache/calcite/tools/FrameworkConfig.java,clean
core/src/main/java/org/apache/calcite/rex/RexExecutable.java,clean
core/src/main/java/org/apache/calcite/config/CalciteConnectionConfig.java,clean
core/src/main/java/org/apache/calcite/config/CalciteConnectionConfigImpl.java,clean
core/src/main/java/org/apache/calcite/rel/rules/UnionPullUpConstantsRule.java,clean
core/src/main/java/org/apache/calcite/rel/rules/SortJoinTransposeRule.java,clean
core/src/main/java/org/apache/calcite/model/ModelHandler.java,clean
core/src/main/java/org/apache/calcite/prepare/CalcitePrepareImpl.java,clean
core/src/main/java/org/apache/calcite/runtime/GeoFunctions.java,clean
core/src/main/java/org/apache/calcite/sql/type/ExtraSqlTypes.java,clean
core/src/main/java/org/apache/calcite/sql/type/JavaToSqlTypeConversionRules.java,clean
core/src/main/java/org/apache/calcite/sql/validate/SqlAbstractConformance.java,clean
core/src/main/java/org/apache/calcite/sql/validate/SqlConformance.java,clean
core/src/main/java/org/apache/calcite/sql/validate/SqlConformanceEnum.java,clean
core/src/main/java/org/apache/calcite/sql/parser/SqlParser.java,clean
core/src/main/java/org/apache/calcite/sql/SqlAlter.java,clean
core/src/main/java/org/apache/calcite/sql/SqlSetOption.java,clean
core/src/main/java/org/apache/calcite/util/Bug.java,clean
core/src/main/java/org/apache/calcite/adapter/enumerable/EnumerableTableScan.java,clean
core/src/main/java/org/apache/calcite/adapter/enumerable/JavaRowFormat.java,clean
core/src/main/java/org/apache/calcite/adapter/enumerable/PhysTypeImpl.java,clean
core/src/main/java/org/apache/calcite/sql/validate/TableNamespace.java,clean
core/src/main/java/org/apache/calcite/jdbc/JavaTypeFactoryImpl.java,clean
core/src/main/java/org/apache/calcite/rex/RexBuilder.java,clean
core/src/main/java/org/apache/calcite/rex/RexLiteral.java,clean
core/src/main/java/org/apache/calcite/runtime/SqlFunctions.java,clean
core/src/main/java/org/apache/calcite/schema/Schemas.java,clean
core/src/main/java/org/apache/calcite/sql/SqlJdbcDataTypeName.java,clean
core/src/main/java/org/apache/calcite/sql2rel/StandardConvertletTable.java,buggy
core/src/main/java/org/apache/calcite/util/BuiltInMethod.java,clean
core/src/main/java/org/apache/calcite/util/DateTimeStringUtils.java,clean
core/src/main/java/org/apache/calcite/util/TimestampString.java,clean
core/src/main/java/org/apache/calcite/util/TimestampWithTimeZoneString.java,clean
core/src/main/java/org/apache/calcite/util/TimeWithTimeZoneString.java,clean
core/src/main/java/org/apache/calcite/adapter/enumerable/RexImpTable.java,buggy
core/src/main/java/org/apache/calcite/adapter/enumerable/RexToLixTranslator.java,clean
core/src/main/java/org/apache/calcite/rel/metadata/RelMdSize.java,clean
core/src/main/java/org/apache/calcite/rel/rules/SortProjectTransposeRule.java,clean
core/src/main/java/org/apache/calcite/rel/type/RelDataTypeSystemImpl.java,clean
core/src/main/java/org/apache/calcite/sql/type/SqlTypeAssignmentRules.java,clean
core/src/main/java/org/apache/calcite/sql/type/SqlTypeFamily.java,clean
core/src/main/java/org/apache/calcite/sql/type/SqlTypeName.java,clean
core/src/main/java/org/apache/calcite/materialize/MaterializationService.java,clean
core/src/main/java/org/apache/calcite/plan/RelOptMaterialization.java,clean
core/src/main/java/org/apache/calcite/plan/RelOptMaterializations.java,clean
core/src/main/java/org/apache/calcite/prepare/Prepare.java,clean
druid/src/main/java/org/apache/calcite/adapter/druid/DruidDateTimeUtils.java,clean
druid/src/main/java/org/apache/calcite/adapter/druid/DruidQuery.java,buggy
druid/src/main/java/org/apache/calcite/adapter/druid/DruidRules.java,buggy
druid/src/main/java/org/apache/calcite/adapter/druid/TimeExtractionDimensionSpec.java,clean
druid/src/main/java/org/apache/calcite/adapter/druid/TimeExtractionFunction.java,clean
core/src/main/java/org/apache/calcite/sql/fun/SqlTimestampAddFunction.java,clean
core/src/main/java/org/apache/calcite/sql/fun/SqlTimestampDiffFunction.java,clean
core/src/main/java/org/apache/calcite/plan/hep/HepPlanner.java,buggy
druid/src/main/java/org/apache/calcite/adapter/druid/LocalInterval.java,clean
core/src/main/java/org/apache/calcite/rel/metadata/DefaultRelMetadataProvider.java,clean
core/src/main/java/org/apache/calcite/sql/type/ArraySqlType.java,clean
core/src/main/java/org/apache/calcite/sql/type/MultisetSqlType.java,clean
druid/src/main/java/org/apache/calcite/adapter/druid/ExtractionDimensionSpec.java,clean
core/src/main/java/org/apache/calcite/util/Util.java,clean
core/src/main/java/org/apache/calcite/sql/fun/SqlLiteralChainOperator.java,clean
core/src/main/java/org/apache/calcite/sql/type/SqlTypeUtil.java,buggy
cassandra/src/main/java/org/apache/calcite/adapter/cassandra/CassandraSort.java,clean
splunk/src/main/java/org/apache/calcite/adapter/splunk/SplunkPushDownRule.java,clean
core/src/main/java/org/apache/calcite/rex/RexSimplify.java,buggy
core/src/main/java/org/apache/calcite/adapter/enumerable/ReflectiveCallNotNullImplementor.java,clean
core/src/main/java/org/apache/calcite/sql/validate/SqlUserDefinedAggFunction.java,clean
core/src/main/java/org/apache/calcite/sql/SqlIntervalQualifier.java,buggy
core/src/main/java/org/apache/calcite/sql/SqlMatchRecognize.java,clean
core/src/main/java/org/apache/calcite/rel/core/Match.java,clean
core/src/main/java/org/apache/calcite/rel/logical/LogicalMatch.java,clean
core/src/main/java/org/apache/calcite/rel/rel2sql/RelToSqlConverter.java,buggy
linq4j/src/main/java/org/apache/calcite/linq4j/tree/BlockBuilder.java,clean
linq4j/src/main/java/org/apache/calcite/linq4j/tree/DeterministicCodeOptimizer.java,clean
file/src/main/java/org/apache/calcite/adapter/file/FileFieldType.java,clean
file/src/main/java/org/apache/calcite/adapter/file/FileReaderException.java,clean
file/src/main/java/org/apache/calcite/adapter/file/FileTableScan.java,clean
core/src/main/java/org/apache/calcite/adapter/elasticsearch/AbstractElasticsearchTable.java,clean
core/src/main/java/org/apache/calcite/adapter/elasticsearch/ElasticsearchFilter.java,buggy
core/src/main/java/org/apache/calcite/adapter/elasticsearch/ElasticsearchMethod.java,clean
core/src/main/java/org/apache/calcite/adapter/elasticsearch/ElasticsearchProject.java,clean
core/src/main/java/org/apache/calcite/adapter/elasticsearch/ElasticsearchRel.java,clean
core/src/main/java/org/apache/calcite/adapter/elasticsearch/ElasticsearchRules.java,clean
core/src/main/java/org/apache/calcite/adapter/elasticsearch/ElasticsearchSchema.java,clean
core/src/main/java/org/apache/calcite/adapter/elasticsearch/ElasticsearchSort.java,clean
core/src/main/java/org/apache/calcite/adapter/elasticsearch/ElasticsearchTableScan.java,clean
core/src/main/java/org/apache/calcite/adapter/elasticsearch/ElasticsearchToEnumerableConverter.java,clean
core/src/main/java/org/apache/calcite/adapter/elasticsearch/ElasticsearchToEnumerableConverterRule.java,clean
core/src/main/java/org/apache/calcite/adapter/elasticsearch/MapProjectionFieldVisitor.java,clean
elasticsearch2/src/main/java/org/apache/calcite/adapter/elasticsearch2/Elasticsearch2Enumerator.java,clean
elasticsearch2/src/main/java/org/apache/calcite/adapter/elasticsearch2/Elasticsearch2Schema.java,clean
elasticsearch2/src/main/java/org/apache/calcite/adapter/elasticsearch2/Elasticsearch2SchemaFactory.java,clean
elasticsearch2/src/main/java/org/apache/calcite/adapter/elasticsearch2/Elasticsearch2Table.java,clean
elasticsearch5/src/main/java/org/apache/calcite/adapter/elasticsearch5/Elasticsearch5Enumerator.java,clean
elasticsearch5/src/main/java/org/apache/calcite/adapter/elasticsearch5/Elasticsearch5Schema.java,clean
elasticsearch5/src/main/java/org/apache/calcite/adapter/elasticsearch5/Elasticsearch5SchemaFactory.java,clean
elasticsearch5/src/main/java/org/apache/calcite/adapter/elasticsearch5/Elasticsearch5Table.java,clean
core/src/main/java/org/apache/calcite/rex/RexCall.java,clean
core/src/main/java/org/apache/calcite/rel/RelNode.java,clean
core/src/main/java/org/apache/calcite/rex/RexChecker.java,clean
core/src/main/java/org/apache/calcite/rel/core/Calc.java,clean
core/src/main/java/org/apache/calcite/rel/core/Filter.java,clean
core/src/main/java/org/apache/calcite/rel/logical/LogicalCorrelate.java,clean
core/src/main/java/org/apache/calcite/sql/type/SameOperandTypeChecker.java,clean
core/src/main/java/org/apache/calcite/sql/type/SqlTypeFactoryImpl.java,clean
core/src/main/java/org/apache/calcite/rel/AbstractRelNode.java,buggy
core/src/main/java/org/apache/calcite/sql/SqlCallBinding.java,clean
core/src/main/java/org/apache/calcite/sql/SqlFilterOperator.java,clean
core/src/main/java/org/apache/calcite/sql/SqlIntervalLiteral.java,buggy
core/src/main/java/org/apache/calcite/sql/SqlOverOperator.java,clean
core/src/main/java/org/apache/calcite/rel/core/TableScan.java,clean
core/src/main/java/org/apache/calcite/schema/impl/TableFunctionImpl.java,clean
core/src/main/java/org/apache/calcite/schema/impl/TableMacroImpl.java,clean
core/src/main/java/org/apache/calcite/sql/fun/SqlCaseOperator.java,clean
core/src/main/java/org/apache/calcite/sql/fun/SqlCastFunction.java,clean
core/src/main/java/org/apache/calcite/sql/fun/SqlCountAggFunction.java,clean
core/src/main/java/org/apache/calcite/sql/fun/SqlFirstLastValueAggFunction.java,clean
core/src/main/java/org/apache/calcite/sql/fun/SqlHistogramAggFunction.java,clean
core/src/main/java/org/apache/calcite/sql/fun/SqlMinMaxAggFunction.java,clean
core/src/main/java/org/apache/calcite/sql/fun/SqlSingleValueAggFunction.java,clean
core/src/main/java/org/apache/calcite/sql/fun/SqlSumAggFunction.java,clean
core/src/main/java/org/apache/calcite/sql/fun/SqlSumEmptyIsZeroAggFunction.java,buggy
core/src/main/java/org/apache/calcite/sql/validate/AbstractNamespace.java,clean
core/src/main/java/org/apache/calcite/sql/validate/JoinScope.java,clean
core/src/main/java/org/apache/calcite/sql/validate/ScopeChild.java,clean
core/src/main/java/org/apache/calcite/sql/validate/TableScope.java,clean
core/src/main/java/org/apache/calcite/rel/rules/PruneEmptyRules.java,clean
core/src/main/java/org/apache/calcite/adapter/enumerable/EnumerableIntersect.java,clean
core/src/main/java/org/apache/calcite/adapter/enumerable/EnumerableMinus.java,clean
core/src/main/java/org/apache/calcite/adapter/enumerable/EnumerableUnion.java,buggy
core/src/main/java/org/apache/calcite/rel/externalize/RelJson.java,clean
core/src/main/java/org/apache/calcite/sql/validate/ListScope.java,clean
core/src/main/java/org/apache/calcite/sql/SqlCall.java,clean
core/src/main/java/org/apache/calcite/sql/dialect/HsqldbHandler.java,clean
core/src/main/java/org/apache/calcite/sql/dialect/MysqlHandler.java,clean
core/src/main/java/org/apache/calcite/sql/dialect/OracleHandler.java,clean
core/src/main/java/org/apache/calcite/sql/dialect/PostgresqlHandler.java,clean
core/src/main/java/org/apache/calcite/sql/fun/OracleSqlOperatorTable.java,clean
core/src/main/java/org/apache/calcite/sql/fun/SqlFloorFunction.java,clean
core/src/main/java/org/apache/calcite/rex/RexProgram.java,clean
core/src/main/java/org/apache/calcite/adapter/enumerable/EnumerableCalc.java,clean
core/src/main/java/org/apache/calcite/sql/type/IntervalSqlType.java,clean
core/src/main/java/org/apache/calcite/sql/type/MatchReturnTypeInference.java,clean
linq4j/src/main/java/org/apache/calcite/linq4j/tree/ExpressionType.java,clean
core/src/main/java/org/apache/calcite/plan/RelOptAbstractTable.java,clean
core/src/main/java/org/apache/calcite/plan/RelOptTable.java,clean
core/src/main/java/org/apache/calcite/rel/RelReferentialConstraint.java,clean
core/src/main/java/org/apache/calcite/rel/RelReferentialConstraintImpl.java,clean
core/src/main/java/org/apache/calcite/schema/Statistic.java,clean
core/src/main/java/org/apache/calcite/schema/Statistics.java,clean
pig/src/main/java/org/apache/calcite/adapter/pig/PigFilter.java,clean
core/src/main/java/org/apache/calcite/util/CancelFlag.java,clean
core/src/main/java/org/apache/calcite/rel/rules/AggregateValuesRule.java,clean
core/src/main/java/org/apache/calcite/rex/RexSubQuery.java,clean
core/src/main/java/org/apache/calcite/sql/util/ListSqlOperatorTable.java,clean
core/src/main/java/org/apache/calcite/sql/validate/SqlUserDefinedFunction.java,clean
core/src/main/java/org/apache/calcite/rel/rules/SubQueryRemoveRule.java,buggy
core/src/main/java/org/apache/calcite/sql/validate/SqlUserDefinedTableFunction.java,clean
core/src/main/java/org/apache/calcite/sql/fun/SqlInOperator.java,clean
core/src/main/java/org/apache/calcite/sql/fun/SqlQuantifyOperator.java,clean
core/src/main/java/org/apache/calcite/sql/SqlSelect.java,clean
core/src/main/java/org/apache/calcite/sql/SqlWindow.java,clean
core/src/main/java/org/apache/calcite/util/Compatible.java,clean
core/src/main/java/org/apache/calcite/model/JsonColumn.java,clean
core/src/main/java/org/apache/calcite/rel/type/RelDataTypeFactory.java,clean
core/src/main/java/org/apache/calcite/runtime/PredicateImpl.java,clean
core/src/main/java/org/apache/calcite/plan/volcano/VolcanoRuleMatch.java,clean
core/src/main/java/org/apache/calcite/rel/type/RelDataTypePrecedenceList.java,clean
core/src/main/java/org/apache/calcite/rel/core/Values.java,clean
core/src/main/java/org/apache/calcite/rel/rules/FilterTableScanRule.java,clean
core/src/main/java/org/apache/calcite/rel/rules/ProjectRemoveRule.java,clean
core/src/main/java/org/apache/calcite/rel/rules/ProjectTableScanRule.java,clean
core/src/main/java/org/apache/calcite/schema/ExtensibleTable.java,clean
core/src/main/java/org/apache/calcite/rel/type/RelDataTypeField.java,clean
core/src/main/java/org/apache/calcite/sql/validate/DelegatingSqlValidatorCatalogReader.java,clean
core/src/main/java/org/apache/calcite/prepare/LixToRelTranslator.java,clean
core/src/main/java/org/apache/calcite/schema/impl/MaterializedViewTable.java,clean
core/src/main/java/org/apache/calcite/runtime/RandomFunction.java,clean
core/src/main/java/org/apache/calcite/sql/fun/SqlRandFunction.java,clean
core/src/main/java/org/apache/calcite/sql/fun/SqlRandIntegerFunction.java,clean
core/src/main/java/org/apache/calcite/sql/fun/SqlMultisetValueConstructor.java,clean
pig/src/main/java/org/apache/calcite/adapter/pig/PigAggFunction.java,clean
pig/src/main/java/org/apache/calcite/adapter/pig/PigDataType.java,clean
pig/src/main/java/org/apache/calcite/adapter/pig/PigJoin.java,clean
pig/src/main/java/org/apache/calcite/adapter/pig/PigProject.java,clean
pig/src/main/java/org/apache/calcite/adapter/pig/PigRel.java,clean
pig/src/main/java/org/apache/calcite/adapter/pig/PigRelFactories.java,clean
pig/src/main/java/org/apache/calcite/adapter/pig/PigRules.java,clean
pig/src/main/java/org/apache/calcite/adapter/pig/PigSchema.java,clean
pig/src/main/java/org/apache/calcite/adapter/pig/PigSchemaFactory.java,clean
pig/src/main/java/org/apache/calcite/adapter/pig/PigTable.java,clean
pig/src/main/java/org/apache/calcite/adapter/pig/PigTableFactory.java,clean
pig/src/main/java/org/apache/calcite/adapter/pig/PigTableScan.java,clean
pig/src/main/java/org/apache/calcite/adapter/pig/PigToEnumerableConverter.java,clean
pig/src/main/java/org/apache/calcite/adapter/pig/PigToEnumerableConverterRule.java,clean
core/src/main/java/org/apache/calcite/sql/SqlOperator.java,clean
core/src/main/java/org/apache/calcite/interpreter/SortNode.java,buggy
core/src/main/java/org/apache/calcite/plan/RelOptCluster.java,clean
core/src/main/java/org/apache/calcite/plan/RelOptRuleCall.java,clean
core/src/main/java/org/apache/calcite/plan/Strong.java,clean
core/src/main/java/org/apache/calcite/rex/RexToSqlNodeConverterImpl.java,clean
core/src/main/java/org/apache/calcite/sql/SqlAbstractDateTimeLiteral.java,clean
core/src/main/java/org/apache/calcite/sql/SqlDateLiteral.java,clean
core/src/main/java/org/apache/calcite/sql/SqlLiteral.java,clean
core/src/main/java/org/apache/calcite/sql/SqlTimeLiteral.java,clean
core/src/main/java/org/apache/calcite/sql/SqlTimestampLiteral.java,clean
core/src/main/java/org/apache/calcite/sql2rel/SqlNodeToRexConverterImpl.java,clean
core/src/main/java/org/apache/calcite/plan/RelOptUtil.java,buggy
core/src/main/java/org/apache/calcite/plan/SubstitutionVisitor.java,clean
core/src/main/java/org/apache/calcite/adapter/enumerable/PhysType.java,clean
core/src/main/java/org/apache/calcite/util/DateString.java,buggy
core/src/main/java/org/apache/calcite/util/TimeString.java,buggy
core/src/main/java/org/apache/calcite/runtime/CalciteResource.java,clean
core/src/main/java/org/apache/calcite/plan/hep/HepRuleCall.java,clean
core/src/main/java/org/apache/calcite/plan/volcano/RelSet.java,clean
core/src/main/java/org/apache/calcite/plan/volcano/RelSubset.java,clean
core/src/main/java/org/apache/calcite/plan/volcano/RuleQueue.java,clean
core/src/main/java/org/apache/calcite/plan/volcano/VolcanoRuleCall.java,clean
core/src/main/java/org/apache/calcite/sql/SqlAggFunction.java,clean
core/src/main/java/org/apache/calcite/rel/core/Union.java,clean
core/src/main/java/org/apache/calcite/rel/externalize/RelWriterImpl.java,clean
core/src/main/java/org/apache/calcite/sql2rel/RelDecorrelator.java,clean
core/src/main/java/org/apache/calcite/sql2rel/RelFieldTrimmer.java,clean
core/src/main/java/org/apache/calcite/sql2rel/SqlToRelConverter.java,buggy
core/src/main/java/org/apache/calcite/tools/RelBuilder.java,buggy
core/src/main/java/org/apache/calcite/rel/metadata/RelMdCollation.java,buggy
core/src/main/java/org/apache/calcite/rel/metadata/RelMdColumnUniqueness.java,buggy
core/src/main/java/org/apache/calcite/rel/metadata/RelMdUtil.java,clean
core/src/main/java/org/apache/calcite/rel/rules/LoptMultiJoin.java,clean
core/src/main/java/org/apache/calcite/rel/rules/LoptOptimizeJoinRule.java,clean
core/src/main/java/org/apache/calcite/rel/rules/LoptSemiJoinOptimizer.java,clean
core/src/main/java/org/apache/calcite/adapter/enumerable/AggContext.java,clean
core/src/main/java/org/apache/calcite/adapter/enumerable/AggResultContext.java,clean
core/src/main/java/org/apache/calcite/adapter/enumerable/EnumerableAggregate.java,clean
core/src/main/java/org/apache/calcite/adapter/enumerable/EnumerableWindow.java,buggy
core/src/main/java/org/apache/calcite/plan/volcano/VolcanoPlanner.java,clean
core/src/main/java/org/apache/calcite/rel/core/Aggregate.java,clean
core/src/main/java/org/apache/calcite/rel/core/RelFactories.java,clean
core/src/main/java/org/apache/calcite/rel/logical/LogicalAggregate.java,clean
core/src/main/java/org/apache/calcite/sql/parser/SqlParserUtil.java,clean
core/src/main/java/org/apache/calcite/rel/mutable/MutableAggregate.java,clean
core/src/main/java/org/apache/calcite/rel/mutable/MutableRels.java,clean
core/src/main/java/org/apache/calcite/rel/rules/AbstractMaterializedViewRule.java,buggy
core/src/main/java/org/apache/calcite/rel/rules/AggregateExpandDistinctAggregatesRule.java,buggy
core/src/main/java/org/apache/calcite/rel/rules/AggregateFilterTransposeRule.java,buggy
core/src/main/java/org/apache/calcite/rel/rules/AggregateJoinTransposeRule.java,buggy
core/src/main/java/org/apache/calcite/rel/rules/AggregateProjectMergeRule.java,buggy
core/src/main/java/org/apache/calcite/rel/rules/AggregateProjectPullUpConstantsRule.java,clean
core/src/main/java/org/apache/calcite/rel/rules/AggregateReduceFunctionsRule.java,clean
core/src/main/java/org/apache/calcite/rel/rules/AggregateUnionAggregateRule.java,clean
core/src/main/java/org/apache/calcite/rel/rules/AggregateUnionTransposeRule.java,clean
core/src/main/java/org/apache/calcite/rel/rules/FilterAggregateTransposeRule.java,buggy
core/src/main/java/org/apache/calcite/rel/rules/IntersectToDistinctRule.java,clean
core/src/main/java/org/apache/calcite/rel/stream/StreamRules.java,clean
core/src/main/java/org/apache/calcite/sql/fun/SqlAbstractGroupFunction.java,clean
core/src/main/java/org/apache/calcite/sql/fun/SqlGroupIdFunction.java,clean
core/src/main/java/org/apache/calcite/sql/fun/SqlGroupingFunction.java,clean
core/src/main/java/org/apache/calcite/sql/fun/SqlStdOperatorTable.java,buggy
core/src/main/java/org/apache/calcite/sql/validate/AggFinder.java,buggy
core/src/main/java/org/apache/calcite/sql/validate/AggregatingSelectScope.java,clean
core/src/main/java/org/apache/calcite/sql/validate/DelegatingNamespace.java,clean
core/src/main/java/org/apache/calcite/sql/validate/IdentifierNamespace.java,clean
core/src/main/java/org/apache/calcite/sql/validate/SqlQualified.java,clean
core/src/main/java/org/apache/calcite/sql/validate/SqlValidatorImpl.java,buggy
core/src/main/java/org/apache/calcite/sql/validate/SqlValidatorNamespace.java,clean
core/src/main/java/org/apache/calcite/adapter/enumerable/impl/AggAddContextImpl.java,clean
core/src/main/java/org/apache/calcite/adapter/enumerable/impl/AggResetContextImpl.java,clean
core/src/main/java/org/apache/calcite/adapter/enumerable/impl/AggResultContextImpl.java,clean
core/src/main/java/org/apache/calcite/adapter/enumerable/impl/WinAggResultContextImpl.java,clean
core/src/main/java/org/apache/calcite/rel/RelRoot.java,clean
core/src/main/java/org/apache/calcite/sql/SqlSyntax.java,clean
core/src/main/java/org/apache/calcite/plan/Context.java,clean
core/src/main/java/org/apache/calcite/prepare/CalciteSqlValidator.java,clean
core/src/main/java/org/apache/calcite/schema/Wrapper.java,clean
core/src/main/java/org/apache/calcite/sql/advise/SqlAdvisorValidator.java,clean
core/src/main/java/org/apache/calcite/util/ImmutableBitSet.java,clean
core/src/main/java/org/apache/calcite/sql/fun/SqlGroupingIdFunction.java,clean
core/src/main/java/org/apache/calcite/sql/dialect/MssqlHandler.java,clean
core/src/main/java/org/apache/calcite/config/CalciteConnectionProperty.java,clean
core/src/main/java/org/apache/calcite/interpreter/Interpreter.java,clean
core/src/main/java/org/apache/calcite/materialize/TileSuggester.java,clean
core/src/main/java/org/apache/calcite/tools/Program.java,clean
core/src/main/java/org/apache/calcite/runtime/HttpUtils.java,clean
core/src/main/java/org/apache/calcite/sql/JoinType.java,clean
core/src/main/java/org/apache/calcite/sql/SemiJoinType.java,clean
core/src/main/java/org/apache/calcite/sql/SqlAccessType.java,clean
core/src/main/java/org/apache/calcite/sql/SqlCollation.java,clean
core/src/main/java/org/apache/calcite/util/ConversionUtil.java,clean
core/src/main/java/org/apache/calcite/util/NameMap.java,clean
core/src/main/java/org/apache/calcite/util/NameMultimap.java,clean
core/src/main/java/org/apache/calcite/util/NameSet.java,clean
core/src/main/java/org/apache/calcite/util/NlsString.java,clean
core/src/main/java/org/apache/calcite/util/Sources.java,clean
core/src/main/java/org/apache/calcite/util/Template.java,clean
core/src/main/java/org/apache/calcite/util/Unsafe.java,clean
core/src/main/java/org/apache/calcite/rel/rules/MaterializedViewFilterScanRule.java,clean
core/src/main/java/org/apache/calcite/rel/core/Correlate.java,clean
core/src/main/java/org/apache/calcite/rel/core/Join.java,clean
core/src/main/java/org/apache/calcite/rel/core/JoinRelType.java,clean
core/src/main/java/org/apache/calcite/rel/externalize/RelJsonReader.java,clean
core/src/main/java/org/apache/calcite/rel/rules/MultiJoinOptimizeBushyRule.java,clean
core/src/main/java/org/apache/calcite/sql/advise/SqlAdvisor.java,clean
core/src/main/java/org/apache/calcite/sql/advise/SqlSimpleParser.java,clean
core/src/main/java/org/apache/calcite/sql/util/ReflectiveSqlOperatorTable.java,clean
core/src/main/java/org/apache/calcite/util/javac/JaninoCompiler.java,clean
core/src/main/java/org/apache/calcite/util/trace/CalciteTimingTracer.java,clean
druid/src/main/java/org/apache/calcite/adapter/druid/Granularity.java,clean
file/src/main/java/org/apache/calcite/adapter/file/FileReader.java,clean
file/src/main/java/org/apache/calcite/adapter/file/FileRowConverter.java,clean
spark/src/main/java/org/apache/calcite/adapter/spark/SparkHandlerImpl.java,clean
spark/src/main/java/org/apache/calcite/adapter/spark/SparkRules.java,clean
splunk/src/main/java/org/apache/calcite/adapter/splunk/search/SplunkConnectionImpl.java,clean
core/src/main/java/org/apache/calcite/sql/SqlBasicCall.java,clean
core/src/main/java/org/apache/calcite/sql2rel/AuxiliaryConverter.java,clean
core/src/main/java/org/apache/calcite/sql/fun/SqlGroupFunction.java,clean
core/src/main/java/org/apache/calcite/sql/validate/AggChecker.java,clean
core/src/main/java/org/apache/calcite/plan/AbstractRelOptPlanner.java,clean
core/src/main/java/org/apache/calcite/plan/RelOptPlanner.java,clean
core/src/main/java/org/apache/calcite/rex/RexExecutor.java,clean
core/src/main/java/org/apache/calcite/rex/RexExecutorImpl.java,clean
core/src/main/java/org/apache/calcite/adapter/jdbc/JdbcImplementor.java,clean
core/src/main/java/org/apache/calcite/adapter/jdbc/JdbcTableScan.java,clean
core/src/main/java/org/apache/calcite/interpreter/BindableConvention.java,clean
core/src/main/java/org/apache/calcite/interpreter/InterpretableConvention.java,clean
core/src/main/java/org/apache/calcite/plan/Convention.java,clean
core/src/main/java/org/apache/calcite/plan/RelTraitDef.java,clean
core/src/main/java/org/apache/calcite/rel/RelCollationTraitDef.java,clean
core/src/main/java/org/apache/calcite/adapter/enumerable/EnumerableConvention.java,clean
core/src/main/java/org/apache/calcite/rel/core/SetOp.java,clean
core/src/main/java/org/apache/calcite/sql/validate/OrderByScope.java,clean
core/src/main/java/org/apache/calcite/sql/SqlCreate.java,clean
core/src/main/java/org/apache/calcite/sql/SqlDataTypeSpec.java,clean
core/src/main/java/org/apache/calcite/sql/SqlDrop.java,clean
core/src/main/java/org/apache/calcite/sql/SqlExecutableStatement.java,clean
core/src/main/java/org/apache/calcite/adapter/enumerable/EnumerableTableModify.java,clean
core/src/main/java/org/apache/calcite/sql/fun/SqlItemOperator.java,clean
core/src/main/java/org/apache/calcite/sql/parser/Span.java,clean
core/src/main/java/org/apache/calcite/sql/parser/SqlAbstractParserImpl.java,clean
core/src/main/java/org/apache/calcite/sql/parser/SqlParserPos.java,clean
core/src/main/java/org/apache/calcite/sql/SqlDialect.java,clean
core/src/main/java/org/apache/calcite/sql/validate/MatchRecognizeScope.java,buggy
linq4j/src/main/java/org/apache/calcite/linq4j/function/Experimental.java,clean
core/src/main/java/org/apache/calcite/rex/RexOver.java,clean
core/src/main/java/org/apache/calcite/rel/core/Window.java,clean
core/src/main/java/org/apache/calcite/rel/logical/LogicalWindow.java,clean
core/src/main/java/org/apache/calcite/rel/rules/ProjectWindowTransposeRule.java,clean
core/src/main/java/org/apache/calcite/sql/fun/SqlExtractFunction.java,clean
core/src/main/java/org/apache/calcite/rel/core/Project.java,buggy
core/src/main/java/org/apache/calcite/plan/MaterializedViewSubstitutionVisitor.java,clean
core/src/main/java/org/apache/calcite/DataContext.java,clean
core/src/main/java/org/apache/calcite/runtime/Hook.java,clean
core/src/main/java/org/apache/calcite/util/JsonBuilder.java,clean
core/src/main/java/org/apache/calcite/sql/SqlRankFunction.java,clean
plus/src/main/java/org/apache/calcite/adapter/os/Processes.java,clean
core/src/main/java/org/apache/calcite/materialize/Lattice.java,clean
core/src/main/java/org/apache/calcite/adapter/enumerable/EnumerableRel.java,clean
core/src/main/java/org/apache/calcite/rel/core/SemiJoin.java,clean
core/src/main/java/org/apache/calcite/rel/logical/LogicalProject.java,clean
core/src/main/java/org/apache/calcite/rel/rules/JoinProjectTransposeRule.java,clean
core/src/main/java/org/apache/calcite/rel/rules/SemiJoinProjectTransposeRule.java,clean
core/src/main/java/org/apache/calcite/sql/fun/SqlBaseContextVariable.java,clean
core/src/main/java/org/apache/calcite/sql/fun/SqlStringContextVariable.java,clean
core/src/main/java/org/apache/calcite/sql/fun/SqlPositionFunction.java,clean
core/src/main/java/org/apache/calcite/sql/type/SameOperandTypeExceptLastOperandChecker.java,clean
core/src/main/java/org/apache/calcite/util/CompositeList.java,clean
core/src/main/java/org/apache/calcite/interpreter/AggregateNode.java,clean
core/src/main/java/org/apache/calcite/rex/RexTableInputRef.java,clean
core/src/main/java/org/apache/calcite/rel/metadata/RelMdAllPredicates.java,buggy
core/src/main/java/org/apache/calcite/sql2rel/SubQueryConverter.java,clean
core/src/main/java/org/apache/calcite/schema/CustomColumnResolvingTable.java,clean
druid/src/main/java/org/apache/calcite/adapter/druid/DefaultDimensionSpec.java,clean
druid/src/main/java/org/apache/calcite/adapter/druid/DimensionSpec.java,clean
druid/src/main/java/org/apache/calcite/adapter/druid/ExtractionFunction.java,clean
core/src/main/java/org/apache/calcite/rel/rules/FilterProjectTransposeRule.java,clean
core/src/main/java/org/apache/calcite/rel/rules/ReduceExpressionsRule.java,clean
core/src/main/java/org/apache/calcite/prepare/CalciteMaterializer.java,clean
core/src/main/java/org/apache/calcite/rel/RelHomogeneousShuttle.java,clean
core/src/main/java/org/apache/calcite/rel/RelShuttle.java,clean
core/src/main/java/org/apache/calcite/rel/RelShuttleImpl.java,clean
core/src/main/java/org/apache/calcite/rex/RexPatternFieldRef.java,clean
core/src/main/java/org/apache/calcite/sql/SqlFunctionCategory.java,clean
core/src/main/java/org/apache/calcite/sql2rel/RelStructuredTypeFlattener.java,clean
core/src/main/java/org/apache/calcite/sql/validate/MatchRecognizeNamespace.java,clean
core/src/main/java/org/apache/calcite/sql/validate/SqlValidator.java,clean
core/src/main/java/org/apache/calcite/schema/impl/ReflectiveFunctionBase.java,clean
plus/src/main/java/org/apache/calcite/adapter/os/SqlShell.java,clean
core/src/main/java/org/apache/calcite/jdbc/CalciteMetaImpl.java,clean
core/src/main/java/org/apache/calcite/jdbc/CalcitePrepare.java,clean
core/src/main/java/org/apache/calcite/plan/ConventionTraitDef.java,clean
core/src/main/java/org/apache/calcite/plan/RelCompositeTrait.java,clean
core/src/main/java/org/apache/calcite/plan/RexImplicationChecker.java,clean
core/src/main/java/org/apache/calcite/rex/RexWindowBound.java,clean
core/src/main/java/org/apache/calcite/rex/RexSqlStandardConvertletTable.java,clean
core/src/main/java/org/apache/calcite/runtime/FlatLists.java,buggy
core/src/main/java/org/apache/calcite/runtime/ResultSetEnumerable.java,clean
core/src/main/java/org/apache/calcite/sql/SqlDescribeSchema.java,clean
core/src/main/java/org/apache/calcite/sql/SqlDescribeTable.java,clean
core/src/main/java/org/apache/calcite/sql/SqlSplittableAggFunction.java,buggy
core/src/main/java/org/apache/calcite/sql/SqlUtil.java,clean
core/src/main/java/org/apache/calcite/tools/Frameworks.java,clean
core/src/main/java/org/apache/calcite/util/CompatibleGuava11.java,clean
core/src/main/java/org/apache/calcite/util/ImmutableIntList.java,clean
core/src/main/java/org/apache/calcite/util/ImmutableNullableList.java,clean
core/src/main/java/org/apache/calcite/util/ReflectUtil.java,clean
core/src/main/java/org/apache/calcite/adapter/clone/ArrayTable.java,clean
core/src/main/java/org/apache/calcite/adapter/enumerable/EnumerableRelImplementor.java,buggy
core/src/main/java/org/apache/calcite/adapter/java/ReflectiveSchema.java,clean
core/src/main/java/org/apache/calcite/adapter/jdbc/JdbcTable.java,clean
core/src/main/java/org/apache/calcite/plan/hep/HepInstruction.java,clean
core/src/main/java/org/apache/calcite/rel/metadata/JaninoRelMetadataProvider.java,buggy
core/src/main/java/org/apache/calcite/rel/metadata/ReflectiveRelMetadataProvider.java,clean
core/src/main/java/org/apache/calcite/rel/metadata/RelMetadataProvider.java,clean
core/src/main/java/org/apache/calcite/rel/rules/ProjectToWindowRule.java,clean
core/src/main/java/org/apache/calcite/sql/fun/SqlDatetimeSubtractionOperator.java,buggy
core/src/main/java/org/apache/calcite/sql/type/OperandTypes.java,clean
core/src/main/java/org/apache/calcite/sql/util/SqlBasicVisitor.java,clean
core/src/main/java/org/apache/calcite/sql/validate/SqlValidatorUtil.java,buggy
core/src/main/java/org/apache/calcite/util/trace/CalciteTrace.java,clean
cassandra/src/main/java/org/apache/calcite/adapter/cassandra/CassandraLimit.java,clean
cassandra/src/main/java/org/apache/calcite/adapter/cassandra/CassandraRules.java,clean
cassandra/src/main/java/org/apache/calcite/adapter/cassandra/CassandraTable.java,clean
druid/src/main/java/org/apache/calcite/adapter/druid/DruidConnectionImpl.java,clean
mongodb/src/main/java/org/apache/calcite/adapter/mongodb/MongoRules.java,clean
mongodb/src/main/java/org/apache/calcite/adapter/mongodb/MongoTable.java,clean
plus/src/main/java/org/apache/calcite/adapter/os/PsTableFunction.java,clean
plus/src/main/java/org/apache/calcite/adapter/os/VmstatTableFunction.java,clean
plus/src/main/java/org/apache/calcite/adapter/tpcds/TpcdsSchema.java,clean
plus/src/main/java/org/apache/calcite/adapter/tpch/TpchSchema.java,clean
spark/src/main/java/org/apache/calcite/adapter/spark/SparkRuntime.java,clean
splunk/src/main/java/org/apache/calcite/adapter/splunk/SplunkTable.java,clean
linq4j/src/main/java/org/apache/calcite/linq4j/EnumerableDefaults.java,clean
linq4j/src/main/java/org/apache/calcite/linq4j/Linq4j.java,clean
linq4j/src/main/java/org/apache/calcite/linq4j/Ord.java,clean
linq4j/src/main/java/org/apache/calcite/linq4j/QueryableDefaults.java,clean
linq4j/src/main/java/org/apache/calcite/linq4j/QueryProviderImpl.java,clean
linq4j/src/main/java/org/apache/calcite/linq4j/function/Functions.java,clean
linq4j/src/main/java/org/apache/calcite/linq4j/tree/ClassDeclarationFinder.java,clean
linq4j/src/main/java/org/apache/calcite/linq4j/tree/Expressions.java,clean
linq4j/src/main/java/org/apache/calcite/linq4j/tree/FunctionExpression.java,clean
linq4j/src/main/java/org/apache/calcite/linq4j/tree/OptimizeShuttle.java,clean
ubenchmark/src/main/java/org/apache/calcite/benchmarks/StatementTest.java,clean
core/src/main/java/org/apache/calcite/sql/SqlKind.java,clean
core/src/main/java/org/apache/calcite/rel/rel2sql/SqlImplementor.java,buggy
core/src/main/java/org/apache/calcite/rel/type/RelDataTypeSystem.java,clean
core/src/main/java/org/apache/calcite/sql/fun/SqlAvgAggFunction.java,clean
core/src/main/java/org/apache/calcite/sql/type/ReturnTypes.java,clean
core/src/main/java/org/apache/calcite/plan/VisitorDataContext.java,clean
core/src/main/java/org/apache/calcite/rel/metadata/RelMdPredicates.java,buggy
core/src/main/java/org/apache/calcite/tools/Programs.java,clean
core/src/main/java/org/apache/calcite/rel/rules/ProjectFilterTransposeRule.java,clean
core/src/main/java/org/apache/calcite/rel/rules/ProjectJoinTransposeRule.java,clean
core/src/main/java/org/apache/calcite/rel/rules/ProjectSetOpTransposeRule.java,clean
core/src/main/java/org/apache/calcite/rel/rules/PushProjector.java,clean
core/src/main/java/org/apache/calcite/rel/rules/SemiJoinRule.java,clean
